ISO-10303-21;
HEADER;
FILE_DESCRIPTION(('Open CASCADE Model'),'2;1');
FILE_NAME('Open CASCADE Shape Model','2026-10-10T15:53:53',('Author'),(
    'Open CASCADE'),'Open CASCADE STEP processor 7.9','Open CASCADE 7.9'
  ,'Unknown');
FILE_SCHEMA(('AUTOMOTIVE_DESIGN { 1 0 10303 214 1 1 1 1 }'));
ENDSEC;
DATA;
#1 = APPLICATION_PROTOCOL_DEFINITION('international standard',
  'automotive_design',2000,#2);
#2 = APPLICATION_CONTEXT(
  'core data for automotive mechanical design processes');
#3 = SHAPE_DEFINITION_REPRESENTATION(#4,#10);
#4 = PRODUCT_DEFINITION_SHAPE('','',#5);
#5 = PRODUCT_DEFINITION('design','',#6,#9);
#6 = PRODUCT_DEFINITION_FORMATION('','',#7);
#7 = PRODUCT('NoisyCricket_MkII_initial_enclosure',
  'NoisyCricket_MkII_initial_enclosure','',(#8));
#8 = PRODUCT_CONTEXT('',#2,'mechanical');
#9 = PRODUCT_DEFINITION_CONTEXT('part definition',#2,'design');
#10 = SHAPE_REPRESENTATION('',(#11,#15,#19,#23),#27);
#11 = AXIS2_PLACEMENT_3D('',#12,#13,#14);
#12 = CARTESIAN_POINT('',(0.,0.,0.));
#13 = DIRECTION('',(0.,0.,1.));
#14 = DIRECTION('',(1.,0.,-0.));
#15 = AXIS2_PLACEMENT_3D('',#16,#17,#18);
#16 = CARTESIAN_POINT('',(0.,0.,0.));
#17 = DIRECTION('',(0.,0.,1.));
#18 = DIRECTION('',(1.,0.,-0.));
#19 = AXIS2_PLACEMENT_3D('',#20,#21,#22);
#20 = CARTESIAN_POINT('',(0.,0.,0.));
#21 = DIRECTION('',(0.,0.,1.));
#22 = DIRECTION('',(1.,0.,-0.));
#23 = AXIS2_PLACEMENT_3D('',#24,#25,#26);
#24 = CARTESIAN_POINT('',(0.,0.,0.));
#25 = DIRECTION('',(0.,0.,1.));
#26 = DIRECTION('',(1.,0.,-0.));
#27 = ( GEOMETRIC_REPRESENTATION_CONTEXT(3) 
GLOBAL_UNCERTAINTY_ASSIGNED_CONTEXT((#31)) GLOBAL_UNIT_ASSIGNED_CONTEXT(
(#28,#29,#30)) REPRESENTATION_CONTEXT('Context #1',
  '3D Context with UNIT and UNCERTAINTY') );
#28 = ( LENGTH_UNIT() NAMED_UNIT(*) SI_UNIT(.MILLI.,.METRE.) );
#29 = ( NAMED_UNIT(*) PLANE_ANGLE_UNIT() SI_UNIT($,.RADIAN.) );
#30 = ( NAMED_UNIT(*) SI_UNIT($,.STERADIAN.) SOLID_ANGLE_UNIT() );
#31 = UNCERTAINTY_MEASURE_WITH_UNIT(LENGTH_MEASURE(1.E-07),#28,
  'distance_accuracy_value','confusion accuracy');
#32 = PRODUCT_RELATED_PRODUCT_CATEGORY('part',$,(#7));
#33 = SHAPE_DEFINITION_REPRESENTATION(#34,#40);
#34 = PRODUCT_DEFINITION_SHAPE('','',#35);
#35 = PRODUCT_DEFINITION('design','',#36,#39);
#36 = PRODUCT_DEFINITION_FORMATION('','',#37);
#37 = PRODUCT('shell','shell','',(#38));
#38 = PRODUCT_CONTEXT('',#2,'mechanical');
#39 = PRODUCT_DEFINITION_CONTEXT('part definition',#2,'design');
#40 = ADVANCED_BREP_SHAPE_REPRESENTATION('',(#11,#41),#5777);
#41 = MANIFOLD_SOLID_BREP('',#42);
#42 = CLOSED_SHELL('',(#43,#163,#345,#1648,#1783,#1810,#1817,#2076,#2295
    ,#2514,#2693,#2769,#2818,#2867,#2894,#2970,#3019,#3068,#3095,#3171,
    #3220,#3269,#3296,#3372,#3421,#3470,#3497,#3573,#3622,#3671,#3698,
    #3774,#3823,#3872,#3899,#3975,#4024,#4073,#4100,#4176,#4225,#4274,
    #4301,#4377,#4426,#4475,#4502,#4578,#4627,#4676,#4703,#4779,#4828,
    #4877,#4904,#4984,#5012,#5040,#5073,#5153,#5181,#5235,#5242,#5326,
    #5354,#5382,#5415,#5499,#5531,#5559,#5592,#5599,#5606,#5613,#5620,
    #5627,#5634,#5641,#5648,#5655,#5662,#5669,#5696,#5723,#5750));
#43 = ADVANCED_FACE('',(#44),#58,.F.);
#44 = FACE_BOUND('',#45,.F.);
#45 = EDGE_LOOP('',(#46,#81,#109,#137));
#46 = ORIENTED_EDGE('',*,*,#47,.F.);
#47 = EDGE_CURVE('',#48,#50,#52,.T.);
#48 = VERTEX_POINT('',#49);
#49 = CARTESIAN_POINT('',(0.,0.,0.));
#50 = VERTEX_POINT('',#51);
#51 = CARTESIAN_POINT('',(0.,0.,30.));
#52 = SURFACE_CURVE('',#53,(#57,#69),.PCURVE_S1.);
#53 = LINE('',#54,#55);
#54 = CARTESIAN_POINT('',(0.,0.,0.));
#55 = VECTOR('',#56,1.);
#56 = DIRECTION('',(0.,0.,1.));
#57 = PCURVE('',#58,#63);
#58 = PLANE('',#59);
#59 = AXIS2_PLACEMENT_3D('',#60,#61,#62);
#60 = CARTESIAN_POINT('',(0.,0.,0.));
#61 = DIRECTION('',(1.,0.,0.));
#62 = DIRECTION('',(0.,0.,1.));
#63 = DEFINITIONAL_REPRESENTATION('',(#64),#68);
#64 = LINE('',#65,#66);
#65 = CARTESIAN_POINT('',(0.,0.));
#66 = VECTOR('',#67,1.);
#67 = DIRECTION('',(1.,0.));
#68 = ( GEOMETRIC_REPRESENTATION_CONTEXT(2) 
PARAMETRIC_REPRESENTATION_CONTEXT() REPRESENTATION_CONTEXT('2D SPACE',''
  ) );
#69 = PCURVE('',#70,#75);
#70 = PLANE('',#71);
#71 = AXIS2_PLACEMENT_3D('',#72,#73,#74);
#72 = CARTESIAN_POINT('',(0.,0.,0.));
#73 = DIRECTION('',(0.,1.,0.));
#74 = DIRECTION('',(0.,0.,1.));
#75 = DEFINITIONAL_REPRESENTATION('',(#76),#80);
#76 = LINE('',#77,#78);
#77 = CARTESIAN_POINT('',(0.,0.));
#78 = VECTOR('',#79,1.);
#79 = DIRECTION('',(1.,0.));
#80 = ( GEOMETRIC_REPRESENTATION_CONTEXT(2) 
PARAMETRIC_REPRESENTATION_CONTEXT() REPRESENTATION_CONTEXT('2D SPACE',''
  ) );
#81 = ORIENTED_EDGE('',*,*,#82,.T.);
#82 = EDGE_CURVE('',#48,#83,#85,.T.);
#83 = VERTEX_POINT('',#84);
#84 = CARTESIAN_POINT('',(0.,80.,0.));
#85 = SURFACE_CURVE('',#86,(#90,#97),.PCURVE_S1.);
#86 = LINE('',#87,#88);
#87 = CARTESIAN_POINT('',(0.,0.,0.));
#88 = VECTOR('',#89,1.);
#89 = DIRECTION('',(0.,1.,0.));
#90 = PCURVE('',#58,#91);
#91 = DEFINITIONAL_REPRESENTATION('',(#92),#96);
#92 = LINE('',#93,#94);
#93 = CARTESIAN_POINT('',(0.,0.));
#94 = VECTOR('',#95,1.);
#95 = DIRECTION('',(0.,-1.));
#96 = ( GEOMETRIC_REPRESENTATION_CONTEXT(2) 
PARAMETRIC_REPRESENTATION_CONTEXT() REPRESENTATION_CONTEXT('2D SPACE',''
  ) );
#97 = PCURVE('',#98,#103);
#98 = PLANE('',#99);
#99 = AXIS2_PLACEMENT_3D('',#100,#101,#102);
#100 = CARTESIAN_POINT('',(0.,0.,0.));
#101 = DIRECTION('',(0.,0.,1.));
#102 = DIRECTION('',(1.,0.,0.));
#103 = DEFINITIONAL_REPRESENTATION('',(#104),#108);
#104 = LINE('',#105,#106);
#105 = CARTESIAN_POINT('',(0.,0.));
#106 = VECTOR('',#107,1.);
#107 = DIRECTION('',(0.,1.));
#108 = ( GEOMETRIC_REPRESENTATION_CONTEXT(2) 
PARAMETRIC_REPRESENTATION_CONTEXT() REPRESENTATION_CONTEXT('2D SPACE',''
  ) );
#109 = ORIENTED_EDGE('',*,*,#110,.T.);
#110 = EDGE_CURVE('',#83,#111,#113,.T.);
#111 = VERTEX_POINT('',#112);
#112 = CARTESIAN_POINT('',(0.,80.,30.));
#113 = SURFACE_CURVE('',#114,(#118,#125),.PCURVE_S1.);
#114 = LINE('',#115,#116);
#115 = CARTESIAN_POINT('',(0.,80.,0.));
#116 = VECTOR('',#117,1.);
#117 = DIRECTION('',(0.,0.,1.));
#118 = PCURVE('',#58,#119);
#119 = DEFINITIONAL_REPRESENTATION('',(#120),#124);
#120 = LINE('',#121,#122);
#121 = CARTESIAN_POINT('',(0.,-80.));
#122 = VECTOR('',#123,1.);
#123 = DIRECTION('',(1.,0.));
#124 = ( GEOMETRIC_REPRESENTATION_CONTEXT(2) 
PARAMETRIC_REPRESENTATION_CONTEXT() REPRESENTATION_CONTEXT('2D SPACE',''
  ) );
#125 = PCURVE('',#126,#131);
#126 = PLANE('',#127);
#127 = AXIS2_PLACEMENT_3D('',#128,#129,#130);
#128 = CARTESIAN_POINT('',(0.,80.,0.));
#129 = DIRECTION('',(0.,1.,0.));
#130 = DIRECTION('',(0.,0.,1.));
#131 = DEFINITIONAL_REPRESENTATION('',(#132),#136);
#132 = LINE('',#133,#134);
#133 = CARTESIAN_POINT('',(0.,0.));
#134 = VECTOR('',#135,1.);
#135 = DIRECTION('',(1.,0.));
#136 = ( GEOMETRIC_REPRESENTATION_CONTEXT(2) 
PARAMETRIC_REPRESENTATION_CONTEXT() REPRESENTATION_CONTEXT('2D SPACE',''
  ) );
#137 = ORIENTED_EDGE('',*,*,#138,.F.);
#138 = EDGE_CURVE('',#50,#111,#139,.T.);
#139 = SURFACE_CURVE('',#140,(#144,#151),.PCURVE_S1.);
#140 = LINE('',#141,#142);
#141 = CARTESIAN_POINT('',(0.,0.,30.));
#142 = VECTOR('',#143,1.);
#143 = DIRECTION('',(0.,1.,0.));
#144 = PCURVE('',#58,#145);
#145 = DEFINITIONAL_REPRESENTATION('',(#146),#150);
#146 = LINE('',#147,#148);
#147 = CARTESIAN_POINT('',(30.,0.));
#148 = VECTOR('',#149,1.);
#149 = DIRECTION('',(0.,-1.));
#150 = ( GEOMETRIC_REPRESENTATION_CONTEXT(2) 
PARAMETRIC_REPRESENTATION_CONTEXT() REPRESENTATION_CONTEXT('2D SPACE',''
  ) );
#151 = PCURVE('',#152,#157);
#152 = PLANE('',#153);
#153 = AXIS2_PLACEMENT_3D('',#154,#155,#156);
#154 = CARTESIAN_POINT('',(0.,0.,30.));
#155 = DIRECTION('',(0.,0.,1.));
#156 = DIRECTION('',(1.,0.,0.));
#157 = DEFINITIONAL_REPRESENTATION('',(#158),#162);
#158 = LINE('',#159,#160);
#159 = CARTESIAN_POINT('',(0.,0.));
#160 = VECTOR('',#161,1.);
#161 = DIRECTION('',(0.,1.));
#162 = ( GEOMETRIC_REPRESENTATION_CONTEXT(2) 
PARAMETRIC_REPRESENTATION_CONTEXT() REPRESENTATION_CONTEXT('2D SPACE',''
  ) );
#163 = ADVANCED_FACE('',(#164,#239),#70,.F.);
#164 = FACE_BOUND('',#165,.F.);
#165 = EDGE_LOOP('',(#166,#189,#190,#213));
#166 = ORIENTED_EDGE('',*,*,#167,.F.);
#167 = EDGE_CURVE('',#48,#168,#170,.T.);
#168 = VERTEX_POINT('',#169);
#169 = CARTESIAN_POINT('',(108.,0.,0.));
#170 = SURFACE_CURVE('',#171,(#175,#182),.PCURVE_S1.);
#171 = LINE('',#172,#173);
#172 = CARTESIAN_POINT('',(0.,0.,0.));
#173 = VECTOR('',#174,1.);
#174 = DIRECTION('',(1.,0.,0.));
#175 = PCURVE('',#70,#176);
#176 = DEFINITIONAL_REPRESENTATION('',(#177),#181);
#177 = LINE('',#178,#179);
#178 = CARTESIAN_POINT('',(0.,0.));
#179 = VECTOR('',#180,1.);
#180 = DIRECTION('',(0.,1.));
#181 = ( GEOMETRIC_REPRESENTATION_CONTEXT(2) 
PARAMETRIC_REPRESENTATION_CONTEXT() REPRESENTATION_CONTEXT('2D SPACE',''
  ) );
#182 = PCURVE('',#98,#183);
#183 = DEFINITIONAL_REPRESENTATION('',(#184),#188);
#184 = LINE('',#185,#186);
#185 = CARTESIAN_POINT('',(0.,0.));
#186 = VECTOR('',#187,1.);
#187 = DIRECTION('',(1.,0.));
#188 = ( GEOMETRIC_REPRESENTATION_CONTEXT(2) 
PARAMETRIC_REPRESENTATION_CONTEXT() REPRESENTATION_CONTEXT('2D SPACE',''
  ) );
#189 = ORIENTED_EDGE('',*,*,#47,.T.);
#190 = ORIENTED_EDGE('',*,*,#191,.T.);
#191 = EDGE_CURVE('',#50,#192,#194,.T.);
#192 = VERTEX_POINT('',#193);
#193 = CARTESIAN_POINT('',(108.,0.,30.));
#194 = SURFACE_CURVE('',#195,(#199,#206),.PCURVE_S1.);
#195 = LINE('',#196,#197);
#196 = CARTESIAN_POINT('',(0.,0.,30.));
#197 = VECTOR('',#198,1.);
#198 = DIRECTION('',(1.,0.,0.));
#199 = PCURVE('',#70,#200);
#200 = DEFINITIONAL_REPRESENTATION('',(#201),#205);
#201 = LINE('',#202,#203);
#202 = CARTESIAN_POINT('',(30.,0.));
#203 = VECTOR('',#204,1.);
#204 = DIRECTION('',(0.,1.));
#205 = ( GEOMETRIC_REPRESENTATION_CONTEXT(2) 
PARAMETRIC_REPRESENTATION_CONTEXT() REPRESENTATION_CONTEXT('2D SPACE',''
  ) );
#206 = PCURVE('',#152,#207);
#207 = DEFINITIONAL_REPRESENTATION('',(#208),#212);
#208 = LINE('',#209,#210);
#209 = CARTESIAN_POINT('',(0.,0.));
#210 = VECTOR('',#211,1.);
#211 = DIRECTION('',(1.,0.));
#212 = ( GEOMETRIC_REPRESENTATION_CONTEXT(2) 
PARAMETRIC_REPRESENTATION_CONTEXT() REPRESENTATION_CONTEXT('2D SPACE',''
  ) );
#213 = ORIENTED_EDGE('',*,*,#214,.F.);
#214 = EDGE_CURVE('',#168,#192,#215,.T.);
#215 = SURFACE_CURVE('',#216,(#220,#227),.PCURVE_S1.);
#216 = LINE('',#217,#218);
#217 = CARTESIAN_POINT('',(108.,0.,0.));
#218 = VECTOR('',#219,1.);
#219 = DIRECTION('',(0.,0.,1.));
#220 = PCURVE('',#70,#221);
#221 = DEFINITIONAL_REPRESENTATION('',(#222),#226);
#222 = LINE('',#223,#224);
#223 = CARTESIAN_POINT('',(0.,108.));
#224 = VECTOR('',#225,1.);
#225 = DIRECTION('',(1.,0.));
#226 = ( GEOMETRIC_REPRESENTATION_CONTEXT(2) 
PARAMETRIC_REPRESENTATION_CONTEXT() REPRESENTATION_CONTEXT('2D SPACE',''
  ) );
#227 = PCURVE('',#228,#233);
#228 = PLANE('',#229);
#229 = AXIS2_PLACEMENT_3D('',#230,#231,#232);
#230 = CARTESIAN_POINT('',(108.,0.,0.));
#231 = DIRECTION('',(1.,0.,0.));
#232 = DIRECTION('',(0.,0.,1.));
#233 = DEFINITIONAL_REPRESENTATION('',(#234),#238);
#234 = LINE('',#235,#236);
#235 = CARTESIAN_POINT('',(0.,0.));
#236 = VECTOR('',#237,1.);
#237 = DIRECTION('',(1.,0.));
#238 = ( GEOMETRIC_REPRESENTATION_CONTEXT(2) 
PARAMETRIC_REPRESENTATION_CONTEXT() REPRESENTATION_CONTEXT('2D SPACE',''
  ) );
#239 = FACE_BOUND('',#240,.F.);
#240 = EDGE_LOOP('',(#241,#269,#295,#321));
#241 = ORIENTED_EDGE('',*,*,#242,.F.);
#242 = EDGE_CURVE('',#243,#245,#247,.T.);
#243 = VERTEX_POINT('',#244);
#244 = CARTESIAN_POINT('',(2.5,0.,27.5));
#245 = VERTEX_POINT('',#246);
#246 = CARTESIAN_POINT('',(105.5,0.,27.5));
#247 = SURFACE_CURVE('',#248,(#252,#258),.PCURVE_S1.);
#248 = LINE('',#249,#250);
#249 = CARTESIAN_POINT('',(1.25,0.,27.5));
#250 = VECTOR('',#251,1.);
#251 = DIRECTION('',(1.,0.,0.));
#252 = PCURVE('',#70,#253);
#253 = DEFINITIONAL_REPRESENTATION('',(#254),#257);
#254 = B_SPLINE_CURVE_WITH_KNOTS('',1,(#255,#256),.UNSPECIFIED.,.F.,.F.,
  (2,2),(1.25,104.25),.PIECEWISE_BEZIER_KNOTS.);
#255 = CARTESIAN_POINT('',(27.5,2.5));
#256 = CARTESIAN_POINT('',(27.5,105.5));
#257 = ( GEOMETRIC_REPRESENTATION_CONTEXT(2) 
PARAMETRIC_REPRESENTATION_CONTEXT() REPRESENTATION_CONTEXT('2D SPACE',''
  ) );
#258 = PCURVE('',#259,#264);
#259 = PLANE('',#260);
#260 = AXIS2_PLACEMENT_3D('',#261,#262,#263);
#261 = CARTESIAN_POINT('',(2.5,-1.,27.5));
#262 = DIRECTION('',(0.,0.,1.));
#263 = DIRECTION('',(1.,0.,0.));
#264 = DEFINITIONAL_REPRESENTATION('',(#265),#268);
#265 = B_SPLINE_CURVE_WITH_KNOTS('',1,(#266,#267),.UNSPECIFIED.,.F.,.F.,
  (2,2),(1.25,104.25),.PIECEWISE_BEZIER_KNOTS.);
#266 = CARTESIAN_POINT('',(0.,1.));
#267 = CARTESIAN_POINT('',(103.,1.));
#268 = ( GEOMETRIC_REPRESENTATION_CONTEXT(2) 
PARAMETRIC_REPRESENTATION_CONTEXT() REPRESENTATION_CONTEXT('2D SPACE',''
  ) );
#269 = ORIENTED_EDGE('',*,*,#270,.T.);
#270 = EDGE_CURVE('',#243,#271,#273,.T.);
#271 = VERTEX_POINT('',#272);
#272 = CARTESIAN_POINT('',(2.5,0.,2.5));
#273 = SURFACE_CURVE('',#274,(#278,#284),.PCURVE_S1.);
#274 = LINE('',#275,#276);
#275 = CARTESIAN_POINT('',(2.5,0.,1.25));
#276 = VECTOR('',#277,1.);
#277 = DIRECTION('',(0.,0.,-1.));
#278 = PCURVE('',#70,#279);
#279 = DEFINITIONAL_REPRESENTATION('',(#280),#283);
#280 = B_SPLINE_CURVE_WITH_KNOTS('',1,(#281,#282),.UNSPECIFIED.,.F.,.F.,
  (2,2),(-26.25,-1.25),.PIECEWISE_BEZIER_KNOTS.);
#281 = CARTESIAN_POINT('',(27.5,2.5));
#282 = CARTESIAN_POINT('',(2.5,2.5));
#283 = ( GEOMETRIC_REPRESENTATION_CONTEXT(2) 
PARAMETRIC_REPRESENTATION_CONTEXT() REPRESENTATION_CONTEXT('2D SPACE',''
  ) );
#284 = PCURVE('',#285,#290);
#285 = PLANE('',#286);
#286 = AXIS2_PLACEMENT_3D('',#287,#288,#289);
#287 = CARTESIAN_POINT('',(2.5,-1.,2.5));
#288 = DIRECTION('',(1.,0.,0.));
#289 = DIRECTION('',(0.,0.,1.));
#290 = DEFINITIONAL_REPRESENTATION('',(#291),#294);
#291 = B_SPLINE_CURVE_WITH_KNOTS('',1,(#292,#293),.UNSPECIFIED.,.F.,.F.,
  (2,2),(-26.25,-1.25),.PIECEWISE_BEZIER_KNOTS.);
#292 = CARTESIAN_POINT('',(25.,-1.));
#293 = CARTESIAN_POINT('',(0.,-1.));
#294 = ( GEOMETRIC_REPRESENTATION_CONTEXT(2) 
PARAMETRIC_REPRESENTATION_CONTEXT() REPRESENTATION_CONTEXT('2D SPACE',''
  ) );
#295 = ORIENTED_EDGE('',*,*,#296,.T.);
#296 = EDGE_CURVE('',#271,#297,#299,.T.);
#297 = VERTEX_POINT('',#298);
#298 = CARTESIAN_POINT('',(105.5,0.,2.5));
#299 = SURFACE_CURVE('',#300,(#304,#310),.PCURVE_S1.);
#300 = LINE('',#301,#302);
#301 = CARTESIAN_POINT('',(1.25,0.,2.5));
#302 = VECTOR('',#303,1.);
#303 = DIRECTION('',(1.,0.,0.));
#304 = PCURVE('',#70,#305);
#305 = DEFINITIONAL_REPRESENTATION('',(#306),#309);
#306 = B_SPLINE_CURVE_WITH_KNOTS('',1,(#307,#308),.UNSPECIFIED.,.F.,.F.,
  (2,2),(1.25,104.25),.PIECEWISE_BEZIER_KNOTS.);
#307 = CARTESIAN_POINT('',(2.5,2.5));
#308 = CARTESIAN_POINT('',(2.5,105.5));
#309 = ( GEOMETRIC_REPRESENTATION_CONTEXT(2) 
PARAMETRIC_REPRESENTATION_CONTEXT() REPRESENTATION_CONTEXT('2D SPACE',''
  ) );
#310 = PCURVE('',#311,#316);
#311 = PLANE('',#312);
#312 = AXIS2_PLACEMENT_3D('',#313,#314,#315);
#313 = CARTESIAN_POINT('',(2.5,-1.,2.5));
#314 = DIRECTION('',(0.,0.,1.));
#315 = DIRECTION('',(1.,0.,0.));
#316 = DEFINITIONAL_REPRESENTATION('',(#317),#320);
#317 = B_SPLINE_CURVE_WITH_KNOTS('',1,(#318,#319),.UNSPECIFIED.,.F.,.F.,
  (2,2),(1.25,104.25),.PIECEWISE_BEZIER_KNOTS.);
#318 = CARTESIAN_POINT('',(0.,1.));
#319 = CARTESIAN_POINT('',(103.,1.));
#320 = ( GEOMETRIC_REPRESENTATION_CONTEXT(2) 
PARAMETRIC_REPRESENTATION_CONTEXT() REPRESENTATION_CONTEXT('2D SPACE',''
  ) );
#321 = ORIENTED_EDGE('',*,*,#322,.F.);
#322 = EDGE_CURVE('',#245,#297,#323,.T.);
#323 = SURFACE_CURVE('',#324,(#328,#334),.PCURVE_S1.);
#324 = LINE('',#325,#326);
#325 = CARTESIAN_POINT('',(105.5,0.,1.25));
#326 = VECTOR('',#327,1.);
#327 = DIRECTION('',(0.,0.,-1.));
#328 = PCURVE('',#70,#329);
#329 = DEFINITIONAL_REPRESENTATION('',(#330),#333);
#330 = B_SPLINE_CURVE_WITH_KNOTS('',1,(#331,#332),.UNSPECIFIED.,.F.,.F.,
  (2,2),(-26.25,-1.25),.PIECEWISE_BEZIER_KNOTS.);
#331 = CARTESIAN_POINT('',(27.5,105.5));
#332 = CARTESIAN_POINT('',(2.5,105.5));
#333 = ( GEOMETRIC_REPRESENTATION_CONTEXT(2) 
PARAMETRIC_REPRESENTATION_CONTEXT() REPRESENTATION_CONTEXT('2D SPACE',''
  ) );
#334 = PCURVE('',#335,#340);
#335 = PLANE('',#336);
#336 = AXIS2_PLACEMENT_3D('',#337,#338,#339);
#337 = CARTESIAN_POINT('',(105.5,-1.,2.5));
#338 = DIRECTION('',(1.,0.,0.));
#339 = DIRECTION('',(0.,0.,1.));
#340 = DEFINITIONAL_REPRESENTATION('',(#341),#344);
#341 = B_SPLINE_CURVE_WITH_KNOTS('',1,(#342,#343),.UNSPECIFIED.,.F.,.F.,
  (2,2),(-26.25,-1.25),.PIECEWISE_BEZIER_KNOTS.);
#342 = CARTESIAN_POINT('',(25.,-1.));
#343 = CARTESIAN_POINT('',(0.,-1.));
#344 = ( GEOMETRIC_REPRESENTATION_CONTEXT(2) 
PARAMETRIC_REPRESENTATION_CONTEXT() REPRESENTATION_CONTEXT('2D SPACE',''
  ) );
#345 = ADVANCED_FACE('',(#346,#394,#508,#622,#736,#850,#964,#1078,#1192,
    #1306,#1420,#1534),#152,.T.);
#346 = FACE_BOUND('',#347,.T.);
#347 = EDGE_LOOP('',(#348,#349,#350,#373));
#348 = ORIENTED_EDGE('',*,*,#138,.F.);
#349 = ORIENTED_EDGE('',*,*,#191,.T.);
#350 = ORIENTED_EDGE('',*,*,#351,.T.);
#351 = EDGE_CURVE('',#192,#352,#354,.T.);
#352 = VERTEX_POINT('',#353);
#353 = CARTESIAN_POINT('',(108.,80.,30.));
#354 = SURFACE_CURVE('',#355,(#359,#366),.PCURVE_S1.);
#355 = LINE('',#356,#357);
#356 = CARTESIAN_POINT('',(108.,0.,30.));
#357 = VECTOR('',#358,1.);
#358 = DIRECTION('',(0.,1.,0.));
#359 = PCURVE('',#152,#360);
#360 = DEFINITIONAL_REPRESENTATION('',(#361),#365);
#361 = LINE('',#362,#363);
#362 = CARTESIAN_POINT('',(108.,0.));
#363 = VECTOR('',#364,1.);
#364 = DIRECTION('',(0.,1.));
#365 = ( GEOMETRIC_REPRESENTATION_CONTEXT(2) 
PARAMETRIC_REPRESENTATION_CONTEXT() REPRESENTATION_CONTEXT('2D SPACE',''
  ) );
#366 = PCURVE('',#228,#367);
#367 = DEFINITIONAL_REPRESENTATION('',(#368),#372);
#368 = LINE('',#369,#370);
#369 = CARTESIAN_POINT('',(30.,0.));
#370 = VECTOR('',#371,1.);
#371 = DIRECTION('',(0.,-1.));
#372 = ( GEOMETRIC_REPRESENTATION_CONTEXT(2) 
PARAMETRIC_REPRESENTATION_CONTEXT() REPRESENTATION_CONTEXT('2D SPACE',''
  ) );
#373 = ORIENTED_EDGE('',*,*,#374,.F.);
#374 = EDGE_CURVE('',#111,#352,#375,.T.);
#375 = SURFACE_CURVE('',#376,(#380,#387),.PCURVE_S1.);
#376 = LINE('',#377,#378);
#377 = CARTESIAN_POINT('',(0.,80.,30.));
#378 = VECTOR('',#379,1.);
#379 = DIRECTION('',(1.,0.,0.));
#380 = PCURVE('',#152,#381);
#381 = DEFINITIONAL_REPRESENTATION('',(#382),#386);
#382 = LINE('',#383,#384);
#383 = CARTESIAN_POINT('',(0.,80.));
#384 = VECTOR('',#385,1.);
#385 = DIRECTION('',(1.,0.));
#386 = ( GEOMETRIC_REPRESENTATION_CONTEXT(2) 
PARAMETRIC_REPRESENTATION_CONTEXT() REPRESENTATION_CONTEXT('2D SPACE',''
  ) );
#387 = PCURVE('',#126,#388);
#388 = DEFINITIONAL_REPRESENTATION('',(#389),#393);
#389 = LINE('',#390,#391);
#390 = CARTESIAN_POINT('',(30.,0.));
#391 = VECTOR('',#392,1.);
#392 = DIRECTION('',(0.,1.));
#393 = ( GEOMETRIC_REPRESENTATION_CONTEXT(2) 
PARAMETRIC_REPRESENTATION_CONTEXT() REPRESENTATION_CONTEXT('2D SPACE',''
  ) );
#394 = FACE_BOUND('',#395,.T.);
#395 = EDGE_LOOP('',(#396,#426,#454,#482));
#396 = ORIENTED_EDGE('',*,*,#397,.T.);
#397 = EDGE_CURVE('',#398,#400,#402,.T.);
#398 = VERTEX_POINT('',#399);
#399 = CARTESIAN_POINT('',(14.5,4.5,30.));
#400 = VERTEX_POINT('',#401);
#401 = CARTESIAN_POINT('',(14.5,75.5,30.));
#402 = SURFACE_CURVE('',#403,(#407,#414),.PCURVE_S1.);
#403 = LINE('',#404,#405);
#404 = CARTESIAN_POINT('',(14.5,4.5,30.));
#405 = VECTOR('',#406,1.);
#406 = DIRECTION('',(0.,1.,0.));
#407 = PCURVE('',#152,#408);
#408 = DEFINITIONAL_REPRESENTATION('',(#409),#413);
#409 = LINE('',#410,#411);
#410 = CARTESIAN_POINT('',(14.5,4.5));
#411 = VECTOR('',#412,1.);
#412 = DIRECTION('',(0.,1.));
#413 = ( GEOMETRIC_REPRESENTATION_CONTEXT(2) 
PARAMETRIC_REPRESENTATION_CONTEXT() REPRESENTATION_CONTEXT('2D SPACE',''
  ) );
#414 = PCURVE('',#415,#420);
#415 = PLANE('',#416);
#416 = AXIS2_PLACEMENT_3D('',#417,#418,#419);
#417 = CARTESIAN_POINT('',(14.5,4.5,29.45));
#418 = DIRECTION('',(1.,0.,0.));
#419 = DIRECTION('',(0.,0.,1.));
#420 = DEFINITIONAL_REPRESENTATION('',(#421),#425);
#421 = LINE('',#422,#423);
#422 = CARTESIAN_POINT('',(0.55,0.));
#423 = VECTOR('',#424,1.);
#424 = DIRECTION('',(0.,-1.));
#425 = ( GEOMETRIC_REPRESENTATION_CONTEXT(2) 
PARAMETRIC_REPRESENTATION_CONTEXT() REPRESENTATION_CONTEXT('2D SPACE',''
  ) );
#426 = ORIENTED_EDGE('',*,*,#427,.T.);
#427 = EDGE_CURVE('',#400,#428,#430,.T.);
#428 = VERTEX_POINT('',#429);
#429 = CARTESIAN_POINT('',(15.5,75.5,30.));
#430 = SURFACE_CURVE('',#431,(#435,#442),.PCURVE_S1.);
#431 = LINE('',#432,#433);
#432 = CARTESIAN_POINT('',(14.5,75.5,30.));
#433 = VECTOR('',#434,1.);
#434 = DIRECTION('',(1.,0.,0.));
#435 = PCURVE('',#152,#436);
#436 = DEFINITIONAL_REPRESENTATION('',(#437),#441);
#437 = LINE('',#438,#439);
#438 = CARTESIAN_POINT('',(14.5,75.5));
#439 = VECTOR('',#440,1.);
#440 = DIRECTION('',(1.,0.));
#441 = ( GEOMETRIC_REPRESENTATION_CONTEXT(2) 
PARAMETRIC_REPRESENTATION_CONTEXT() REPRESENTATION_CONTEXT('2D SPACE',''
  ) );
#442 = PCURVE('',#443,#448);
#443 = PLANE('',#444);
#444 = AXIS2_PLACEMENT_3D('',#445,#446,#447);
#445 = CARTESIAN_POINT('',(14.5,75.5,29.45));
#446 = DIRECTION('',(0.,1.,0.));
#447 = DIRECTION('',(0.,0.,1.));
#448 = DEFINITIONAL_REPRESENTATION('',(#449),#453);
#449 = LINE('',#450,#451);
#450 = CARTESIAN_POINT('',(0.55,0.));
#451 = VECTOR('',#452,1.);
#452 = DIRECTION('',(0.,1.));
#453 = ( GEOMETRIC_REPRESENTATION_CONTEXT(2) 
PARAMETRIC_REPRESENTATION_CONTEXT() REPRESENTATION_CONTEXT('2D SPACE',''
  ) );
#454 = ORIENTED_EDGE('',*,*,#455,.F.);
#455 = EDGE_CURVE('',#456,#428,#458,.T.);
#456 = VERTEX_POINT('',#457);
#457 = CARTESIAN_POINT('',(15.5,4.5,30.));
#458 = SURFACE_CURVE('',#459,(#463,#470),.PCURVE_S1.);
#459 = LINE('',#460,#461);
#460 = CARTESIAN_POINT('',(15.5,4.5,30.));
#461 = VECTOR('',#462,1.);
#462 = DIRECTION('',(0.,1.,0.));
#463 = PCURVE('',#152,#464);
#464 = DEFINITIONAL_REPRESENTATION('',(#465),#469);
#465 = LINE('',#466,#467);
#466 = CARTESIAN_POINT('',(15.5,4.5));
#467 = VECTOR('',#468,1.);
#468 = DIRECTION('',(0.,1.));
#469 = ( GEOMETRIC_REPRESENTATION_CONTEXT(2) 
PARAMETRIC_REPRESENTATION_CONTEXT() REPRESENTATION_CONTEXT('2D SPACE',''
  ) );
#470 = PCURVE('',#471,#476);
#471 = PLANE('',#472);
#472 = AXIS2_PLACEMENT_3D('',#473,#474,#475);
#473 = CARTESIAN_POINT('',(15.5,4.5,29.45));
#474 = DIRECTION('',(1.,0.,0.));
#475 = DIRECTION('',(0.,0.,1.));
#476 = DEFINITIONAL_REPRESENTATION('',(#477),#481);
#477 = LINE('',#478,#479);
#478 = CARTESIAN_POINT('',(0.55,0.));
#479 = VECTOR('',#480,1.);
#480 = DIRECTION('',(0.,-1.));
#481 = ( GEOMETRIC_REPRESENTATION_CONTEXT(2) 
PARAMETRIC_REPRESENTATION_CONTEXT() REPRESENTATION_CONTEXT('2D SPACE',''
  ) );
#482 = ORIENTED_EDGE('',*,*,#483,.F.);
#483 = EDGE_CURVE('',#398,#456,#484,.T.);
#484 = SURFACE_CURVE('',#485,(#489,#496),.PCURVE_S1.);
#485 = LINE('',#486,#487);
#486 = CARTESIAN_POINT('',(14.5,4.5,30.));
#487 = VECTOR('',#488,1.);
#488 = DIRECTION('',(1.,0.,0.));
#489 = PCURVE('',#152,#490);
#490 = DEFINITIONAL_REPRESENTATION('',(#491),#495);
#491 = LINE('',#492,#493);
#492 = CARTESIAN_POINT('',(14.5,4.5));
#493 = VECTOR('',#494,1.);
#494 = DIRECTION('',(1.,0.));
#495 = ( GEOMETRIC_REPRESENTATION_CONTEXT(2) 
PARAMETRIC_REPRESENTATION_CONTEXT() REPRESENTATION_CONTEXT('2D SPACE',''
  ) );
#496 = PCURVE('',#497,#502);
#497 = PLANE('',#498);
#498 = AXIS2_PLACEMENT_3D('',#499,#500,#501);
#499 = CARTESIAN_POINT('',(14.5,4.5,29.45));
#500 = DIRECTION('',(0.,1.,0.));
#501 = DIRECTION('',(0.,0.,1.));
#502 = DEFINITIONAL_REPRESENTATION('',(#503),#507);
#503 = LINE('',#504,#505);
#504 = CARTESIAN_POINT('',(0.55,0.));
#505 = VECTOR('',#506,1.);
#506 = DIRECTION('',(0.,1.));
#507 = ( GEOMETRIC_REPRESENTATION_CONTEXT(2) 
PARAMETRIC_REPRESENTATION_CONTEXT() REPRESENTATION_CONTEXT('2D SPACE',''
  ) );
#508 = FACE_BOUND('',#509,.T.);
#509 = EDGE_LOOP('',(#510,#540,#568,#596));
#510 = ORIENTED_EDGE('',*,*,#511,.T.);
#511 = EDGE_CURVE('',#512,#514,#516,.T.);
#512 = VERTEX_POINT('',#513);
#513 = CARTESIAN_POINT('',(22.5,4.5,30.));
#514 = VERTEX_POINT('',#515);
#515 = CARTESIAN_POINT('',(22.5,75.5,30.));
#516 = SURFACE_CURVE('',#517,(#521,#528),.PCURVE_S1.);
#517 = LINE('',#518,#519);
#518 = CARTESIAN_POINT('',(22.5,4.5,30.));
#519 = VECTOR('',#520,1.);
#520 = DIRECTION('',(0.,1.,0.));
#521 = PCURVE('',#152,#522);
#522 = DEFINITIONAL_REPRESENTATION('',(#523),#527);
#523 = LINE('',#524,#525);
#524 = CARTESIAN_POINT('',(22.5,4.5));
#525 = VECTOR('',#526,1.);
#526 = DIRECTION('',(0.,1.));
#527 = ( GEOMETRIC_REPRESENTATION_CONTEXT(2) 
PARAMETRIC_REPRESENTATION_CONTEXT() REPRESENTATION_CONTEXT('2D SPACE',''
  ) );
#528 = PCURVE('',#529,#534);
#529 = PLANE('',#530);
#530 = AXIS2_PLACEMENT_3D('',#531,#532,#533);
#531 = CARTESIAN_POINT('',(22.5,4.5,29.45));
#532 = DIRECTION('',(1.,0.,0.));
#533 = DIRECTION('',(0.,0.,1.));
#534 = DEFINITIONAL_REPRESENTATION('',(#535),#539);
#535 = LINE('',#536,#537);
#536 = CARTESIAN_POINT('',(0.55,0.));
#537 = VECTOR('',#538,1.);
#538 = DIRECTION('',(0.,-1.));
#539 = ( GEOMETRIC_REPRESENTATION_CONTEXT(2) 
PARAMETRIC_REPRESENTATION_CONTEXT() REPRESENTATION_CONTEXT('2D SPACE',''
  ) );
#540 = ORIENTED_EDGE('',*,*,#541,.T.);
#541 = EDGE_CURVE('',#514,#542,#544,.T.);
#542 = VERTEX_POINT('',#543);
#543 = CARTESIAN_POINT('',(23.5,75.5,30.));
#544 = SURFACE_CURVE('',#545,(#549,#556),.PCURVE_S1.);
#545 = LINE('',#546,#547);
#546 = CARTESIAN_POINT('',(22.5,75.5,30.));
#547 = VECTOR('',#548,1.);
#548 = DIRECTION('',(1.,0.,0.));
#549 = PCURVE('',#152,#550);
#550 = DEFINITIONAL_REPRESENTATION('',(#551),#555);
#551 = LINE('',#552,#553);
#552 = CARTESIAN_POINT('',(22.5,75.5));
#553 = VECTOR('',#554,1.);
#554 = DIRECTION('',(1.,0.));
#555 = ( GEOMETRIC_REPRESENTATION_CONTEXT(2) 
PARAMETRIC_REPRESENTATION_CONTEXT() REPRESENTATION_CONTEXT('2D SPACE',''
  ) );
#556 = PCURVE('',#557,#562);
#557 = PLANE('',#558);
#558 = AXIS2_PLACEMENT_3D('',#559,#560,#561);
#559 = CARTESIAN_POINT('',(22.5,75.5,29.45));
#560 = DIRECTION('',(0.,1.,0.));
#561 = DIRECTION('',(0.,0.,1.));
#562 = DEFINITIONAL_REPRESENTATION('',(#563),#567);
#563 = LINE('',#564,#565);
#564 = CARTESIAN_POINT('',(0.55,0.));
#565 = VECTOR('',#566,1.);
#566 = DIRECTION('',(0.,1.));
#567 = ( GEOMETRIC_REPRESENTATION_CONTEXT(2) 
PARAMETRIC_REPRESENTATION_CONTEXT() REPRESENTATION_CONTEXT('2D SPACE',''
  ) );
#568 = ORIENTED_EDGE('',*,*,#569,.F.);
#569 = EDGE_CURVE('',#570,#542,#572,.T.);
#570 = VERTEX_POINT('',#571);
#571 = CARTESIAN_POINT('',(23.5,4.5,30.));
#572 = SURFACE_CURVE('',#573,(#577,#584),.PCURVE_S1.);
#573 = LINE('',#574,#575);
#574 = CARTESIAN_POINT('',(23.5,4.5,30.));
#575 = VECTOR('',#576,1.);
#576 = DIRECTION('',(0.,1.,0.));
#577 = PCURVE('',#152,#578);
#578 = DEFINITIONAL_REPRESENTATION('',(#579),#583);
#579 = LINE('',#580,#581);
#580 = CARTESIAN_POINT('',(23.5,4.5));
#581 = VECTOR('',#582,1.);
#582 = DIRECTION('',(0.,1.));
#583 = ( GEOMETRIC_REPRESENTATION_CONTEXT(2) 
PARAMETRIC_REPRESENTATION_CONTEXT() REPRESENTATION_CONTEXT('2D SPACE',''
  ) );
#584 = PCURVE('',#585,#590);
#585 = PLANE('',#586);
#586 = AXIS2_PLACEMENT_3D('',#587,#588,#589);
#587 = CARTESIAN_POINT('',(23.5,4.5,29.45));
#588 = DIRECTION('',(1.,0.,0.));
#589 = DIRECTION('',(0.,0.,1.));
#590 = DEFINITIONAL_REPRESENTATION('',(#591),#595);
#591 = LINE('',#592,#593);
#592 = CARTESIAN_POINT('',(0.55,0.));
#593 = VECTOR('',#594,1.);
#594 = DIRECTION('',(0.,-1.));
#595 = ( GEOMETRIC_REPRESENTATION_CONTEXT(2) 
PARAMETRIC_REPRESENTATION_CONTEXT() REPRESENTATION_CONTEXT('2D SPACE',''
  ) );
#596 = ORIENTED_EDGE('',*,*,#597,.F.);
#597 = EDGE_CURVE('',#512,#570,#598,.T.);
#598 = SURFACE_CURVE('',#599,(#603,#610),.PCURVE_S1.);
#599 = LINE('',#600,#601);
#600 = CARTESIAN_POINT('',(22.5,4.5,30.));
#601 = VECTOR('',#602,1.);
#602 = DIRECTION('',(1.,0.,0.));
#603 = PCURVE('',#152,#604);
#604 = DEFINITIONAL_REPRESENTATION('',(#605),#609);
#605 = LINE('',#606,#607);
#606 = CARTESIAN_POINT('',(22.5,4.5));
#607 = VECTOR('',#608,1.);
#608 = DIRECTION('',(1.,0.));
#609 = ( GEOMETRIC_REPRESENTATION_CONTEXT(2) 
PARAMETRIC_REPRESENTATION_CONTEXT() REPRESENTATION_CONTEXT('2D SPACE',''
  ) );
#610 = PCURVE('',#611,#616);
#611 = PLANE('',#612);
#612 = AXIS2_PLACEMENT_3D('',#613,#614,#615);
#613 = CARTESIAN_POINT('',(22.5,4.5,29.45));
#614 = DIRECTION('',(0.,1.,0.));
#615 = DIRECTION('',(0.,0.,1.));
#616 = DEFINITIONAL_REPRESENTATION('',(#617),#621);
#617 = LINE('',#618,#619);
#618 = CARTESIAN_POINT('',(0.55,0.));
#619 = VECTOR('',#620,1.);
#620 = DIRECTION('',(0.,1.));
#621 = ( GEOMETRIC_REPRESENTATION_CONTEXT(2) 
PARAMETRIC_REPRESENTATION_CONTEXT() REPRESENTATION_CONTEXT('2D SPACE',''
  ) );
#622 = FACE_BOUND('',#623,.T.);
#623 = EDGE_LOOP('',(#624,#654,#682,#710));
#624 = ORIENTED_EDGE('',*,*,#625,.T.);
#625 = EDGE_CURVE('',#626,#628,#630,.T.);
#626 = VERTEX_POINT('',#627);
#627 = CARTESIAN_POINT('',(30.5,4.5,30.));
#628 = VERTEX_POINT('',#629);
#629 = CARTESIAN_POINT('',(30.5,75.5,30.));
#630 = SURFACE_CURVE('',#631,(#635,#642),.PCURVE_S1.);
#631 = LINE('',#632,#633);
#632 = CARTESIAN_POINT('',(30.5,4.5,30.));
#633 = VECTOR('',#634,1.);
#634 = DIRECTION('',(0.,1.,0.));
#635 = PCURVE('',#152,#636);
#636 = DEFINITIONAL_REPRESENTATION('',(#637),#641);
#637 = LINE('',#638,#639);
#638 = CARTESIAN_POINT('',(30.5,4.5));
#639 = VECTOR('',#640,1.);
#640 = DIRECTION('',(0.,1.));
#641 = ( GEOMETRIC_REPRESENTATION_CONTEXT(2) 
PARAMETRIC_REPRESENTATION_CONTEXT() REPRESENTATION_CONTEXT('2D SPACE',''
  ) );
#642 = PCURVE('',#643,#648);
#643 = PLANE('',#644);
#644 = AXIS2_PLACEMENT_3D('',#645,#646,#647);
#645 = CARTESIAN_POINT('',(30.5,4.5,29.45));
#646 = DIRECTION('',(1.,0.,0.));
#647 = DIRECTION('',(0.,0.,1.));
#648 = DEFINITIONAL_REPRESENTATION('',(#649),#653);
#649 = LINE('',#650,#651);
#650 = CARTESIAN_POINT('',(0.55,0.));
#651 = VECTOR('',#652,1.);
#652 = DIRECTION('',(0.,-1.));
#653 = ( GEOMETRIC_REPRESENTATION_CONTEXT(2) 
PARAMETRIC_REPRESENTATION_CONTEXT() REPRESENTATION_CONTEXT('2D SPACE',''
  ) );
#654 = ORIENTED_EDGE('',*,*,#655,.T.);
#655 = EDGE_CURVE('',#628,#656,#658,.T.);
#656 = VERTEX_POINT('',#657);
#657 = CARTESIAN_POINT('',(31.5,75.5,30.));
#658 = SURFACE_CURVE('',#659,(#663,#670),.PCURVE_S1.);
#659 = LINE('',#660,#661);
#660 = CARTESIAN_POINT('',(30.5,75.5,30.));
#661 = VECTOR('',#662,1.);
#662 = DIRECTION('',(1.,0.,0.));
#663 = PCURVE('',#152,#664);
#664 = DEFINITIONAL_REPRESENTATION('',(#665),#669);
#665 = LINE('',#666,#667);
#666 = CARTESIAN_POINT('',(30.5,75.5));
#667 = VECTOR('',#668,1.);
#668 = DIRECTION('',(1.,0.));
#669 = ( GEOMETRIC_REPRESENTATION_CONTEXT(2) 
PARAMETRIC_REPRESENTATION_CONTEXT() REPRESENTATION_CONTEXT('2D SPACE',''
  ) );
#670 = PCURVE('',#671,#676);
#671 = PLANE('',#672);
#672 = AXIS2_PLACEMENT_3D('',#673,#674,#675);
#673 = CARTESIAN_POINT('',(30.5,75.5,29.45));
#674 = DIRECTION('',(0.,1.,0.));
#675 = DIRECTION('',(0.,0.,1.));
#676 = DEFINITIONAL_REPRESENTATION('',(#677),#681);
#677 = LINE('',#678,#679);
#678 = CARTESIAN_POINT('',(0.55,0.));
#679 = VECTOR('',#680,1.);
#680 = DIRECTION('',(0.,1.));
#681 = ( GEOMETRIC_REPRESENTATION_CONTEXT(2) 
PARAMETRIC_REPRESENTATION_CONTEXT() REPRESENTATION_CONTEXT('2D SPACE',''
  ) );
#682 = ORIENTED_EDGE('',*,*,#683,.F.);
#683 = EDGE_CURVE('',#684,#656,#686,.T.);
#684 = VERTEX_POINT('',#685);
#685 = CARTESIAN_POINT('',(31.5,4.5,30.));
#686 = SURFACE_CURVE('',#687,(#691,#698),.PCURVE_S1.);
#687 = LINE('',#688,#689);
#688 = CARTESIAN_POINT('',(31.5,4.5,30.));
#689 = VECTOR('',#690,1.);
#690 = DIRECTION('',(0.,1.,0.));
#691 = PCURVE('',#152,#692);
#692 = DEFINITIONAL_REPRESENTATION('',(#693),#697);
#693 = LINE('',#694,#695);
#694 = CARTESIAN_POINT('',(31.5,4.5));
#695 = VECTOR('',#696,1.);
#696 = DIRECTION('',(0.,1.));
#697 = ( GEOMETRIC_REPRESENTATION_CONTEXT(2) 
PARAMETRIC_REPRESENTATION_CONTEXT() REPRESENTATION_CONTEXT('2D SPACE',''
  ) );
#698 = PCURVE('',#699,#704);
#699 = PLANE('',#700);
#700 = AXIS2_PLACEMENT_3D('',#701,#702,#703);
#701 = CARTESIAN_POINT('',(31.5,4.5,29.45));
#702 = DIRECTION('',(1.,0.,0.));
#703 = DIRECTION('',(0.,0.,1.));
#704 = DEFINITIONAL_REPRESENTATION('',(#705),#709);
#705 = LINE('',#706,#707);
#706 = CARTESIAN_POINT('',(0.55,0.));
#707 = VECTOR('',#708,1.);
#708 = DIRECTION('',(0.,-1.));
#709 = ( GEOMETRIC_REPRESENTATION_CONTEXT(2) 
PARAMETRIC_REPRESENTATION_CONTEXT() REPRESENTATION_CONTEXT('2D SPACE',''
  ) );
#710 = ORIENTED_EDGE('',*,*,#711,.F.);
#711 = EDGE_CURVE('',#626,#684,#712,.T.);
#712 = SURFACE_CURVE('',#713,(#717,#724),.PCURVE_S1.);
#713 = LINE('',#714,#715);
#714 = CARTESIAN_POINT('',(30.5,4.5,30.));
#715 = VECTOR('',#716,1.);
#716 = DIRECTION('',(1.,0.,0.));
#717 = PCURVE('',#152,#718);
#718 = DEFINITIONAL_REPRESENTATION('',(#719),#723);
#719 = LINE('',#720,#721);
#720 = CARTESIAN_POINT('',(30.5,4.5));
#721 = VECTOR('',#722,1.);
#722 = DIRECTION('',(1.,0.));
#723 = ( GEOMETRIC_REPRESENTATION_CONTEXT(2) 
PARAMETRIC_REPRESENTATION_CONTEXT() REPRESENTATION_CONTEXT('2D SPACE',''
  ) );
#724 = PCURVE('',#725,#730);
#725 = PLANE('',#726);
#726 = AXIS2_PLACEMENT_3D('',#727,#728,#729);
#727 = CARTESIAN_POINT('',(30.5,4.5,29.45));
#728 = DIRECTION('',(0.,1.,0.));
#729 = DIRECTION('',(0.,0.,1.));
#730 = DEFINITIONAL_REPRESENTATION('',(#731),#735);
#731 = LINE('',#732,#733);
#732 = CARTESIAN_POINT('',(0.55,0.));
#733 = VECTOR('',#734,1.);
#734 = DIRECTION('',(0.,1.));
#735 = ( GEOMETRIC_REPRESENTATION_CONTEXT(2) 
PARAMETRIC_REPRESENTATION_CONTEXT() REPRESENTATION_CONTEXT('2D SPACE',''
  ) );
#736 = FACE_BOUND('',#737,.T.);
#737 = EDGE_LOOP('',(#738,#768,#796,#824));
#738 = ORIENTED_EDGE('',*,*,#739,.T.);
#739 = EDGE_CURVE('',#740,#742,#744,.T.);
#740 = VERTEX_POINT('',#741);
#741 = CARTESIAN_POINT('',(38.5,4.5,30.));
#742 = VERTEX_POINT('',#743);
#743 = CARTESIAN_POINT('',(38.5,75.5,30.));
#744 = SURFACE_CURVE('',#745,(#749,#756),.PCURVE_S1.);
#745 = LINE('',#746,#747);
#746 = CARTESIAN_POINT('',(38.5,4.5,30.));
#747 = VECTOR('',#748,1.);
#748 = DIRECTION('',(0.,1.,0.));
#749 = PCURVE('',#152,#750);
#750 = DEFINITIONAL_REPRESENTATION('',(#751),#755);
#751 = LINE('',#752,#753);
#752 = CARTESIAN_POINT('',(38.5,4.5));
#753 = VECTOR('',#754,1.);
#754 = DIRECTION('',(0.,1.));
#755 = ( GEOMETRIC_REPRESENTATION_CONTEXT(2) 
PARAMETRIC_REPRESENTATION_CONTEXT() REPRESENTATION_CONTEXT('2D SPACE',''
  ) );
#756 = PCURVE('',#757,#762);
#757 = PLANE('',#758);
#758 = AXIS2_PLACEMENT_3D('',#759,#760,#761);
#759 = CARTESIAN_POINT('',(38.5,4.5,29.45));
#760 = DIRECTION('',(1.,0.,0.));
#761 = DIRECTION('',(0.,0.,1.));
#762 = DEFINITIONAL_REPRESENTATION('',(#763),#767);
#763 = LINE('',#764,#765);
#764 = CARTESIAN_POINT('',(0.55,0.));
#765 = VECTOR('',#766,1.);
#766 = DIRECTION('',(0.,-1.));
#767 = ( GEOMETRIC_REPRESENTATION_CONTEXT(2) 
PARAMETRIC_REPRESENTATION_CONTEXT() REPRESENTATION_CONTEXT('2D SPACE',''
  ) );
#768 = ORIENTED_EDGE('',*,*,#769,.T.);
#769 = EDGE_CURVE('',#742,#770,#772,.T.);
#770 = VERTEX_POINT('',#771);
#771 = CARTESIAN_POINT('',(39.5,75.5,30.));
#772 = SURFACE_CURVE('',#773,(#777,#784),.PCURVE_S1.);
#773 = LINE('',#774,#775);
#774 = CARTESIAN_POINT('',(38.5,75.5,30.));
#775 = VECTOR('',#776,1.);
#776 = DIRECTION('',(1.,0.,0.));
#777 = PCURVE('',#152,#778);
#778 = DEFINITIONAL_REPRESENTATION('',(#779),#783);
#779 = LINE('',#780,#781);
#780 = CARTESIAN_POINT('',(38.5,75.5));
#781 = VECTOR('',#782,1.);
#782 = DIRECTION('',(1.,0.));
#783 = ( GEOMETRIC_REPRESENTATION_CONTEXT(2) 
PARAMETRIC_REPRESENTATION_CONTEXT() REPRESENTATION_CONTEXT('2D SPACE',''
  ) );
#784 = PCURVE('',#785,#790);
#785 = PLANE('',#786);
#786 = AXIS2_PLACEMENT_3D('',#787,#788,#789);
#787 = CARTESIAN_POINT('',(38.5,75.5,29.45));
#788 = DIRECTION('',(0.,1.,0.));
#789 = DIRECTION('',(0.,0.,1.));
#790 = DEFINITIONAL_REPRESENTATION('',(#791),#795);
#791 = LINE('',#792,#793);
#792 = CARTESIAN_POINT('',(0.55,0.));
#793 = VECTOR('',#794,1.);
#794 = DIRECTION('',(0.,1.));
#795 = ( GEOMETRIC_REPRESENTATION_CONTEXT(2) 
PARAMETRIC_REPRESENTATION_CONTEXT() REPRESENTATION_CONTEXT('2D SPACE',''
  ) );
#796 = ORIENTED_EDGE('',*,*,#797,.F.);
#797 = EDGE_CURVE('',#798,#770,#800,.T.);
#798 = VERTEX_POINT('',#799);
#799 = CARTESIAN_POINT('',(39.5,4.5,30.));
#800 = SURFACE_CURVE('',#801,(#805,#812),.PCURVE_S1.);
#801 = LINE('',#802,#803);
#802 = CARTESIAN_POINT('',(39.5,4.5,30.));
#803 = VECTOR('',#804,1.);
#804 = DIRECTION('',(0.,1.,0.));
#805 = PCURVE('',#152,#806);
#806 = DEFINITIONAL_REPRESENTATION('',(#807),#811);
#807 = LINE('',#808,#809);
#808 = CARTESIAN_POINT('',(39.5,4.5));
#809 = VECTOR('',#810,1.);
#810 = DIRECTION('',(0.,1.));
#811 = ( GEOMETRIC_REPRESENTATION_CONTEXT(2) 
PARAMETRIC_REPRESENTATION_CONTEXT() REPRESENTATION_CONTEXT('2D SPACE',''
  ) );
#812 = PCURVE('',#813,#818);
#813 = PLANE('',#814);
#814 = AXIS2_PLACEMENT_3D('',#815,#816,#817);
#815 = CARTESIAN_POINT('',(39.5,4.5,29.45));
#816 = DIRECTION('',(1.,0.,0.));
#817 = DIRECTION('',(0.,0.,1.));
#818 = DEFINITIONAL_REPRESENTATION('',(#819),#823);
#819 = LINE('',#820,#821);
#820 = CARTESIAN_POINT('',(0.55,0.));
#821 = VECTOR('',#822,1.);
#822 = DIRECTION('',(0.,-1.));
#823 = ( GEOMETRIC_REPRESENTATION_CONTEXT(2) 
PARAMETRIC_REPRESENTATION_CONTEXT() REPRESENTATION_CONTEXT('2D SPACE',''
  ) );
#824 = ORIENTED_EDGE('',*,*,#825,.F.);
#825 = EDGE_CURVE('',#740,#798,#826,.T.);
#826 = SURFACE_CURVE('',#827,(#831,#838),.PCURVE_S1.);
#827 = LINE('',#828,#829);
#828 = CARTESIAN_POINT('',(38.5,4.5,30.));
#829 = VECTOR('',#830,1.);
#830 = DIRECTION('',(1.,0.,0.));
#831 = PCURVE('',#152,#832);
#832 = DEFINITIONAL_REPRESENTATION('',(#833),#837);
#833 = LINE('',#834,#835);
#834 = CARTESIAN_POINT('',(38.5,4.5));
#835 = VECTOR('',#836,1.);
#836 = DIRECTION('',(1.,0.));
#837 = ( GEOMETRIC_REPRESENTATION_CONTEXT(2) 
PARAMETRIC_REPRESENTATION_CONTEXT() REPRESENTATION_CONTEXT('2D SPACE',''
  ) );
#838 = PCURVE('',#839,#844);
#839 = PLANE('',#840);
#840 = AXIS2_PLACEMENT_3D('',#841,#842,#843);
#841 = CARTESIAN_POINT('',(38.5,4.5,29.45));
#842 = DIRECTION('',(0.,1.,0.));
#843 = DIRECTION('',(0.,0.,1.));
#844 = DEFINITIONAL_REPRESENTATION('',(#845),#849);
#845 = LINE('',#846,#847);
#846 = CARTESIAN_POINT('',(0.55,0.));
#847 = VECTOR('',#848,1.);
#848 = DIRECTION('',(0.,1.));
#849 = ( GEOMETRIC_REPRESENTATION_CONTEXT(2) 
PARAMETRIC_REPRESENTATION_CONTEXT() REPRESENTATION_CONTEXT('2D SPACE',''
  ) );
#850 = FACE_BOUND('',#851,.T.);
#851 = EDGE_LOOP('',(#852,#882,#910,#938));
#852 = ORIENTED_EDGE('',*,*,#853,.T.);
#853 = EDGE_CURVE('',#854,#856,#858,.T.);
#854 = VERTEX_POINT('',#855);
#855 = CARTESIAN_POINT('',(46.5,4.5,30.));
#856 = VERTEX_POINT('',#857);
#857 = CARTESIAN_POINT('',(46.5,75.5,30.));
#858 = SURFACE_CURVE('',#859,(#863,#870),.PCURVE_S1.);
#859 = LINE('',#860,#861);
#860 = CARTESIAN_POINT('',(46.5,4.5,30.));
#861 = VECTOR('',#862,1.);
#862 = DIRECTION('',(0.,1.,0.));
#863 = PCURVE('',#152,#864);
#864 = DEFINITIONAL_REPRESENTATION('',(#865),#869);
#865 = LINE('',#866,#867);
#866 = CARTESIAN_POINT('',(46.5,4.5));
#867 = VECTOR('',#868,1.);
#868 = DIRECTION('',(0.,1.));
#869 = ( GEOMETRIC_REPRESENTATION_CONTEXT(2) 
PARAMETRIC_REPRESENTATION_CONTEXT() REPRESENTATION_CONTEXT('2D SPACE',''
  ) );
#870 = PCURVE('',#871,#876);
#871 = PLANE('',#872);
#872 = AXIS2_PLACEMENT_3D('',#873,#874,#875);
#873 = CARTESIAN_POINT('',(46.5,4.5,29.45));
#874 = DIRECTION('',(1.,0.,0.));
#875 = DIRECTION('',(0.,0.,1.));
#876 = DEFINITIONAL_REPRESENTATION('',(#877),#881);
#877 = LINE('',#878,#879);
#878 = CARTESIAN_POINT('',(0.55,0.));
#879 = VECTOR('',#880,1.);
#880 = DIRECTION('',(0.,-1.));
#881 = ( GEOMETRIC_REPRESENTATION_CONTEXT(2) 
PARAMETRIC_REPRESENTATION_CONTEXT() REPRESENTATION_CONTEXT('2D SPACE',''
  ) );
#882 = ORIENTED_EDGE('',*,*,#883,.T.);
#883 = EDGE_CURVE('',#856,#884,#886,.T.);
#884 = VERTEX_POINT('',#885);
#885 = CARTESIAN_POINT('',(47.5,75.5,30.));
#886 = SURFACE_CURVE('',#887,(#891,#898),.PCURVE_S1.);
#887 = LINE('',#888,#889);
#888 = CARTESIAN_POINT('',(46.5,75.5,30.));
#889 = VECTOR('',#890,1.);
#890 = DIRECTION('',(1.,0.,0.));
#891 = PCURVE('',#152,#892);
#892 = DEFINITIONAL_REPRESENTATION('',(#893),#897);
#893 = LINE('',#894,#895);
#894 = CARTESIAN_POINT('',(46.5,75.5));
#895 = VECTOR('',#896,1.);
#896 = DIRECTION('',(1.,0.));
#897 = ( GEOMETRIC_REPRESENTATION_CONTEXT(2) 
PARAMETRIC_REPRESENTATION_CONTEXT() REPRESENTATION_CONTEXT('2D SPACE',''
  ) );
#898 = PCURVE('',#899,#904);
#899 = PLANE('',#900);
#900 = AXIS2_PLACEMENT_3D('',#901,#902,#903);
#901 = CARTESIAN_POINT('',(46.5,75.5,29.45));
#902 = DIRECTION('',(0.,1.,0.));
#903 = DIRECTION('',(0.,0.,1.));
#904 = DEFINITIONAL_REPRESENTATION('',(#905),#909);
#905 = LINE('',#906,#907);
#906 = CARTESIAN_POINT('',(0.55,0.));
#907 = VECTOR('',#908,1.);
#908 = DIRECTION('',(0.,1.));
#909 = ( GEOMETRIC_REPRESENTATION_CONTEXT(2) 
PARAMETRIC_REPRESENTATION_CONTEXT() REPRESENTATION_CONTEXT('2D SPACE',''
  ) );
#910 = ORIENTED_EDGE('',*,*,#911,.F.);
#911 = EDGE_CURVE('',#912,#884,#914,.T.);
#912 = VERTEX_POINT('',#913);
#913 = CARTESIAN_POINT('',(47.5,4.5,30.));
#914 = SURFACE_CURVE('',#915,(#919,#926),.PCURVE_S1.);
#915 = LINE('',#916,#917);
#916 = CARTESIAN_POINT('',(47.5,4.5,30.));
#917 = VECTOR('',#918,1.);
#918 = DIRECTION('',(0.,1.,0.));
#919 = PCURVE('',#152,#920);
#920 = DEFINITIONAL_REPRESENTATION('',(#921),#925);
#921 = LINE('',#922,#923);
#922 = CARTESIAN_POINT('',(47.5,4.5));
#923 = VECTOR('',#924,1.);
#924 = DIRECTION('',(0.,1.));
#925 = ( GEOMETRIC_REPRESENTATION_CONTEXT(2) 
PARAMETRIC_REPRESENTATION_CONTEXT() REPRESENTATION_CONTEXT('2D SPACE',''
  ) );
#926 = PCURVE('',#927,#932);
#927 = PLANE('',#928);
#928 = AXIS2_PLACEMENT_3D('',#929,#930,#931);
#929 = CARTESIAN_POINT('',(47.5,4.5,29.45));
#930 = DIRECTION('',(1.,0.,0.));
#931 = DIRECTION('',(0.,0.,1.));
#932 = DEFINITIONAL_REPRESENTATION('',(#933),#937);
#933 = LINE('',#934,#935);
#934 = CARTESIAN_POINT('',(0.55,0.));
#935 = VECTOR('',#936,1.);
#936 = DIRECTION('',(0.,-1.));
#937 = ( GEOMETRIC_REPRESENTATION_CONTEXT(2) 
PARAMETRIC_REPRESENTATION_CONTEXT() REPRESENTATION_CONTEXT('2D SPACE',''
  ) );
#938 = ORIENTED_EDGE('',*,*,#939,.F.);
#939 = EDGE_CURVE('',#854,#912,#940,.T.);
#940 = SURFACE_CURVE('',#941,(#945,#952),.PCURVE_S1.);
#941 = LINE('',#942,#943);
#942 = CARTESIAN_POINT('',(46.5,4.5,30.));
#943 = VECTOR('',#944,1.);
#944 = DIRECTION('',(1.,0.,0.));
#945 = PCURVE('',#152,#946);
#946 = DEFINITIONAL_REPRESENTATION('',(#947),#951);
#947 = LINE('',#948,#949);
#948 = CARTESIAN_POINT('',(46.5,4.5));
#949 = VECTOR('',#950,1.);
#950 = DIRECTION('',(1.,0.));
#951 = ( GEOMETRIC_REPRESENTATION_CONTEXT(2) 
PARAMETRIC_REPRESENTATION_CONTEXT() REPRESENTATION_CONTEXT('2D SPACE',''
  ) );
#952 = PCURVE('',#953,#958);
#953 = PLANE('',#954);
#954 = AXIS2_PLACEMENT_3D('',#955,#956,#957);
#955 = CARTESIAN_POINT('',(46.5,4.5,29.45));
#956 = DIRECTION('',(0.,1.,0.));
#957 = DIRECTION('',(0.,0.,1.));
#958 = DEFINITIONAL_REPRESENTATION('',(#959),#963);
#959 = LINE('',#960,#961);
#960 = CARTESIAN_POINT('',(0.55,0.));
#961 = VECTOR('',#962,1.);
#962 = DIRECTION('',(0.,1.));
#963 = ( GEOMETRIC_REPRESENTATION_CONTEXT(2) 
PARAMETRIC_REPRESENTATION_CONTEXT() REPRESENTATION_CONTEXT('2D SPACE',''
  ) );
#964 = FACE_BOUND('',#965,.T.);
#965 = EDGE_LOOP('',(#966,#996,#1024,#1052));
#966 = ORIENTED_EDGE('',*,*,#967,.T.);
#967 = EDGE_CURVE('',#968,#970,#972,.T.);
#968 = VERTEX_POINT('',#969);
#969 = CARTESIAN_POINT('',(54.5,4.5,30.));
#970 = VERTEX_POINT('',#971);
#971 = CARTESIAN_POINT('',(54.5,75.5,30.));
#972 = SURFACE_CURVE('',#973,(#977,#984),.PCURVE_S1.);
#973 = LINE('',#974,#975);
#974 = CARTESIAN_POINT('',(54.5,4.5,30.));
#975 = VECTOR('',#976,1.);
#976 = DIRECTION('',(0.,1.,0.));
#977 = PCURVE('',#152,#978);
#978 = DEFINITIONAL_REPRESENTATION('',(#979),#983);
#979 = LINE('',#980,#981);
#980 = CARTESIAN_POINT('',(54.5,4.5));
#981 = VECTOR('',#982,1.);
#982 = DIRECTION('',(0.,1.));
#983 = ( GEOMETRIC_REPRESENTATION_CONTEXT(2) 
PARAMETRIC_REPRESENTATION_CONTEXT() REPRESENTATION_CONTEXT('2D SPACE',''
  ) );
#984 = PCURVE('',#985,#990);
#985 = PLANE('',#986);
#986 = AXIS2_PLACEMENT_3D('',#987,#988,#989);
#987 = CARTESIAN_POINT('',(54.5,4.5,29.45));
#988 = DIRECTION('',(1.,0.,0.));
#989 = DIRECTION('',(0.,0.,1.));
#990 = DEFINITIONAL_REPRESENTATION('',(#991),#995);
#991 = LINE('',#992,#993);
#992 = CARTESIAN_POINT('',(0.55,0.));
#993 = VECTOR('',#994,1.);
#994 = DIRECTION('',(0.,-1.));
#995 = ( GEOMETRIC_REPRESENTATION_CONTEXT(2) 
PARAMETRIC_REPRESENTATION_CONTEXT() REPRESENTATION_CONTEXT('2D SPACE',''
  ) );
#996 = ORIENTED_EDGE('',*,*,#997,.T.);
#997 = EDGE_CURVE('',#970,#998,#1000,.T.);
#998 = VERTEX_POINT('',#999);
#999 = CARTESIAN_POINT('',(55.5,75.5,30.));
#1000 = SURFACE_CURVE('',#1001,(#1005,#1012),.PCURVE_S1.);
#1001 = LINE('',#1002,#1003);
#1002 = CARTESIAN_POINT('',(54.5,75.5,30.));
#1003 = VECTOR('',#1004,1.);
#1004 = DIRECTION('',(1.,0.,0.));
#1005 = PCURVE('',#152,#1006);
#1006 = DEFINITIONAL_REPRESENTATION('',(#1007),#1011);
#1007 = LINE('',#1008,#1009);
#1008 = CARTESIAN_POINT('',(54.5,75.5));
#1009 = VECTOR('',#1010,1.);
#1010 = DIRECTION('',(1.,0.));
#1011 = ( GEOMETRIC_REPRESENTATION_CONTEXT(2) 
PARAMETRIC_REPRESENTATION_CONTEXT() REPRESENTATION_CONTEXT('2D SPACE',''
  ) );
#1012 = PCURVE('',#1013,#1018);
#1013 = PLANE('',#1014);
#1014 = AXIS2_PLACEMENT_3D('',#1015,#1016,#1017);
#1015 = CARTESIAN_POINT('',(54.5,75.5,29.45));
#1016 = DIRECTION('',(0.,1.,0.));
#1017 = DIRECTION('',(0.,0.,1.));
#1018 = DEFINITIONAL_REPRESENTATION('',(#1019),#1023);
#1019 = LINE('',#1020,#1021);
#1020 = CARTESIAN_POINT('',(0.55,0.));
#1021 = VECTOR('',#1022,1.);
#1022 = DIRECTION('',(0.,1.));
#1023 = ( GEOMETRIC_REPRESENTATION_CONTEXT(2) 
PARAMETRIC_REPRESENTATION_CONTEXT() REPRESENTATION_CONTEXT('2D SPACE',''
  ) );
#1024 = ORIENTED_EDGE('',*,*,#1025,.F.);
#1025 = EDGE_CURVE('',#1026,#998,#1028,.T.);
#1026 = VERTEX_POINT('',#1027);
#1027 = CARTESIAN_POINT('',(55.5,4.5,30.));
#1028 = SURFACE_CURVE('',#1029,(#1033,#1040),.PCURVE_S1.);
#1029 = LINE('',#1030,#1031);
#1030 = CARTESIAN_POINT('',(55.5,4.5,30.));
#1031 = VECTOR('',#1032,1.);
#1032 = DIRECTION('',(0.,1.,0.));
#1033 = PCURVE('',#152,#1034);
#1034 = DEFINITIONAL_REPRESENTATION('',(#1035),#1039);
#1035 = LINE('',#1036,#1037);
#1036 = CARTESIAN_POINT('',(55.5,4.5));
#1037 = VECTOR('',#1038,1.);
#1038 = DIRECTION('',(0.,1.));
#1039 = ( GEOMETRIC_REPRESENTATION_CONTEXT(2) 
PARAMETRIC_REPRESENTATION_CONTEXT() REPRESENTATION_CONTEXT('2D SPACE',''
  ) );
#1040 = PCURVE('',#1041,#1046);
#1041 = PLANE('',#1042);
#1042 = AXIS2_PLACEMENT_3D('',#1043,#1044,#1045);
#1043 = CARTESIAN_POINT('',(55.5,4.5,29.45));
#1044 = DIRECTION('',(1.,0.,0.));
#1045 = DIRECTION('',(0.,0.,1.));
#1046 = DEFINITIONAL_REPRESENTATION('',(#1047),#1051);
#1047 = LINE('',#1048,#1049);
#1048 = CARTESIAN_POINT('',(0.55,0.));
#1049 = VECTOR('',#1050,1.);
#1050 = DIRECTION('',(0.,-1.));
#1051 = ( GEOMETRIC_REPRESENTATION_CONTEXT(2) 
PARAMETRIC_REPRESENTATION_CONTEXT() REPRESENTATION_CONTEXT('2D SPACE',''
  ) );
#1052 = ORIENTED_EDGE('',*,*,#1053,.F.);
#1053 = EDGE_CURVE('',#968,#1026,#1054,.T.);
#1054 = SURFACE_CURVE('',#1055,(#1059,#1066),.PCURVE_S1.);
#1055 = LINE('',#1056,#1057);
#1056 = CARTESIAN_POINT('',(54.5,4.5,30.));
#1057 = VECTOR('',#1058,1.);
#1058 = DIRECTION('',(1.,0.,0.));
#1059 = PCURVE('',#152,#1060);
#1060 = DEFINITIONAL_REPRESENTATION('',(#1061),#1065);
#1061 = LINE('',#1062,#1063);
#1062 = CARTESIAN_POINT('',(54.5,4.5));
#1063 = VECTOR('',#1064,1.);
#1064 = DIRECTION('',(1.,0.));
#1065 = ( GEOMETRIC_REPRESENTATION_CONTEXT(2) 
PARAMETRIC_REPRESENTATION_CONTEXT() REPRESENTATION_CONTEXT('2D SPACE',''
  ) );
#1066 = PCURVE('',#1067,#1072);
#1067 = PLANE('',#1068);
#1068 = AXIS2_PLACEMENT_3D('',#1069,#1070,#1071);
#1069 = CARTESIAN_POINT('',(54.5,4.5,29.45));
#1070 = DIRECTION('',(0.,1.,0.));
#1071 = DIRECTION('',(0.,0.,1.));
#1072 = DEFINITIONAL_REPRESENTATION('',(#1073),#1077);
#1073 = LINE('',#1074,#1075);
#1074 = CARTESIAN_POINT('',(0.55,0.));
#1075 = VECTOR('',#1076,1.);
#1076 = DIRECTION('',(0.,1.));
#1077 = ( GEOMETRIC_REPRESENTATION_CONTEXT(2) 
PARAMETRIC_REPRESENTATION_CONTEXT() REPRESENTATION_CONTEXT('2D SPACE',''
  ) );
#1078 = FACE_BOUND('',#1079,.T.);
#1079 = EDGE_LOOP('',(#1080,#1110,#1138,#1166));
#1080 = ORIENTED_EDGE('',*,*,#1081,.T.);
#1081 = EDGE_CURVE('',#1082,#1084,#1086,.T.);
#1082 = VERTEX_POINT('',#1083);
#1083 = CARTESIAN_POINT('',(62.5,4.5,30.));
#1084 = VERTEX_POINT('',#1085);
#1085 = CARTESIAN_POINT('',(62.5,75.5,30.));
#1086 = SURFACE_CURVE('',#1087,(#1091,#1098),.PCURVE_S1.);
#1087 = LINE('',#1088,#1089);
#1088 = CARTESIAN_POINT('',(62.5,4.5,30.));
#1089 = VECTOR('',#1090,1.);
#1090 = DIRECTION('',(0.,1.,0.));
#1091 = PCURVE('',#152,#1092);
#1092 = DEFINITIONAL_REPRESENTATION('',(#1093),#1097);
#1093 = LINE('',#1094,#1095);
#1094 = CARTESIAN_POINT('',(62.5,4.5));
#1095 = VECTOR('',#1096,1.);
#1096 = DIRECTION('',(0.,1.));
#1097 = ( GEOMETRIC_REPRESENTATION_CONTEXT(2) 
PARAMETRIC_REPRESENTATION_CONTEXT() REPRESENTATION_CONTEXT('2D SPACE',''
  ) );
#1098 = PCURVE('',#1099,#1104);
#1099 = PLANE('',#1100);
#1100 = AXIS2_PLACEMENT_3D('',#1101,#1102,#1103);
#1101 = CARTESIAN_POINT('',(62.5,4.5,29.45));
#1102 = DIRECTION('',(1.,0.,0.));
#1103 = DIRECTION('',(0.,0.,1.));
#1104 = DEFINITIONAL_REPRESENTATION('',(#1105),#1109);
#1105 = LINE('',#1106,#1107);
#1106 = CARTESIAN_POINT('',(0.55,0.));
#1107 = VECTOR('',#1108,1.);
#1108 = DIRECTION('',(0.,-1.));
#1109 = ( GEOMETRIC_REPRESENTATION_CONTEXT(2) 
PARAMETRIC_REPRESENTATION_CONTEXT() REPRESENTATION_CONTEXT('2D SPACE',''
  ) );
#1110 = ORIENTED_EDGE('',*,*,#1111,.T.);
#1111 = EDGE_CURVE('',#1084,#1112,#1114,.T.);
#1112 = VERTEX_POINT('',#1113);
#1113 = CARTESIAN_POINT('',(63.5,75.5,30.));
#1114 = SURFACE_CURVE('',#1115,(#1119,#1126),.PCURVE_S1.);
#1115 = LINE('',#1116,#1117);
#1116 = CARTESIAN_POINT('',(62.5,75.5,30.));
#1117 = VECTOR('',#1118,1.);
#1118 = DIRECTION('',(1.,0.,0.));
#1119 = PCURVE('',#152,#1120);
#1120 = DEFINITIONAL_REPRESENTATION('',(#1121),#1125);
#1121 = LINE('',#1122,#1123);
#1122 = CARTESIAN_POINT('',(62.5,75.5));
#1123 = VECTOR('',#1124,1.);
#1124 = DIRECTION('',(1.,0.));
#1125 = ( GEOMETRIC_REPRESENTATION_CONTEXT(2) 
PARAMETRIC_REPRESENTATION_CONTEXT() REPRESENTATION_CONTEXT('2D SPACE',''
  ) );
#1126 = PCURVE('',#1127,#1132);
#1127 = PLANE('',#1128);
#1128 = AXIS2_PLACEMENT_3D('',#1129,#1130,#1131);
#1129 = CARTESIAN_POINT('',(62.5,75.5,29.45));
#1130 = DIRECTION('',(0.,1.,0.));
#1131 = DIRECTION('',(0.,0.,1.));
#1132 = DEFINITIONAL_REPRESENTATION('',(#1133),#1137);
#1133 = LINE('',#1134,#1135);
#1134 = CARTESIAN_POINT('',(0.55,0.));
#1135 = VECTOR('',#1136,1.);
#1136 = DIRECTION('',(0.,1.));
#1137 = ( GEOMETRIC_REPRESENTATION_CONTEXT(2) 
PARAMETRIC_REPRESENTATION_CONTEXT() REPRESENTATION_CONTEXT('2D SPACE',''
  ) );
#1138 = ORIENTED_EDGE('',*,*,#1139,.F.);
#1139 = EDGE_CURVE('',#1140,#1112,#1142,.T.);
#1140 = VERTEX_POINT('',#1141);
#1141 = CARTESIAN_POINT('',(63.5,4.5,30.));
#1142 = SURFACE_CURVE('',#1143,(#1147,#1154),.PCURVE_S1.);
#1143 = LINE('',#1144,#1145);
#1144 = CARTESIAN_POINT('',(63.5,4.5,30.));
#1145 = VECTOR('',#1146,1.);
#1146 = DIRECTION('',(0.,1.,0.));
#1147 = PCURVE('',#152,#1148);
#1148 = DEFINITIONAL_REPRESENTATION('',(#1149),#1153);
#1149 = LINE('',#1150,#1151);
#1150 = CARTESIAN_POINT('',(63.5,4.5));
#1151 = VECTOR('',#1152,1.);
#1152 = DIRECTION('',(0.,1.));
#1153 = ( GEOMETRIC_REPRESENTATION_CONTEXT(2) 
PARAMETRIC_REPRESENTATION_CONTEXT() REPRESENTATION_CONTEXT('2D SPACE',''
  ) );
#1154 = PCURVE('',#1155,#1160);
#1155 = PLANE('',#1156);
#1156 = AXIS2_PLACEMENT_3D('',#1157,#1158,#1159);
#1157 = CARTESIAN_POINT('',(63.5,4.5,29.45));
#1158 = DIRECTION('',(1.,0.,0.));
#1159 = DIRECTION('',(0.,0.,1.));
#1160 = DEFINITIONAL_REPRESENTATION('',(#1161),#1165);
#1161 = LINE('',#1162,#1163);
#1162 = CARTESIAN_POINT('',(0.55,0.));
#1163 = VECTOR('',#1164,1.);
#1164 = DIRECTION('',(0.,-1.));
#1165 = ( GEOMETRIC_REPRESENTATION_CONTEXT(2) 
PARAMETRIC_REPRESENTATION_CONTEXT() REPRESENTATION_CONTEXT('2D SPACE',''
  ) );
#1166 = ORIENTED_EDGE('',*,*,#1167,.F.);
#1167 = EDGE_CURVE('',#1082,#1140,#1168,.T.);
#1168 = SURFACE_CURVE('',#1169,(#1173,#1180),.PCURVE_S1.);
#1169 = LINE('',#1170,#1171);
#1170 = CARTESIAN_POINT('',(62.5,4.5,30.));
#1171 = VECTOR('',#1172,1.);
#1172 = DIRECTION('',(1.,0.,0.));
#1173 = PCURVE('',#152,#1174);
#1174 = DEFINITIONAL_REPRESENTATION('',(#1175),#1179);
#1175 = LINE('',#1176,#1177);
#1176 = CARTESIAN_POINT('',(62.5,4.5));
#1177 = VECTOR('',#1178,1.);
#1178 = DIRECTION('',(1.,0.));
#1179 = ( GEOMETRIC_REPRESENTATION_CONTEXT(2) 
PARAMETRIC_REPRESENTATION_CONTEXT() REPRESENTATION_CONTEXT('2D SPACE',''
  ) );
#1180 = PCURVE('',#1181,#1186);
#1181 = PLANE('',#1182);
#1182 = AXIS2_PLACEMENT_3D('',#1183,#1184,#1185);
#1183 = CARTESIAN_POINT('',(62.5,4.5,29.45));
#1184 = DIRECTION('',(0.,1.,0.));
#1185 = DIRECTION('',(0.,0.,1.));
#1186 = DEFINITIONAL_REPRESENTATION('',(#1187),#1191);
#1187 = LINE('',#1188,#1189);
#1188 = CARTESIAN_POINT('',(0.55,0.));
#1189 = VECTOR('',#1190,1.);
#1190 = DIRECTION('',(0.,1.));
#1191 = ( GEOMETRIC_REPRESENTATION_CONTEXT(2) 
PARAMETRIC_REPRESENTATION_CONTEXT() REPRESENTATION_CONTEXT('2D SPACE',''
  ) );
#1192 = FACE_BOUND('',#1193,.T.);
#1193 = EDGE_LOOP('',(#1194,#1224,#1252,#1280));
#1194 = ORIENTED_EDGE('',*,*,#1195,.T.);
#1195 = EDGE_CURVE('',#1196,#1198,#1200,.T.);
#1196 = VERTEX_POINT('',#1197);
#1197 = CARTESIAN_POINT('',(70.5,4.5,30.));
#1198 = VERTEX_POINT('',#1199);
#1199 = CARTESIAN_POINT('',(70.5,75.5,30.));
#1200 = SURFACE_CURVE('',#1201,(#1205,#1212),.PCURVE_S1.);
#1201 = LINE('',#1202,#1203);
#1202 = CARTESIAN_POINT('',(70.5,4.5,30.));
#1203 = VECTOR('',#1204,1.);
#1204 = DIRECTION('',(0.,1.,0.));
#1205 = PCURVE('',#152,#1206);
#1206 = DEFINITIONAL_REPRESENTATION('',(#1207),#1211);
#1207 = LINE('',#1208,#1209);
#1208 = CARTESIAN_POINT('',(70.5,4.5));
#1209 = VECTOR('',#1210,1.);
#1210 = DIRECTION('',(0.,1.));
#1211 = ( GEOMETRIC_REPRESENTATION_CONTEXT(2) 
PARAMETRIC_REPRESENTATION_CONTEXT() REPRESENTATION_CONTEXT('2D SPACE',''
  ) );
#1212 = PCURVE('',#1213,#1218);
#1213 = PLANE('',#1214);
#1214 = AXIS2_PLACEMENT_3D('',#1215,#1216,#1217);
#1215 = CARTESIAN_POINT('',(70.5,4.5,29.45));
#1216 = DIRECTION('',(1.,0.,0.));
#1217 = DIRECTION('',(0.,0.,1.));
#1218 = DEFINITIONAL_REPRESENTATION('',(#1219),#1223);
#1219 = LINE('',#1220,#1221);
#1220 = CARTESIAN_POINT('',(0.55,0.));
#1221 = VECTOR('',#1222,1.);
#1222 = DIRECTION('',(0.,-1.));
#1223 = ( GEOMETRIC_REPRESENTATION_CONTEXT(2) 
PARAMETRIC_REPRESENTATION_CONTEXT() REPRESENTATION_CONTEXT('2D SPACE',''
  ) );
#1224 = ORIENTED_EDGE('',*,*,#1225,.T.);
#1225 = EDGE_CURVE('',#1198,#1226,#1228,.T.);
#1226 = VERTEX_POINT('',#1227);
#1227 = CARTESIAN_POINT('',(71.5,75.5,30.));
#1228 = SURFACE_CURVE('',#1229,(#1233,#1240),.PCURVE_S1.);
#1229 = LINE('',#1230,#1231);
#1230 = CARTESIAN_POINT('',(70.5,75.5,30.));
#1231 = VECTOR('',#1232,1.);
#1232 = DIRECTION('',(1.,0.,0.));
#1233 = PCURVE('',#152,#1234);
#1234 = DEFINITIONAL_REPRESENTATION('',(#1235),#1239);
#1235 = LINE('',#1236,#1237);
#1236 = CARTESIAN_POINT('',(70.5,75.5));
#1237 = VECTOR('',#1238,1.);
#1238 = DIRECTION('',(1.,0.));
#1239 = ( GEOMETRIC_REPRESENTATION_CONTEXT(2) 
PARAMETRIC_REPRESENTATION_CONTEXT() REPRESENTATION_CONTEXT('2D SPACE',''
  ) );
#1240 = PCURVE('',#1241,#1246);
#1241 = PLANE('',#1242);
#1242 = AXIS2_PLACEMENT_3D('',#1243,#1244,#1245);
#1243 = CARTESIAN_POINT('',(70.5,75.5,29.45));
#1244 = DIRECTION('',(0.,1.,0.));
#1245 = DIRECTION('',(0.,0.,1.));
#1246 = DEFINITIONAL_REPRESENTATION('',(#1247),#1251);
#1247 = LINE('',#1248,#1249);
#1248 = CARTESIAN_POINT('',(0.55,0.));
#1249 = VECTOR('',#1250,1.);
#1250 = DIRECTION('',(0.,1.));
#1251 = ( GEOMETRIC_REPRESENTATION_CONTEXT(2) 
PARAMETRIC_REPRESENTATION_CONTEXT() REPRESENTATION_CONTEXT('2D SPACE',''
  ) );
#1252 = ORIENTED_EDGE('',*,*,#1253,.F.);
#1253 = EDGE_CURVE('',#1254,#1226,#1256,.T.);
#1254 = VERTEX_POINT('',#1255);
#1255 = CARTESIAN_POINT('',(71.5,4.5,30.));
#1256 = SURFACE_CURVE('',#1257,(#1261,#1268),.PCURVE_S1.);
#1257 = LINE('',#1258,#1259);
#1258 = CARTESIAN_POINT('',(71.5,4.5,30.));
#1259 = VECTOR('',#1260,1.);
#1260 = DIRECTION('',(0.,1.,0.));
#1261 = PCURVE('',#152,#1262);
#1262 = DEFINITIONAL_REPRESENTATION('',(#1263),#1267);
#1263 = LINE('',#1264,#1265);
#1264 = CARTESIAN_POINT('',(71.5,4.5));
#1265 = VECTOR('',#1266,1.);
#1266 = DIRECTION('',(0.,1.));
#1267 = ( GEOMETRIC_REPRESENTATION_CONTEXT(2) 
PARAMETRIC_REPRESENTATION_CONTEXT() REPRESENTATION_CONTEXT('2D SPACE',''
  ) );
#1268 = PCURVE('',#1269,#1274);
#1269 = PLANE('',#1270);
#1270 = AXIS2_PLACEMENT_3D('',#1271,#1272,#1273);
#1271 = CARTESIAN_POINT('',(71.5,4.5,29.45));
#1272 = DIRECTION('',(1.,0.,0.));
#1273 = DIRECTION('',(0.,0.,1.));
#1274 = DEFINITIONAL_REPRESENTATION('',(#1275),#1279);
#1275 = LINE('',#1276,#1277);
#1276 = CARTESIAN_POINT('',(0.55,0.));
#1277 = VECTOR('',#1278,1.);
#1278 = DIRECTION('',(0.,-1.));
#1279 = ( GEOMETRIC_REPRESENTATION_CONTEXT(2) 
PARAMETRIC_REPRESENTATION_CONTEXT() REPRESENTATION_CONTEXT('2D SPACE',''
  ) );
#1280 = ORIENTED_EDGE('',*,*,#1281,.F.);
#1281 = EDGE_CURVE('',#1196,#1254,#1282,.T.);
#1282 = SURFACE_CURVE('',#1283,(#1287,#1294),.PCURVE_S1.);
#1283 = LINE('',#1284,#1285);
#1284 = CARTESIAN_POINT('',(70.5,4.5,30.));
#1285 = VECTOR('',#1286,1.);
#1286 = DIRECTION('',(1.,0.,0.));
#1287 = PCURVE('',#152,#1288);
#1288 = DEFINITIONAL_REPRESENTATION('',(#1289),#1293);
#1289 = LINE('',#1290,#1291);
#1290 = CARTESIAN_POINT('',(70.5,4.5));
#1291 = VECTOR('',#1292,1.);
#1292 = DIRECTION('',(1.,0.));
#1293 = ( GEOMETRIC_REPRESENTATION_CONTEXT(2) 
PARAMETRIC_REPRESENTATION_CONTEXT() REPRESENTATION_CONTEXT('2D SPACE',''
  ) );
#1294 = PCURVE('',#1295,#1300);
#1295 = PLANE('',#1296);
#1296 = AXIS2_PLACEMENT_3D('',#1297,#1298,#1299);
#1297 = CARTESIAN_POINT('',(70.5,4.5,29.45));
#1298 = DIRECTION('',(0.,1.,0.));
#1299 = DIRECTION('',(0.,0.,1.));
#1300 = DEFINITIONAL_REPRESENTATION('',(#1301),#1305);
#1301 = LINE('',#1302,#1303);
#1302 = CARTESIAN_POINT('',(0.55,0.));
#1303 = VECTOR('',#1304,1.);
#1304 = DIRECTION('',(0.,1.));
#1305 = ( GEOMETRIC_REPRESENTATION_CONTEXT(2) 
PARAMETRIC_REPRESENTATION_CONTEXT() REPRESENTATION_CONTEXT('2D SPACE',''
  ) );
#1306 = FACE_BOUND('',#1307,.T.);
#1307 = EDGE_LOOP('',(#1308,#1338,#1366,#1394));
#1308 = ORIENTED_EDGE('',*,*,#1309,.T.);
#1309 = EDGE_CURVE('',#1310,#1312,#1314,.T.);
#1310 = VERTEX_POINT('',#1311);
#1311 = CARTESIAN_POINT('',(78.5,4.5,30.));
#1312 = VERTEX_POINT('',#1313);
#1313 = CARTESIAN_POINT('',(78.5,75.5,30.));
#1314 = SURFACE_CURVE('',#1315,(#1319,#1326),.PCURVE_S1.);
#1315 = LINE('',#1316,#1317);
#1316 = CARTESIAN_POINT('',(78.5,4.5,30.));
#1317 = VECTOR('',#1318,1.);
#1318 = DIRECTION('',(0.,1.,0.));
#1319 = PCURVE('',#152,#1320);
#1320 = DEFINITIONAL_REPRESENTATION('',(#1321),#1325);
#1321 = LINE('',#1322,#1323);
#1322 = CARTESIAN_POINT('',(78.5,4.5));
#1323 = VECTOR('',#1324,1.);
#1324 = DIRECTION('',(0.,1.));
#1325 = ( GEOMETRIC_REPRESENTATION_CONTEXT(2) 
PARAMETRIC_REPRESENTATION_CONTEXT() REPRESENTATION_CONTEXT('2D SPACE',''
  ) );
#1326 = PCURVE('',#1327,#1332);
#1327 = PLANE('',#1328);
#1328 = AXIS2_PLACEMENT_3D('',#1329,#1330,#1331);
#1329 = CARTESIAN_POINT('',(78.5,4.5,29.45));
#1330 = DIRECTION('',(1.,0.,0.));
#1331 = DIRECTION('',(0.,0.,1.));
#1332 = DEFINITIONAL_REPRESENTATION('',(#1333),#1337);
#1333 = LINE('',#1334,#1335);
#1334 = CARTESIAN_POINT('',(0.55,0.));
#1335 = VECTOR('',#1336,1.);
#1336 = DIRECTION('',(0.,-1.));
#1337 = ( GEOMETRIC_REPRESENTATION_CONTEXT(2) 
PARAMETRIC_REPRESENTATION_CONTEXT() REPRESENTATION_CONTEXT('2D SPACE',''
  ) );
#1338 = ORIENTED_EDGE('',*,*,#1339,.T.);
#1339 = EDGE_CURVE('',#1312,#1340,#1342,.T.);
#1340 = VERTEX_POINT('',#1341);
#1341 = CARTESIAN_POINT('',(79.5,75.5,30.));
#1342 = SURFACE_CURVE('',#1343,(#1347,#1354),.PCURVE_S1.);
#1343 = LINE('',#1344,#1345);
#1344 = CARTESIAN_POINT('',(78.5,75.5,30.));
#1345 = VECTOR('',#1346,1.);
#1346 = DIRECTION('',(1.,0.,0.));
#1347 = PCURVE('',#152,#1348);
#1348 = DEFINITIONAL_REPRESENTATION('',(#1349),#1353);
#1349 = LINE('',#1350,#1351);
#1350 = CARTESIAN_POINT('',(78.5,75.5));
#1351 = VECTOR('',#1352,1.);
#1352 = DIRECTION('',(1.,0.));
#1353 = ( GEOMETRIC_REPRESENTATION_CONTEXT(2) 
PARAMETRIC_REPRESENTATION_CONTEXT() REPRESENTATION_CONTEXT('2D SPACE',''
  ) );
#1354 = PCURVE('',#1355,#1360);
#1355 = PLANE('',#1356);
#1356 = AXIS2_PLACEMENT_3D('',#1357,#1358,#1359);
#1357 = CARTESIAN_POINT('',(78.5,75.5,29.45));
#1358 = DIRECTION('',(0.,1.,0.));
#1359 = DIRECTION('',(0.,0.,1.));
#1360 = DEFINITIONAL_REPRESENTATION('',(#1361),#1365);
#1361 = LINE('',#1362,#1363);
#1362 = CARTESIAN_POINT('',(0.55,0.));
#1363 = VECTOR('',#1364,1.);
#1364 = DIRECTION('',(0.,1.));
#1365 = ( GEOMETRIC_REPRESENTATION_CONTEXT(2) 
PARAMETRIC_REPRESENTATION_CONTEXT() REPRESENTATION_CONTEXT('2D SPACE',''
  ) );
#1366 = ORIENTED_EDGE('',*,*,#1367,.F.);
#1367 = EDGE_CURVE('',#1368,#1340,#1370,.T.);
#1368 = VERTEX_POINT('',#1369);
#1369 = CARTESIAN_POINT('',(79.5,4.5,30.));
#1370 = SURFACE_CURVE('',#1371,(#1375,#1382),.PCURVE_S1.);
#1371 = LINE('',#1372,#1373);
#1372 = CARTESIAN_POINT('',(79.5,4.5,30.));
#1373 = VECTOR('',#1374,1.);
#1374 = DIRECTION('',(0.,1.,0.));
#1375 = PCURVE('',#152,#1376);
#1376 = DEFINITIONAL_REPRESENTATION('',(#1377),#1381);
#1377 = LINE('',#1378,#1379);
#1378 = CARTESIAN_POINT('',(79.5,4.5));
#1379 = VECTOR('',#1380,1.);
#1380 = DIRECTION('',(0.,1.));
#1381 = ( GEOMETRIC_REPRESENTATION_CONTEXT(2) 
PARAMETRIC_REPRESENTATION_CONTEXT() REPRESENTATION_CONTEXT('2D SPACE',''
  ) );
#1382 = PCURVE('',#1383,#1388);
#1383 = PLANE('',#1384);
#1384 = AXIS2_PLACEMENT_3D('',#1385,#1386,#1387);
#1385 = CARTESIAN_POINT('',(79.5,4.5,29.45));
#1386 = DIRECTION('',(1.,0.,0.));
#1387 = DIRECTION('',(0.,0.,1.));
#1388 = DEFINITIONAL_REPRESENTATION('',(#1389),#1393);
#1389 = LINE('',#1390,#1391);
#1390 = CARTESIAN_POINT('',(0.55,0.));
#1391 = VECTOR('',#1392,1.);
#1392 = DIRECTION('',(0.,-1.));
#1393 = ( GEOMETRIC_REPRESENTATION_CONTEXT(2) 
PARAMETRIC_REPRESENTATION_CONTEXT() REPRESENTATION_CONTEXT('2D SPACE',''
  ) );
#1394 = ORIENTED_EDGE('',*,*,#1395,.F.);
#1395 = EDGE_CURVE('',#1310,#1368,#1396,.T.);
#1396 = SURFACE_CURVE('',#1397,(#1401,#1408),.PCURVE_S1.);
#1397 = LINE('',#1398,#1399);
#1398 = CARTESIAN_POINT('',(78.5,4.5,30.));
#1399 = VECTOR('',#1400,1.);
#1400 = DIRECTION('',(1.,0.,0.));
#1401 = PCURVE('',#152,#1402);
#1402 = DEFINITIONAL_REPRESENTATION('',(#1403),#1407);
#1403 = LINE('',#1404,#1405);
#1404 = CARTESIAN_POINT('',(78.5,4.5));
#1405 = VECTOR('',#1406,1.);
#1406 = DIRECTION('',(1.,0.));
#1407 = ( GEOMETRIC_REPRESENTATION_CONTEXT(2) 
PARAMETRIC_REPRESENTATION_CONTEXT() REPRESENTATION_CONTEXT('2D SPACE',''
  ) );
#1408 = PCURVE('',#1409,#1414);
#1409 = PLANE('',#1410);
#1410 = AXIS2_PLACEMENT_3D('',#1411,#1412,#1413);
#1411 = CARTESIAN_POINT('',(78.5,4.5,29.45));
#1412 = DIRECTION('',(0.,1.,0.));
#1413 = DIRECTION('',(0.,0.,1.));
#1414 = DEFINITIONAL_REPRESENTATION('',(#1415),#1419);
#1415 = LINE('',#1416,#1417);
#1416 = CARTESIAN_POINT('',(0.55,0.));
#1417 = VECTOR('',#1418,1.);
#1418 = DIRECTION('',(0.,1.));
#1419 = ( GEOMETRIC_REPRESENTATION_CONTEXT(2) 
PARAMETRIC_REPRESENTATION_CONTEXT() REPRESENTATION_CONTEXT('2D SPACE',''
  ) );
#1420 = FACE_BOUND('',#1421,.T.);
#1421 = EDGE_LOOP('',(#1422,#1452,#1480,#1508));
#1422 = ORIENTED_EDGE('',*,*,#1423,.T.);
#1423 = EDGE_CURVE('',#1424,#1426,#1428,.T.);
#1424 = VERTEX_POINT('',#1425);
#1425 = CARTESIAN_POINT('',(86.5,4.5,30.));
#1426 = VERTEX_POINT('',#1427);
#1427 = CARTESIAN_POINT('',(86.5,75.5,30.));
#1428 = SURFACE_CURVE('',#1429,(#1433,#1440),.PCURVE_S1.);
#1429 = LINE('',#1430,#1431);
#1430 = CARTESIAN_POINT('',(86.5,4.5,30.));
#1431 = VECTOR('',#1432,1.);
#1432 = DIRECTION('',(0.,1.,0.));
#1433 = PCURVE('',#152,#1434);
#1434 = DEFINITIONAL_REPRESENTATION('',(#1435),#1439);
#1435 = LINE('',#1436,#1437);
#1436 = CARTESIAN_POINT('',(86.5,4.5));
#1437 = VECTOR('',#1438,1.);
#1438 = DIRECTION('',(0.,1.));
#1439 = ( GEOMETRIC_REPRESENTATION_CONTEXT(2) 
PARAMETRIC_REPRESENTATION_CONTEXT() REPRESENTATION_CONTEXT('2D SPACE',''
  ) );
#1440 = PCURVE('',#1441,#1446);
#1441 = PLANE('',#1442);
#1442 = AXIS2_PLACEMENT_3D('',#1443,#1444,#1445);
#1443 = CARTESIAN_POINT('',(86.5,4.5,29.45));
#1444 = DIRECTION('',(1.,0.,0.));
#1445 = DIRECTION('',(0.,0.,1.));
#1446 = DEFINITIONAL_REPRESENTATION('',(#1447),#1451);
#1447 = LINE('',#1448,#1449);
#1448 = CARTESIAN_POINT('',(0.55,0.));
#1449 = VECTOR('',#1450,1.);
#1450 = DIRECTION('',(0.,-1.));
#1451 = ( GEOMETRIC_REPRESENTATION_CONTEXT(2) 
PARAMETRIC_REPRESENTATION_CONTEXT() REPRESENTATION_CONTEXT('2D SPACE',''
  ) );
#1452 = ORIENTED_EDGE('',*,*,#1453,.T.);
#1453 = EDGE_CURVE('',#1426,#1454,#1456,.T.);
#1454 = VERTEX_POINT('',#1455);
#1455 = CARTESIAN_POINT('',(87.5,75.5,30.));
#1456 = SURFACE_CURVE('',#1457,(#1461,#1468),.PCURVE_S1.);
#1457 = LINE('',#1458,#1459);
#1458 = CARTESIAN_POINT('',(86.5,75.5,30.));
#1459 = VECTOR('',#1460,1.);
#1460 = DIRECTION('',(1.,0.,0.));
#1461 = PCURVE('',#152,#1462);
#1462 = DEFINITIONAL_REPRESENTATION('',(#1463),#1467);
#1463 = LINE('',#1464,#1465);
#1464 = CARTESIAN_POINT('',(86.5,75.5));
#1465 = VECTOR('',#1466,1.);
#1466 = DIRECTION('',(1.,0.));
#1467 = ( GEOMETRIC_REPRESENTATION_CONTEXT(2) 
PARAMETRIC_REPRESENTATION_CONTEXT() REPRESENTATION_CONTEXT('2D SPACE',''
  ) );
#1468 = PCURVE('',#1469,#1474);
#1469 = PLANE('',#1470);
#1470 = AXIS2_PLACEMENT_3D('',#1471,#1472,#1473);
#1471 = CARTESIAN_POINT('',(86.5,75.5,29.45));
#1472 = DIRECTION('',(0.,1.,0.));
#1473 = DIRECTION('',(0.,0.,1.));
#1474 = DEFINITIONAL_REPRESENTATION('',(#1475),#1479);
#1475 = LINE('',#1476,#1477);
#1476 = CARTESIAN_POINT('',(0.55,0.));
#1477 = VECTOR('',#1478,1.);
#1478 = DIRECTION('',(0.,1.));
#1479 = ( GEOMETRIC_REPRESENTATION_CONTEXT(2) 
PARAMETRIC_REPRESENTATION_CONTEXT() REPRESENTATION_CONTEXT('2D SPACE',''
  ) );
#1480 = ORIENTED_EDGE('',*,*,#1481,.F.);
#1481 = EDGE_CURVE('',#1482,#1454,#1484,.T.);
#1482 = VERTEX_POINT('',#1483);
#1483 = CARTESIAN_POINT('',(87.5,4.5,30.));
#1484 = SURFACE_CURVE('',#1485,(#1489,#1496),.PCURVE_S1.);
#1485 = LINE('',#1486,#1487);
#1486 = CARTESIAN_POINT('',(87.5,4.5,30.));
#1487 = VECTOR('',#1488,1.);
#1488 = DIRECTION('',(0.,1.,0.));
#1489 = PCURVE('',#152,#1490);
#1490 = DEFINITIONAL_REPRESENTATION('',(#1491),#1495);
#1491 = LINE('',#1492,#1493);
#1492 = CARTESIAN_POINT('',(87.5,4.5));
#1493 = VECTOR('',#1494,1.);
#1494 = DIRECTION('',(0.,1.));
#1495 = ( GEOMETRIC_REPRESENTATION_CONTEXT(2) 
PARAMETRIC_REPRESENTATION_CONTEXT() REPRESENTATION_CONTEXT('2D SPACE',''
  ) );
#1496 = PCURVE('',#1497,#1502);
#1497 = PLANE('',#1498);
#1498 = AXIS2_PLACEMENT_3D('',#1499,#1500,#1501);
#1499 = CARTESIAN_POINT('',(87.5,4.5,29.45));
#1500 = DIRECTION('',(1.,0.,0.));
#1501 = DIRECTION('',(0.,0.,1.));
#1502 = DEFINITIONAL_REPRESENTATION('',(#1503),#1507);
#1503 = LINE('',#1504,#1505);
#1504 = CARTESIAN_POINT('',(0.55,0.));
#1505 = VECTOR('',#1506,1.);
#1506 = DIRECTION('',(0.,-1.));
#1507 = ( GEOMETRIC_REPRESENTATION_CONTEXT(2) 
PARAMETRIC_REPRESENTATION_CONTEXT() REPRESENTATION_CONTEXT('2D SPACE',''
  ) );
#1508 = ORIENTED_EDGE('',*,*,#1509,.F.);
#1509 = EDGE_CURVE('',#1424,#1482,#1510,.T.);
#1510 = SURFACE_CURVE('',#1511,(#1515,#1522),.PCURVE_S1.);
#1511 = LINE('',#1512,#1513);
#1512 = CARTESIAN_POINT('',(86.5,4.5,30.));
#1513 = VECTOR('',#1514,1.);
#1514 = DIRECTION('',(1.,0.,0.));
#1515 = PCURVE('',#152,#1516);
#1516 = DEFINITIONAL_REPRESENTATION('',(#1517),#1521);
#1517 = LINE('',#1518,#1519);
#1518 = CARTESIAN_POINT('',(86.5,4.5));
#1519 = VECTOR('',#1520,1.);
#1520 = DIRECTION('',(1.,0.));
#1521 = ( GEOMETRIC_REPRESENTATION_CONTEXT(2) 
PARAMETRIC_REPRESENTATION_CONTEXT() REPRESENTATION_CONTEXT('2D SPACE',''
  ) );
#1522 = PCURVE('',#1523,#1528);
#1523 = PLANE('',#1524);
#1524 = AXIS2_PLACEMENT_3D('',#1525,#1526,#1527);
#1525 = CARTESIAN_POINT('',(86.5,4.5,29.45));
#1526 = DIRECTION('',(0.,1.,0.));
#1527 = DIRECTION('',(0.,0.,1.));
#1528 = DEFINITIONAL_REPRESENTATION('',(#1529),#1533);
#1529 = LINE('',#1530,#1531);
#1530 = CARTESIAN_POINT('',(0.55,0.));
#1531 = VECTOR('',#1532,1.);
#1532 = DIRECTION('',(0.,1.));
#1533 = ( GEOMETRIC_REPRESENTATION_CONTEXT(2) 
PARAMETRIC_REPRESENTATION_CONTEXT() REPRESENTATION_CONTEXT('2D SPACE',''
  ) );
#1534 = FACE_BOUND('',#1535,.T.);
#1535 = EDGE_LOOP('',(#1536,#1566,#1594,#1622));
#1536 = ORIENTED_EDGE('',*,*,#1537,.T.);
#1537 = EDGE_CURVE('',#1538,#1540,#1542,.T.);
#1538 = VERTEX_POINT('',#1539);
#1539 = CARTESIAN_POINT('',(94.5,4.5,30.));
#1540 = VERTEX_POINT('',#1541);
#1541 = CARTESIAN_POINT('',(94.5,75.5,30.));
#1542 = SURFACE_CURVE('',#1543,(#1547,#1554),.PCURVE_S1.);
#1543 = LINE('',#1544,#1545);
#1544 = CARTESIAN_POINT('',(94.5,4.5,30.));
#1545 = VECTOR('',#1546,1.);
#1546 = DIRECTION('',(0.,1.,0.));
#1547 = PCURVE('',#152,#1548);
#1548 = DEFINITIONAL_REPRESENTATION('',(#1549),#1553);
#1549 = LINE('',#1550,#1551);
#1550 = CARTESIAN_POINT('',(94.5,4.5));
#1551 = VECTOR('',#1552,1.);
#1552 = DIRECTION('',(0.,1.));
#1553 = ( GEOMETRIC_REPRESENTATION_CONTEXT(2) 
PARAMETRIC_REPRESENTATION_CONTEXT() REPRESENTATION_CONTEXT('2D SPACE',''
  ) );
#1554 = PCURVE('',#1555,#1560);
#1555 = PLANE('',#1556);
#1556 = AXIS2_PLACEMENT_3D('',#1557,#1558,#1559);
#1557 = CARTESIAN_POINT('',(94.5,4.5,29.45));
#1558 = DIRECTION('',(1.,0.,0.));
#1559 = DIRECTION('',(0.,0.,1.));
#1560 = DEFINITIONAL_REPRESENTATION('',(#1561),#1565);
#1561 = LINE('',#1562,#1563);
#1562 = CARTESIAN_POINT('',(0.55,0.));
#1563 = VECTOR('',#1564,1.);
#1564 = DIRECTION('',(0.,-1.));
#1565 = ( GEOMETRIC_REPRESENTATION_CONTEXT(2) 
PARAMETRIC_REPRESENTATION_CONTEXT() REPRESENTATION_CONTEXT('2D SPACE',''
  ) );
#1566 = ORIENTED_EDGE('',*,*,#1567,.T.);
#1567 = EDGE_CURVE('',#1540,#1568,#1570,.T.);
#1568 = VERTEX_POINT('',#1569);
#1569 = CARTESIAN_POINT('',(95.5,75.5,30.));
#1570 = SURFACE_CURVE('',#1571,(#1575,#1582),.PCURVE_S1.);
#1571 = LINE('',#1572,#1573);
#1572 = CARTESIAN_POINT('',(94.5,75.5,30.));
#1573 = VECTOR('',#1574,1.);
#1574 = DIRECTION('',(1.,0.,0.));
#1575 = PCURVE('',#152,#1576);
#1576 = DEFINITIONAL_REPRESENTATION('',(#1577),#1581);
#1577 = LINE('',#1578,#1579);
#1578 = CARTESIAN_POINT('',(94.5,75.5));
#1579 = VECTOR('',#1580,1.);
#1580 = DIRECTION('',(1.,0.));
#1581 = ( GEOMETRIC_REPRESENTATION_CONTEXT(2) 
PARAMETRIC_REPRESENTATION_CONTEXT() REPRESENTATION_CONTEXT('2D SPACE',''
  ) );
#1582 = PCURVE('',#1583,#1588);
#1583 = PLANE('',#1584);
#1584 = AXIS2_PLACEMENT_3D('',#1585,#1586,#1587);
#1585 = CARTESIAN_POINT('',(94.5,75.5,29.45));
#1586 = DIRECTION('',(0.,1.,0.));
#1587 = DIRECTION('',(0.,0.,1.));
#1588 = DEFINITIONAL_REPRESENTATION('',(#1589),#1593);
#1589 = LINE('',#1590,#1591);
#1590 = CARTESIAN_POINT('',(0.55,0.));
#1591 = VECTOR('',#1592,1.);
#1592 = DIRECTION('',(0.,1.));
#1593 = ( GEOMETRIC_REPRESENTATION_CONTEXT(2) 
PARAMETRIC_REPRESENTATION_CONTEXT() REPRESENTATION_CONTEXT('2D SPACE',''
  ) );
#1594 = ORIENTED_EDGE('',*,*,#1595,.F.);
#1595 = EDGE_CURVE('',#1596,#1568,#1598,.T.);
#1596 = VERTEX_POINT('',#1597);
#1597 = CARTESIAN_POINT('',(95.5,4.5,30.));
#1598 = SURFACE_CURVE('',#1599,(#1603,#1610),.PCURVE_S1.);
#1599 = LINE('',#1600,#1601);
#1600 = CARTESIAN_POINT('',(95.5,4.5,30.));
#1601 = VECTOR('',#1602,1.);
#1602 = DIRECTION('',(0.,1.,0.));
#1603 = PCURVE('',#152,#1604);
#1604 = DEFINITIONAL_REPRESENTATION('',(#1605),#1609);
#1605 = LINE('',#1606,#1607);
#1606 = CARTESIAN_POINT('',(95.5,4.5));
#1607 = VECTOR('',#1608,1.);
#1608 = DIRECTION('',(0.,1.));
#1609 = ( GEOMETRIC_REPRESENTATION_CONTEXT(2) 
PARAMETRIC_REPRESENTATION_CONTEXT() REPRESENTATION_CONTEXT('2D SPACE',''
  ) );
#1610 = PCURVE('',#1611,#1616);
#1611 = PLANE('',#1612);
#1612 = AXIS2_PLACEMENT_3D('',#1613,#1614,#1615);
#1613 = CARTESIAN_POINT('',(95.5,4.5,29.45));
#1614 = DIRECTION('',(1.,0.,0.));
#1615 = DIRECTION('',(0.,0.,1.));
#1616 = DEFINITIONAL_REPRESENTATION('',(#1617),#1621);
#1617 = LINE('',#1618,#1619);
#1618 = CARTESIAN_POINT('',(0.55,0.));
#1619 = VECTOR('',#1620,1.);
#1620 = DIRECTION('',(0.,-1.));
#1621 = ( GEOMETRIC_REPRESENTATION_CONTEXT(2) 
PARAMETRIC_REPRESENTATION_CONTEXT() REPRESENTATION_CONTEXT('2D SPACE',''
  ) );
#1622 = ORIENTED_EDGE('',*,*,#1623,.F.);
#1623 = EDGE_CURVE('',#1538,#1596,#1624,.T.);
#1624 = SURFACE_CURVE('',#1625,(#1629,#1636),.PCURVE_S1.);
#1625 = LINE('',#1626,#1627);
#1626 = CARTESIAN_POINT('',(94.5,4.5,30.));
#1627 = VECTOR('',#1628,1.);
#1628 = DIRECTION('',(1.,0.,0.));
#1629 = PCURVE('',#152,#1630);
#1630 = DEFINITIONAL_REPRESENTATION('',(#1631),#1635);
#1631 = LINE('',#1632,#1633);
#1632 = CARTESIAN_POINT('',(94.5,4.5));
#1633 = VECTOR('',#1634,1.);
#1634 = DIRECTION('',(1.,0.));
#1635 = ( GEOMETRIC_REPRESENTATION_CONTEXT(2) 
PARAMETRIC_REPRESENTATION_CONTEXT() REPRESENTATION_CONTEXT('2D SPACE',''
  ) );
#1636 = PCURVE('',#1637,#1642);
#1637 = PLANE('',#1638);
#1638 = AXIS2_PLACEMENT_3D('',#1639,#1640,#1641);
#1639 = CARTESIAN_POINT('',(94.5,4.5,29.45));
#1640 = DIRECTION('',(0.,1.,0.));
#1641 = DIRECTION('',(0.,0.,1.));
#1642 = DEFINITIONAL_REPRESENTATION('',(#1643),#1647);
#1643 = LINE('',#1644,#1645);
#1644 = CARTESIAN_POINT('',(0.55,0.));
#1645 = VECTOR('',#1646,1.);
#1646 = DIRECTION('',(0.,1.));
#1647 = ( GEOMETRIC_REPRESENTATION_CONTEXT(2) 
PARAMETRIC_REPRESENTATION_CONTEXT() REPRESENTATION_CONTEXT('2D SPACE',''
  ) );
#1648 = ADVANCED_FACE('',(#1649,#1697),#126,.T.);
#1649 = FACE_BOUND('',#1650,.T.);
#1650 = EDGE_LOOP('',(#1651,#1674,#1675,#1676));
#1651 = ORIENTED_EDGE('',*,*,#1652,.F.);
#1652 = EDGE_CURVE('',#83,#1653,#1655,.T.);
#1653 = VERTEX_POINT('',#1654);
#1654 = CARTESIAN_POINT('',(108.,80.,0.));
#1655 = SURFACE_CURVE('',#1656,(#1660,#1667),.PCURVE_S1.);
#1656 = LINE('',#1657,#1658);
#1657 = CARTESIAN_POINT('',(0.,80.,0.));
#1658 = VECTOR('',#1659,1.);
#1659 = DIRECTION('',(1.,0.,0.));
#1660 = PCURVE('',#126,#1661);
#1661 = DEFINITIONAL_REPRESENTATION('',(#1662),#1666);
#1662 = LINE('',#1663,#1664);
#1663 = CARTESIAN_POINT('',(0.,0.));
#1664 = VECTOR('',#1665,1.);
#1665 = DIRECTION('',(0.,1.));
#1666 = ( GEOMETRIC_REPRESENTATION_CONTEXT(2) 
PARAMETRIC_REPRESENTATION_CONTEXT() REPRESENTATION_CONTEXT('2D SPACE',''
  ) );
#1667 = PCURVE('',#98,#1668);
#1668 = DEFINITIONAL_REPRESENTATION('',(#1669),#1673);
#1669 = LINE('',#1670,#1671);
#1670 = CARTESIAN_POINT('',(0.,80.));
#1671 = VECTOR('',#1672,1.);
#1672 = DIRECTION('',(1.,0.));
#1673 = ( GEOMETRIC_REPRESENTATION_CONTEXT(2) 
PARAMETRIC_REPRESENTATION_CONTEXT() REPRESENTATION_CONTEXT('2D SPACE',''
  ) );
#1674 = ORIENTED_EDGE('',*,*,#110,.T.);
#1675 = ORIENTED_EDGE('',*,*,#374,.T.);
#1676 = ORIENTED_EDGE('',*,*,#1677,.F.);
#1677 = EDGE_CURVE('',#1653,#352,#1678,.T.);
#1678 = SURFACE_CURVE('',#1679,(#1683,#1690),.PCURVE_S1.);
#1679 = LINE('',#1680,#1681);
#1680 = CARTESIAN_POINT('',(108.,80.,0.));
#1681 = VECTOR('',#1682,1.);
#1682 = DIRECTION('',(0.,0.,1.));
#1683 = PCURVE('',#126,#1684);
#1684 = DEFINITIONAL_REPRESENTATION('',(#1685),#1689);
#1685 = LINE('',#1686,#1687);
#1686 = CARTESIAN_POINT('',(0.,108.));
#1687 = VECTOR('',#1688,1.);
#1688 = DIRECTION('',(1.,0.));
#1689 = ( GEOMETRIC_REPRESENTATION_CONTEXT(2) 
PARAMETRIC_REPRESENTATION_CONTEXT() REPRESENTATION_CONTEXT('2D SPACE',''
  ) );
#1690 = PCURVE('',#228,#1691);
#1691 = DEFINITIONAL_REPRESENTATION('',(#1692),#1696);
#1692 = LINE('',#1693,#1694);
#1693 = CARTESIAN_POINT('',(0.,-80.));
#1694 = VECTOR('',#1695,1.);
#1695 = DIRECTION('',(1.,0.));
#1696 = ( GEOMETRIC_REPRESENTATION_CONTEXT(2) 
PARAMETRIC_REPRESENTATION_CONTEXT() REPRESENTATION_CONTEXT('2D SPACE',''
  ) );
#1697 = FACE_BOUND('',#1698,.T.);
#1698 = EDGE_LOOP('',(#1699,#1722,#1743,#1764));
#1699 = ORIENTED_EDGE('',*,*,#1700,.F.);
#1700 = EDGE_CURVE('',#1701,#1703,#1705,.T.);
#1701 = VERTEX_POINT('',#1702);
#1702 = CARTESIAN_POINT('',(2.5,80.,27.5));
#1703 = VERTEX_POINT('',#1704);
#1704 = CARTESIAN_POINT('',(105.5,80.,27.5));
#1705 = SURFACE_CURVE('',#1706,(#1710,#1716),.PCURVE_S1.);
#1706 = LINE('',#1707,#1708);
#1707 = CARTESIAN_POINT('',(1.25,80.,27.5));
#1708 = VECTOR('',#1709,1.);
#1709 = DIRECTION('',(1.,0.,0.));
#1710 = PCURVE('',#126,#1711);
#1711 = DEFINITIONAL_REPRESENTATION('',(#1712),#1715);
#1712 = B_SPLINE_CURVE_WITH_KNOTS('',1,(#1713,#1714),.UNSPECIFIED.,.F.,
  .F.,(2,2),(1.25,104.25),.PIECEWISE_BEZIER_KNOTS.);
#1713 = CARTESIAN_POINT('',(27.5,2.5));
#1714 = CARTESIAN_POINT('',(27.5,105.5));
#1715 = ( GEOMETRIC_REPRESENTATION_CONTEXT(2) 
PARAMETRIC_REPRESENTATION_CONTEXT() REPRESENTATION_CONTEXT('2D SPACE',''
  ) );
#1716 = PCURVE('',#259,#1717);
#1717 = DEFINITIONAL_REPRESENTATION('',(#1718),#1721);
#1718 = B_SPLINE_CURVE_WITH_KNOTS('',1,(#1719,#1720),.UNSPECIFIED.,.F.,
  .F.,(2,2),(1.25,104.25),.PIECEWISE_BEZIER_KNOTS.);
#1719 = CARTESIAN_POINT('',(0.,81.));
#1720 = CARTESIAN_POINT('',(103.,81.));
#1721 = ( GEOMETRIC_REPRESENTATION_CONTEXT(2) 
PARAMETRIC_REPRESENTATION_CONTEXT() REPRESENTATION_CONTEXT('2D SPACE',''
  ) );
#1722 = ORIENTED_EDGE('',*,*,#1723,.T.);
#1723 = EDGE_CURVE('',#1701,#1724,#1726,.T.);
#1724 = VERTEX_POINT('',#1725);
#1725 = CARTESIAN_POINT('',(2.5,80.,2.5));
#1726 = SURFACE_CURVE('',#1727,(#1731,#1737),.PCURVE_S1.);
#1727 = LINE('',#1728,#1729);
#1728 = CARTESIAN_POINT('',(2.5,80.,1.25));
#1729 = VECTOR('',#1730,1.);
#1730 = DIRECTION('',(0.,0.,-1.));
#1731 = PCURVE('',#126,#1732);
#1732 = DEFINITIONAL_REPRESENTATION('',(#1733),#1736);
#1733 = B_SPLINE_CURVE_WITH_KNOTS('',1,(#1734,#1735),.UNSPECIFIED.,.F.,
  .F.,(2,2),(-26.25,-1.25),.PIECEWISE_BEZIER_KNOTS.);
#1734 = CARTESIAN_POINT('',(27.5,2.5));
#1735 = CARTESIAN_POINT('',(2.5,2.5));
#1736 = ( GEOMETRIC_REPRESENTATION_CONTEXT(2) 
PARAMETRIC_REPRESENTATION_CONTEXT() REPRESENTATION_CONTEXT('2D SPACE',''
  ) );
#1737 = PCURVE('',#285,#1738);
#1738 = DEFINITIONAL_REPRESENTATION('',(#1739),#1742);
#1739 = B_SPLINE_CURVE_WITH_KNOTS('',1,(#1740,#1741),.UNSPECIFIED.,.F.,
  .F.,(2,2),(-26.25,-1.25),.PIECEWISE_BEZIER_KNOTS.);
#1740 = CARTESIAN_POINT('',(25.,-81.));
#1741 = CARTESIAN_POINT('',(0.,-81.));
#1742 = ( GEOMETRIC_REPRESENTATION_CONTEXT(2) 
PARAMETRIC_REPRESENTATION_CONTEXT() REPRESENTATION_CONTEXT('2D SPACE',''
  ) );
#1743 = ORIENTED_EDGE('',*,*,#1744,.T.);
#1744 = EDGE_CURVE('',#1724,#1745,#1747,.T.);
#1745 = VERTEX_POINT('',#1746);
#1746 = CARTESIAN_POINT('',(105.5,80.,2.5));
#1747 = SURFACE_CURVE('',#1748,(#1752,#1758),.PCURVE_S1.);
#1748 = LINE('',#1749,#1750);
#1749 = CARTESIAN_POINT('',(1.25,80.,2.5));
#1750 = VECTOR('',#1751,1.);
#1751 = DIRECTION('',(1.,0.,0.));
#1752 = PCURVE('',#126,#1753);
#1753 = DEFINITIONAL_REPRESENTATION('',(#1754),#1757);
#1754 = B_SPLINE_CURVE_WITH_KNOTS('',1,(#1755,#1756),.UNSPECIFIED.,.F.,
  .F.,(2,2),(1.25,104.25),.PIECEWISE_BEZIER_KNOTS.);
#1755 = CARTESIAN_POINT('',(2.5,2.5));
#1756 = CARTESIAN_POINT('',(2.5,105.5));
#1757 = ( GEOMETRIC_REPRESENTATION_CONTEXT(2) 
PARAMETRIC_REPRESENTATION_CONTEXT() REPRESENTATION_CONTEXT('2D SPACE',''
  ) );
#1758 = PCURVE('',#311,#1759);
#1759 = DEFINITIONAL_REPRESENTATION('',(#1760),#1763);
#1760 = B_SPLINE_CURVE_WITH_KNOTS('',1,(#1761,#1762),.UNSPECIFIED.,.F.,
  .F.,(2,2),(1.25,104.25),.PIECEWISE_BEZIER_KNOTS.);
#1761 = CARTESIAN_POINT('',(0.,81.));
#1762 = CARTESIAN_POINT('',(103.,81.));
#1763 = ( GEOMETRIC_REPRESENTATION_CONTEXT(2) 
PARAMETRIC_REPRESENTATION_CONTEXT() REPRESENTATION_CONTEXT('2D SPACE',''
  ) );
#1764 = ORIENTED_EDGE('',*,*,#1765,.F.);
#1765 = EDGE_CURVE('',#1703,#1745,#1766,.T.);
#1766 = SURFACE_CURVE('',#1767,(#1771,#1777),.PCURVE_S1.);
#1767 = LINE('',#1768,#1769);
#1768 = CARTESIAN_POINT('',(105.5,80.,1.25));
#1769 = VECTOR('',#1770,1.);
#1770 = DIRECTION('',(0.,0.,-1.));
#1771 = PCURVE('',#126,#1772);
#1772 = DEFINITIONAL_REPRESENTATION('',(#1773),#1776);
#1773 = B_SPLINE_CURVE_WITH_KNOTS('',1,(#1774,#1775),.UNSPECIFIED.,.F.,
  .F.,(2,2),(-26.25,-1.25),.PIECEWISE_BEZIER_KNOTS.);
#1774 = CARTESIAN_POINT('',(27.5,105.5));
#1775 = CARTESIAN_POINT('',(2.5,105.5));
#1776 = ( GEOMETRIC_REPRESENTATION_CONTEXT(2) 
PARAMETRIC_REPRESENTATION_CONTEXT() REPRESENTATION_CONTEXT('2D SPACE',''
  ) );
#1777 = PCURVE('',#335,#1778);
#1778 = DEFINITIONAL_REPRESENTATION('',(#1779),#1782);
#1779 = B_SPLINE_CURVE_WITH_KNOTS('',1,(#1780,#1781),.UNSPECIFIED.,.F.,
  .F.,(2,2),(-26.25,-1.25),.PIECEWISE_BEZIER_KNOTS.);
#1780 = CARTESIAN_POINT('',(25.,-81.));
#1781 = CARTESIAN_POINT('',(0.,-81.));
#1782 = ( GEOMETRIC_REPRESENTATION_CONTEXT(2) 
PARAMETRIC_REPRESENTATION_CONTEXT() REPRESENTATION_CONTEXT('2D SPACE',''
  ) );
#1783 = ADVANCED_FACE('',(#1784),#98,.F.);
#1784 = FACE_BOUND('',#1785,.F.);
#1785 = EDGE_LOOP('',(#1786,#1787,#1788,#1809));
#1786 = ORIENTED_EDGE('',*,*,#82,.F.);
#1787 = ORIENTED_EDGE('',*,*,#167,.T.);
#1788 = ORIENTED_EDGE('',*,*,#1789,.T.);
#1789 = EDGE_CURVE('',#168,#1653,#1790,.T.);
#1790 = SURFACE_CURVE('',#1791,(#1795,#1802),.PCURVE_S1.);
#1791 = LINE('',#1792,#1793);
#1792 = CARTESIAN_POINT('',(108.,0.,0.));
#1793 = VECTOR('',#1794,1.);
#1794 = DIRECTION('',(0.,1.,0.));
#1795 = PCURVE('',#98,#1796);
#1796 = DEFINITIONAL_REPRESENTATION('',(#1797),#1801);
#1797 = LINE('',#1798,#1799);
#1798 = CARTESIAN_POINT('',(108.,0.));
#1799 = VECTOR('',#1800,1.);
#1800 = DIRECTION('',(0.,1.));
#1801 = ( GEOMETRIC_REPRESENTATION_CONTEXT(2) 
PARAMETRIC_REPRESENTATION_CONTEXT() REPRESENTATION_CONTEXT('2D SPACE',''
  ) );
#1802 = PCURVE('',#228,#1803);
#1803 = DEFINITIONAL_REPRESENTATION('',(#1804),#1808);
#1804 = LINE('',#1805,#1806);
#1805 = CARTESIAN_POINT('',(0.,0.));
#1806 = VECTOR('',#1807,1.);
#1807 = DIRECTION('',(0.,-1.));
#1808 = ( GEOMETRIC_REPRESENTATION_CONTEXT(2) 
PARAMETRIC_REPRESENTATION_CONTEXT() REPRESENTATION_CONTEXT('2D SPACE',''
  ) );
#1809 = ORIENTED_EDGE('',*,*,#1652,.F.);
#1810 = ADVANCED_FACE('',(#1811),#228,.T.);
#1811 = FACE_BOUND('',#1812,.T.);
#1812 = EDGE_LOOP('',(#1813,#1814,#1815,#1816));
#1813 = ORIENTED_EDGE('',*,*,#214,.F.);
#1814 = ORIENTED_EDGE('',*,*,#1789,.T.);
#1815 = ORIENTED_EDGE('',*,*,#1677,.T.);
#1816 = ORIENTED_EDGE('',*,*,#351,.F.);
#1817 = ADVANCED_FACE('',(#1818,#1864,#1970),#259,.F.);
#1818 = FACE_BOUND('',#1819,.F.);
#1819 = EDGE_LOOP('',(#1820,#1841,#1842,#1863));
#1820 = ORIENTED_EDGE('',*,*,#1821,.F.);
#1821 = EDGE_CURVE('',#243,#1701,#1822,.T.);
#1822 = SURFACE_CURVE('',#1823,(#1827,#1834),.PCURVE_S1.);
#1823 = LINE('',#1824,#1825);
#1824 = CARTESIAN_POINT('',(2.5,-1.,27.5));
#1825 = VECTOR('',#1826,1.);
#1826 = DIRECTION('',(0.,1.,0.));
#1827 = PCURVE('',#259,#1828);
#1828 = DEFINITIONAL_REPRESENTATION('',(#1829),#1833);
#1829 = LINE('',#1830,#1831);
#1830 = CARTESIAN_POINT('',(0.,0.));
#1831 = VECTOR('',#1832,1.);
#1832 = DIRECTION('',(0.,1.));
#1833 = ( GEOMETRIC_REPRESENTATION_CONTEXT(2) 
PARAMETRIC_REPRESENTATION_CONTEXT() REPRESENTATION_CONTEXT('2D SPACE',''
  ) );
#1834 = PCURVE('',#285,#1835);
#1835 = DEFINITIONAL_REPRESENTATION('',(#1836),#1840);
#1836 = LINE('',#1837,#1838);
#1837 = CARTESIAN_POINT('',(25.,0.));
#1838 = VECTOR('',#1839,1.);
#1839 = DIRECTION('',(0.,-1.));
#1840 = ( GEOMETRIC_REPRESENTATION_CONTEXT(2) 
PARAMETRIC_REPRESENTATION_CONTEXT() REPRESENTATION_CONTEXT('2D SPACE',''
  ) );
#1841 = ORIENTED_EDGE('',*,*,#242,.T.);
#1842 = ORIENTED_EDGE('',*,*,#1843,.T.);
#1843 = EDGE_CURVE('',#245,#1703,#1844,.T.);
#1844 = SURFACE_CURVE('',#1845,(#1849,#1856),.PCURVE_S1.);
#1845 = LINE('',#1846,#1847);
#1846 = CARTESIAN_POINT('',(105.5,-1.,27.5));
#1847 = VECTOR('',#1848,1.);
#1848 = DIRECTION('',(0.,1.,0.));
#1849 = PCURVE('',#259,#1850);
#1850 = DEFINITIONAL_REPRESENTATION('',(#1851),#1855);
#1851 = LINE('',#1852,#1853);
#1852 = CARTESIAN_POINT('',(103.,0.));
#1853 = VECTOR('',#1854,1.);
#1854 = DIRECTION('',(0.,1.));
#1855 = ( GEOMETRIC_REPRESENTATION_CONTEXT(2) 
PARAMETRIC_REPRESENTATION_CONTEXT() REPRESENTATION_CONTEXT('2D SPACE',''
  ) );
#1856 = PCURVE('',#335,#1857);
#1857 = DEFINITIONAL_REPRESENTATION('',(#1858),#1862);
#1858 = LINE('',#1859,#1860);
#1859 = CARTESIAN_POINT('',(25.,0.));
#1860 = VECTOR('',#1861,1.);
#1861 = DIRECTION('',(0.,-1.));
#1862 = ( GEOMETRIC_REPRESENTATION_CONTEXT(2) 
PARAMETRIC_REPRESENTATION_CONTEXT() REPRESENTATION_CONTEXT('2D SPACE',''
  ) );
#1863 = ORIENTED_EDGE('',*,*,#1700,.F.);
#1864 = FACE_BOUND('',#1865,.F.);
#1865 = EDGE_LOOP('',(#1866,#1894,#1920,#1946));
#1866 = ORIENTED_EDGE('',*,*,#1867,.T.);
#1867 = EDGE_CURVE('',#1868,#1870,#1872,.T.);
#1868 = VERTEX_POINT('',#1869);
#1869 = CARTESIAN_POINT('',(7.302775637732,2.5,27.5));
#1870 = VERTEX_POINT('',#1871);
#1871 = CARTESIAN_POINT('',(3.697224362268,2.5,27.5));
#1872 = SURFACE_CURVE('',#1873,(#1877,#1883),.PCURVE_S1.);
#1873 = LINE('',#1874,#1875);
#1874 = CARTESIAN_POINT('',(4.,2.5,27.5));
#1875 = VECTOR('',#1876,1.);
#1876 = DIRECTION('',(-1.,0.,0.));
#1877 = PCURVE('',#259,#1878);
#1878 = DEFINITIONAL_REPRESENTATION('',(#1879),#1882);
#1879 = B_SPLINE_CURVE_WITH_KNOTS('',1,(#1880,#1881),.UNSPECIFIED.,.F.,
  .F.,(2,2),(-5.,1.5),.PIECEWISE_BEZIER_KNOTS.);
#1880 = CARTESIAN_POINT('',(6.5,3.5));
#1881 = CARTESIAN_POINT('',(0.,3.5));
#1882 = ( GEOMETRIC_REPRESENTATION_CONTEXT(2) 
PARAMETRIC_REPRESENTATION_CONTEXT() REPRESENTATION_CONTEXT('2D SPACE',''
  ) );
#1883 = PCURVE('',#1884,#1889);
#1884 = PLANE('',#1885);
#1885 = AXIS2_PLACEMENT_3D('',#1886,#1887,#1888);
#1886 = CARTESIAN_POINT('',(5.5,2.5,24.5));
#1887 = DIRECTION('',(0.,1.,0.));
#1888 = DIRECTION('',(0.,-0.,1.));
#1889 = DEFINITIONAL_REPRESENTATION('',(#1890),#1893);
#1890 = B_SPLINE_CURVE_WITH_KNOTS('',1,(#1891,#1892),.UNSPECIFIED.,.F.,
  .F.,(2,2),(-5.,1.5),.PIECEWISE_BEZIER_KNOTS.);
#1891 = CARTESIAN_POINT('',(3.,3.5));
#1892 = CARTESIAN_POINT('',(3.,-3.));
#1893 = ( GEOMETRIC_REPRESENTATION_CONTEXT(2) 
PARAMETRIC_REPRESENTATION_CONTEXT() REPRESENTATION_CONTEXT('2D SPACE',''
  ) );
#1894 = ORIENTED_EDGE('',*,*,#1895,.T.);
#1895 = EDGE_CURVE('',#1870,#1896,#1898,.T.);
#1896 = VERTEX_POINT('',#1897);
#1897 = CARTESIAN_POINT('',(3.697224362268,77.5,27.5));
#1898 = SURFACE_CURVE('',#1899,(#1903,#1909),.PCURVE_S1.);
#1899 = LINE('',#1900,#1901);
#1900 = CARTESIAN_POINT('',(3.697224362268,2.5,27.5));
#1901 = VECTOR('',#1902,1.);
#1902 = DIRECTION('',(0.,1.,0.));
#1903 = PCURVE('',#259,#1904);
#1904 = DEFINITIONAL_REPRESENTATION('',(#1905),#1908);
#1905 = B_SPLINE_CURVE_WITH_KNOTS('',1,(#1906,#1907),.UNSPECIFIED.,.F.,
  .F.,(2,2),(-5.999999999062E-07,75.0000006),.PIECEWISE_BEZIER_KNOTS.);
#1906 = CARTESIAN_POINT('',(1.197224362268,3.4999994));
#1907 = CARTESIAN_POINT('',(1.197224362268,78.5000006));
#1908 = ( GEOMETRIC_REPRESENTATION_CONTEXT(2) 
PARAMETRIC_REPRESENTATION_CONTEXT() REPRESENTATION_CONTEXT('2D SPACE',''
  ) );
#1909 = PCURVE('',#1910,#1915);
#1910 = CYLINDRICAL_SURFACE('',#1911,3.5);
#1911 = AXIS2_PLACEMENT_3D('',#1912,#1913,#1914);
#1912 = CARTESIAN_POINT('',(5.5,2.5,24.5));
#1913 = DIRECTION('',(0.,1.,0.));
#1914 = DIRECTION('',(0.,-0.,1.));
#1915 = DEFINITIONAL_REPRESENTATION('',(#1916),#1919);
#1916 = B_SPLINE_CURVE_WITH_KNOTS('',1,(#1917,#1918),.UNSPECIFIED.,.F.,
  .F.,(2,2),(-5.999999999062E-07,75.0000006),.PIECEWISE_BEZIER_KNOTS.);
#1917 = CARTESIAN_POINT('',(5.742085781222,-5.999999999062E-07));
#1918 = CARTESIAN_POINT('',(5.742085781222,75.0000006));
#1919 = ( GEOMETRIC_REPRESENTATION_CONTEXT(2) 
PARAMETRIC_REPRESENTATION_CONTEXT() REPRESENTATION_CONTEXT('2D SPACE',''
  ) );
#1920 = ORIENTED_EDGE('',*,*,#1921,.F.);
#1921 = EDGE_CURVE('',#1922,#1896,#1924,.T.);
#1922 = VERTEX_POINT('',#1923);
#1923 = CARTESIAN_POINT('',(7.302775637732,77.5,27.5));
#1924 = SURFACE_CURVE('',#1925,(#1929,#1935),.PCURVE_S1.);
#1925 = LINE('',#1926,#1927);
#1926 = CARTESIAN_POINT('',(4.,77.5,27.5));
#1927 = VECTOR('',#1928,1.);
#1928 = DIRECTION('',(-1.,0.,0.));
#1929 = PCURVE('',#259,#1930);
#1930 = DEFINITIONAL_REPRESENTATION('',(#1931),#1934);
#1931 = B_SPLINE_CURVE_WITH_KNOTS('',1,(#1932,#1933),.UNSPECIFIED.,.F.,
  .F.,(2,2),(-5.,1.5),.PIECEWISE_BEZIER_KNOTS.);
#1932 = CARTESIAN_POINT('',(6.5,78.5));
#1933 = CARTESIAN_POINT('',(0.,78.5));
#1934 = ( GEOMETRIC_REPRESENTATION_CONTEXT(2) 
PARAMETRIC_REPRESENTATION_CONTEXT() REPRESENTATION_CONTEXT('2D SPACE',''
  ) );
#1935 = PCURVE('',#1936,#1941);
#1936 = PLANE('',#1937);
#1937 = AXIS2_PLACEMENT_3D('',#1938,#1939,#1940);
#1938 = CARTESIAN_POINT('',(5.5,77.5,24.5));
#1939 = DIRECTION('',(0.,1.,0.));
#1940 = DIRECTION('',(0.,-0.,1.));
#1941 = DEFINITIONAL_REPRESENTATION('',(#1942),#1945);
#1942 = B_SPLINE_CURVE_WITH_KNOTS('',1,(#1943,#1944),.UNSPECIFIED.,.F.,
  .F.,(2,2),(-5.,1.5),.PIECEWISE_BEZIER_KNOTS.);
#1943 = CARTESIAN_POINT('',(3.,3.5));
#1944 = CARTESIAN_POINT('',(3.,-3.));
#1945 = ( GEOMETRIC_REPRESENTATION_CONTEXT(2) 
PARAMETRIC_REPRESENTATION_CONTEXT() REPRESENTATION_CONTEXT('2D SPACE',''
  ) );
#1946 = ORIENTED_EDGE('',*,*,#1947,.F.);
#1947 = EDGE_CURVE('',#1868,#1922,#1948,.T.);
#1948 = SURFACE_CURVE('',#1949,(#1953,#1959),.PCURVE_S1.);
#1949 = LINE('',#1950,#1951);
#1950 = CARTESIAN_POINT('',(7.302775637732,2.5,27.5));
#1951 = VECTOR('',#1952,1.);
#1952 = DIRECTION('',(0.,1.,0.));
#1953 = PCURVE('',#259,#1954);
#1954 = DEFINITIONAL_REPRESENTATION('',(#1955),#1958);
#1955 = B_SPLINE_CURVE_WITH_KNOTS('',1,(#1956,#1957),.UNSPECIFIED.,.F.,
  .F.,(2,2),(-5.999999999062E-07,75.0000006),.PIECEWISE_BEZIER_KNOTS.);
#1956 = CARTESIAN_POINT('',(4.802775637732,3.4999994));
#1957 = CARTESIAN_POINT('',(4.802775637732,78.5000006));
#1958 = ( GEOMETRIC_REPRESENTATION_CONTEXT(2) 
PARAMETRIC_REPRESENTATION_CONTEXT() REPRESENTATION_CONTEXT('2D SPACE',''
  ) );
#1959 = PCURVE('',#1960,#1965);
#1960 = CYLINDRICAL_SURFACE('',#1961,3.5);
#1961 = AXIS2_PLACEMENT_3D('',#1962,#1963,#1964);
#1962 = CARTESIAN_POINT('',(5.5,2.5,24.5));
#1963 = DIRECTION('',(0.,1.,0.));
#1964 = DIRECTION('',(0.,-0.,1.));
#1965 = DEFINITIONAL_REPRESENTATION('',(#1966),#1969);
#1966 = B_SPLINE_CURVE_WITH_KNOTS('',1,(#1967,#1968),.UNSPECIFIED.,.F.,
  .F.,(2,2),(-5.999999999062E-07,75.0000006),.PIECEWISE_BEZIER_KNOTS.);
#1967 = CARTESIAN_POINT('',(0.541099525957,-5.999999999062E-07));
#1968 = CARTESIAN_POINT('',(0.541099525957,75.0000006));
#1969 = ( GEOMETRIC_REPRESENTATION_CONTEXT(2) 
PARAMETRIC_REPRESENTATION_CONTEXT() REPRESENTATION_CONTEXT('2D SPACE',''
  ) );
#1970 = FACE_BOUND('',#1971,.F.);
#1971 = EDGE_LOOP('',(#1972,#2000,#2026,#2052));
#1972 = ORIENTED_EDGE('',*,*,#1973,.T.);
#1973 = EDGE_CURVE('',#1974,#1976,#1978,.T.);
#1974 = VERTEX_POINT('',#1975);
#1975 = CARTESIAN_POINT('',(104.30277563773,2.5,27.5));
#1976 = VERTEX_POINT('',#1977);
#1977 = CARTESIAN_POINT('',(100.69722436226,2.5,27.5));
#1978 = SURFACE_CURVE('',#1979,(#1983,#1989),.PCURVE_S1.);
#1979 = LINE('',#1980,#1981);
#1980 = CARTESIAN_POINT('',(52.5,2.5,27.5));
#1981 = VECTOR('',#1982,1.);
#1982 = DIRECTION('',(-1.,0.,0.));
#1983 = PCURVE('',#259,#1984);
#1984 = DEFINITIONAL_REPRESENTATION('',(#1985),#1988);
#1985 = B_SPLINE_CURVE_WITH_KNOTS('',1,(#1986,#1987),.UNSPECIFIED.,.F.,
  .F.,(2,2),(-53.,-46.5),.PIECEWISE_BEZIER_KNOTS.);
#1986 = CARTESIAN_POINT('',(103.,3.5));
#1987 = CARTESIAN_POINT('',(96.5,3.5));
#1988 = ( GEOMETRIC_REPRESENTATION_CONTEXT(2) 
PARAMETRIC_REPRESENTATION_CONTEXT() REPRESENTATION_CONTEXT('2D SPACE',''
  ) );
#1989 = PCURVE('',#1990,#1995);
#1990 = PLANE('',#1991);
#1991 = AXIS2_PLACEMENT_3D('',#1992,#1993,#1994);
#1992 = CARTESIAN_POINT('',(102.5,2.5,24.5));
#1993 = DIRECTION('',(0.,1.,0.));
#1994 = DIRECTION('',(0.,-0.,1.));
#1995 = DEFINITIONAL_REPRESENTATION('',(#1996),#1999);
#1996 = B_SPLINE_CURVE_WITH_KNOTS('',1,(#1997,#1998),.UNSPECIFIED.,.F.,
  .F.,(2,2),(-53.,-46.5),.PIECEWISE_BEZIER_KNOTS.);
#1997 = CARTESIAN_POINT('',(3.,3.));
#1998 = CARTESIAN_POINT('',(3.,-3.5));
#1999 = ( GEOMETRIC_REPRESENTATION_CONTEXT(2) 
PARAMETRIC_REPRESENTATION_CONTEXT() REPRESENTATION_CONTEXT('2D SPACE',''
  ) );
#2000 = ORIENTED_EDGE('',*,*,#2001,.T.);
#2001 = EDGE_CURVE('',#1976,#2002,#2004,.T.);
#2002 = VERTEX_POINT('',#2003);
#2003 = CARTESIAN_POINT('',(100.69722436226,77.5,27.5));
#2004 = SURFACE_CURVE('',#2005,(#2009,#2015),.PCURVE_S1.);
#2005 = LINE('',#2006,#2007);
#2006 = CARTESIAN_POINT('',(100.69722436226,2.5,27.5));
#2007 = VECTOR('',#2008,1.);
#2008 = DIRECTION('',(0.,1.,0.));
#2009 = PCURVE('',#259,#2010);
#2010 = DEFINITIONAL_REPRESENTATION('',(#2011),#2014);
#2011 = B_SPLINE_CURVE_WITH_KNOTS('',1,(#2012,#2013),.UNSPECIFIED.,.F.,
  .F.,(2,2),(-5.999999999062E-07,75.0000006),.PIECEWISE_BEZIER_KNOTS.);
#2012 = CARTESIAN_POINT('',(98.197224362268,3.4999994));
#2013 = CARTESIAN_POINT('',(98.197224362268,78.5000006));
#2014 = ( GEOMETRIC_REPRESENTATION_CONTEXT(2) 
PARAMETRIC_REPRESENTATION_CONTEXT() REPRESENTATION_CONTEXT('2D SPACE',''
  ) );
#2015 = PCURVE('',#2016,#2021);
#2016 = CYLINDRICAL_SURFACE('',#2017,3.5);
#2017 = AXIS2_PLACEMENT_3D('',#2018,#2019,#2020);
#2018 = CARTESIAN_POINT('',(102.5,2.5,24.5));
#2019 = DIRECTION('',(0.,1.,0.));
#2020 = DIRECTION('',(0.,-0.,1.));
#2021 = DEFINITIONAL_REPRESENTATION('',(#2022),#2025);
#2022 = B_SPLINE_CURVE_WITH_KNOTS('',1,(#2023,#2024),.UNSPECIFIED.,.F.,
  .F.,(2,2),(-5.999999999062E-07,75.0000006),.PIECEWISE_BEZIER_KNOTS.);
#2023 = CARTESIAN_POINT('',(5.742085781222,-5.999999999062E-07));
#2024 = CARTESIAN_POINT('',(5.742085781222,75.0000006));
#2025 = ( GEOMETRIC_REPRESENTATION_CONTEXT(2) 
PARAMETRIC_REPRESENTATION_CONTEXT() REPRESENTATION_CONTEXT('2D SPACE',''
  ) );
#2026 = ORIENTED_EDGE('',*,*,#2027,.F.);
#2027 = EDGE_CURVE('',#2028,#2002,#2030,.T.);
#2028 = VERTEX_POINT('',#2029);
#2029 = CARTESIAN_POINT('',(104.30277563773,77.5,27.5));
#2030 = SURFACE_CURVE('',#2031,(#2035,#2041),.PCURVE_S1.);
#2031 = LINE('',#2032,#2033);
#2032 = CARTESIAN_POINT('',(52.5,77.5,27.5));
#2033 = VECTOR('',#2034,1.);
#2034 = DIRECTION('',(-1.,0.,0.));
#2035 = PCURVE('',#259,#2036);
#2036 = DEFINITIONAL_REPRESENTATION('',(#2037),#2040);
#2037 = B_SPLINE_CURVE_WITH_KNOTS('',1,(#2038,#2039),.UNSPECIFIED.,.F.,
  .F.,(2,2),(-53.,-46.5),.PIECEWISE_BEZIER_KNOTS.);
#2038 = CARTESIAN_POINT('',(103.,78.5));
#2039 = CARTESIAN_POINT('',(96.5,78.5));
#2040 = ( GEOMETRIC_REPRESENTATION_CONTEXT(2) 
PARAMETRIC_REPRESENTATION_CONTEXT() REPRESENTATION_CONTEXT('2D SPACE',''
  ) );
#2041 = PCURVE('',#2042,#2047);
#2042 = PLANE('',#2043);
#2043 = AXIS2_PLACEMENT_3D('',#2044,#2045,#2046);
#2044 = CARTESIAN_POINT('',(102.5,77.5,24.5));
#2045 = DIRECTION('',(0.,1.,0.));
#2046 = DIRECTION('',(0.,-0.,1.));
#2047 = DEFINITIONAL_REPRESENTATION('',(#2048),#2051);
#2048 = B_SPLINE_CURVE_WITH_KNOTS('',1,(#2049,#2050),.UNSPECIFIED.,.F.,
  .F.,(2,2),(-53.,-46.5),.PIECEWISE_BEZIER_KNOTS.);
#2049 = CARTESIAN_POINT('',(3.,3.));
#2050 = CARTESIAN_POINT('',(3.,-3.5));
#2051 = ( GEOMETRIC_REPRESENTATION_CONTEXT(2) 
PARAMETRIC_REPRESENTATION_CONTEXT() REPRESENTATION_CONTEXT('2D SPACE',''
  ) );
#2052 = ORIENTED_EDGE('',*,*,#2053,.F.);
#2053 = EDGE_CURVE('',#1974,#2028,#2054,.T.);
#2054 = SURFACE_CURVE('',#2055,(#2059,#2065),.PCURVE_S1.);
#2055 = LINE('',#2056,#2057);
#2056 = CARTESIAN_POINT('',(104.30277563773,2.5,27.5));
#2057 = VECTOR('',#2058,1.);
#2058 = DIRECTION('',(0.,1.,0.));
#2059 = PCURVE('',#259,#2060);
#2060 = DEFINITIONAL_REPRESENTATION('',(#2061),#2064);
#2061 = B_SPLINE_CURVE_WITH_KNOTS('',1,(#2062,#2063),.UNSPECIFIED.,.F.,
  .F.,(2,2),(-5.999999999062E-07,75.0000006),.PIECEWISE_BEZIER_KNOTS.);
#2062 = CARTESIAN_POINT('',(101.80277563773,3.4999994));
#2063 = CARTESIAN_POINT('',(101.80277563773,78.5000006));
#2064 = ( GEOMETRIC_REPRESENTATION_CONTEXT(2) 
PARAMETRIC_REPRESENTATION_CONTEXT() REPRESENTATION_CONTEXT('2D SPACE',''
  ) );
#2065 = PCURVE('',#2066,#2071);
#2066 = CYLINDRICAL_SURFACE('',#2067,3.5);
#2067 = AXIS2_PLACEMENT_3D('',#2068,#2069,#2070);
#2068 = CARTESIAN_POINT('',(102.5,2.5,24.5));
#2069 = DIRECTION('',(0.,1.,0.));
#2070 = DIRECTION('',(0.,-0.,1.));
#2071 = DEFINITIONAL_REPRESENTATION('',(#2072),#2075);
#2072 = B_SPLINE_CURVE_WITH_KNOTS('',1,(#2073,#2074),.UNSPECIFIED.,.F.,
  .F.,(2,2),(-5.999999999062E-07,75.0000006),.PIECEWISE_BEZIER_KNOTS.);
#2073 = CARTESIAN_POINT('',(0.541099525957,-5.999999999062E-07));
#2074 = CARTESIAN_POINT('',(0.541099525957,75.0000006));
#2075 = ( GEOMETRIC_REPRESENTATION_CONTEXT(2) 
PARAMETRIC_REPRESENTATION_CONTEXT() REPRESENTATION_CONTEXT('2D SPACE',''
  ) );
#2076 = ADVANCED_FACE('',(#2077,#2103,#2209),#335,.F.);
#2077 = FACE_BOUND('',#2078,.F.);
#2078 = EDGE_LOOP('',(#2079,#2080,#2081,#2102));
#2079 = ORIENTED_EDGE('',*,*,#1843,.F.);
#2080 = ORIENTED_EDGE('',*,*,#322,.T.);
#2081 = ORIENTED_EDGE('',*,*,#2082,.T.);
#2082 = EDGE_CURVE('',#297,#1745,#2083,.T.);
#2083 = SURFACE_CURVE('',#2084,(#2088,#2095),.PCURVE_S1.);
#2084 = LINE('',#2085,#2086);
#2085 = CARTESIAN_POINT('',(105.5,-1.,2.5));
#2086 = VECTOR('',#2087,1.);
#2087 = DIRECTION('',(0.,1.,0.));
#2088 = PCURVE('',#335,#2089);
#2089 = DEFINITIONAL_REPRESENTATION('',(#2090),#2094);
#2090 = LINE('',#2091,#2092);
#2091 = CARTESIAN_POINT('',(0.,0.));
#2092 = VECTOR('',#2093,1.);
#2093 = DIRECTION('',(0.,-1.));
#2094 = ( GEOMETRIC_REPRESENTATION_CONTEXT(2) 
PARAMETRIC_REPRESENTATION_CONTEXT() REPRESENTATION_CONTEXT('2D SPACE',''
  ) );
#2095 = PCURVE('',#311,#2096);
#2096 = DEFINITIONAL_REPRESENTATION('',(#2097),#2101);
#2097 = LINE('',#2098,#2099);
#2098 = CARTESIAN_POINT('',(103.,0.));
#2099 = VECTOR('',#2100,1.);
#2100 = DIRECTION('',(0.,1.));
#2101 = ( GEOMETRIC_REPRESENTATION_CONTEXT(2) 
PARAMETRIC_REPRESENTATION_CONTEXT() REPRESENTATION_CONTEXT('2D SPACE',''
  ) );
#2102 = ORIENTED_EDGE('',*,*,#1765,.F.);
#2103 = FACE_BOUND('',#2104,.F.);
#2104 = EDGE_LOOP('',(#2105,#2133,#2159,#2185));
#2105 = ORIENTED_EDGE('',*,*,#2106,.T.);
#2106 = EDGE_CURVE('',#2107,#2109,#2111,.T.);
#2107 = VERTEX_POINT('',#2108);
#2108 = CARTESIAN_POINT('',(105.5,2.5,3.697224362268));
#2109 = VERTEX_POINT('',#2110);
#2110 = CARTESIAN_POINT('',(105.5,2.5,7.302775637732));
#2111 = SURFACE_CURVE('',#2112,(#2116,#2122),.PCURVE_S1.);
#2112 = LINE('',#2113,#2114);
#2113 = CARTESIAN_POINT('',(105.5,2.5,4.));
#2114 = VECTOR('',#2115,1.);
#2115 = DIRECTION('',(0.,0.,1.));
#2116 = PCURVE('',#335,#2117);
#2117 = DEFINITIONAL_REPRESENTATION('',(#2118),#2121);
#2118 = B_SPLINE_CURVE_WITH_KNOTS('',1,(#2119,#2120),.UNSPECIFIED.,.F.,
  .F.,(2,2),(-1.5,5.),.PIECEWISE_BEZIER_KNOTS.);
#2119 = CARTESIAN_POINT('',(0.,-3.5));
#2120 = CARTESIAN_POINT('',(6.5,-3.5));
#2121 = ( GEOMETRIC_REPRESENTATION_CONTEXT(2) 
PARAMETRIC_REPRESENTATION_CONTEXT() REPRESENTATION_CONTEXT('2D SPACE',''
  ) );
#2122 = PCURVE('',#2123,#2128);
#2123 = PLANE('',#2124);
#2124 = AXIS2_PLACEMENT_3D('',#2125,#2126,#2127);
#2125 = CARTESIAN_POINT('',(102.5,2.5,5.5));
#2126 = DIRECTION('',(0.,1.,0.));
#2127 = DIRECTION('',(0.,-0.,1.));
#2128 = DEFINITIONAL_REPRESENTATION('',(#2129),#2132);
#2129 = B_SPLINE_CURVE_WITH_KNOTS('',1,(#2130,#2131),.UNSPECIFIED.,.F.,
  .F.,(2,2),(-1.5,5.),.PIECEWISE_BEZIER_KNOTS.);
#2130 = CARTESIAN_POINT('',(-3.,3.));
#2131 = CARTESIAN_POINT('',(3.5,3.));
#2132 = ( GEOMETRIC_REPRESENTATION_CONTEXT(2) 
PARAMETRIC_REPRESENTATION_CONTEXT() REPRESENTATION_CONTEXT('2D SPACE',''
  ) );
#2133 = ORIENTED_EDGE('',*,*,#2134,.T.);
#2134 = EDGE_CURVE('',#2109,#2135,#2137,.T.);
#2135 = VERTEX_POINT('',#2136);
#2136 = CARTESIAN_POINT('',(105.5,77.5,7.302775637732));
#2137 = SURFACE_CURVE('',#2138,(#2142,#2148),.PCURVE_S1.);
#2138 = LINE('',#2139,#2140);
#2139 = CARTESIAN_POINT('',(105.5,2.5,7.302775637732));
#2140 = VECTOR('',#2141,1.);
#2141 = DIRECTION('',(0.,1.,0.));
#2142 = PCURVE('',#335,#2143);
#2143 = DEFINITIONAL_REPRESENTATION('',(#2144),#2147);
#2144 = B_SPLINE_CURVE_WITH_KNOTS('',1,(#2145,#2146),.UNSPECIFIED.,.F.,
  .F.,(2,2),(-5.999999999062E-07,75.0000006),.PIECEWISE_BEZIER_KNOTS.);
#2145 = CARTESIAN_POINT('',(4.802775637732,-3.4999994));
#2146 = CARTESIAN_POINT('',(4.802775637732,-78.5000006));
#2147 = ( GEOMETRIC_REPRESENTATION_CONTEXT(2) 
PARAMETRIC_REPRESENTATION_CONTEXT() REPRESENTATION_CONTEXT('2D SPACE',''
  ) );
#2148 = PCURVE('',#2149,#2154);
#2149 = CYLINDRICAL_SURFACE('',#2150,3.5);
#2150 = AXIS2_PLACEMENT_3D('',#2151,#2152,#2153);
#2151 = CARTESIAN_POINT('',(102.5,2.5,5.5));
#2152 = DIRECTION('',(0.,1.,0.));
#2153 = DIRECTION('',(0.,-0.,1.));
#2154 = DEFINITIONAL_REPRESENTATION('',(#2155),#2158);
#2155 = B_SPLINE_CURVE_WITH_KNOTS('',1,(#2156,#2157),.UNSPECIFIED.,.F.,
  .F.,(2,2),(0.,75.),.PIECEWISE_BEZIER_KNOTS.);
#2156 = CARTESIAN_POINT('',(7.312882108017,0.));
#2157 = CARTESIAN_POINT('',(7.312882108017,75.));
#2158 = ( GEOMETRIC_REPRESENTATION_CONTEXT(2) 
PARAMETRIC_REPRESENTATION_CONTEXT() REPRESENTATION_CONTEXT('2D SPACE',''
  ) );
#2159 = ORIENTED_EDGE('',*,*,#2160,.F.);
#2160 = EDGE_CURVE('',#2161,#2135,#2163,.T.);
#2161 = VERTEX_POINT('',#2162);
#2162 = CARTESIAN_POINT('',(105.5,77.5,3.697224362268));
#2163 = SURFACE_CURVE('',#2164,(#2168,#2174),.PCURVE_S1.);
#2164 = LINE('',#2165,#2166);
#2165 = CARTESIAN_POINT('',(105.5,77.5,4.));
#2166 = VECTOR('',#2167,1.);
#2167 = DIRECTION('',(0.,0.,1.));
#2168 = PCURVE('',#335,#2169);
#2169 = DEFINITIONAL_REPRESENTATION('',(#2170),#2173);
#2170 = B_SPLINE_CURVE_WITH_KNOTS('',1,(#2171,#2172),.UNSPECIFIED.,.F.,
  .F.,(2,2),(-1.5,5.),.PIECEWISE_BEZIER_KNOTS.);
#2171 = CARTESIAN_POINT('',(0.,-78.5));
#2172 = CARTESIAN_POINT('',(6.5,-78.5));
#2173 = ( GEOMETRIC_REPRESENTATION_CONTEXT(2) 
PARAMETRIC_REPRESENTATION_CONTEXT() REPRESENTATION_CONTEXT('2D SPACE',''
  ) );
#2174 = PCURVE('',#2175,#2180);
#2175 = PLANE('',#2176);
#2176 = AXIS2_PLACEMENT_3D('',#2177,#2178,#2179);
#2177 = CARTESIAN_POINT('',(102.5,77.5,5.5));
#2178 = DIRECTION('',(0.,1.,0.));
#2179 = DIRECTION('',(0.,-0.,1.));
#2180 = DEFINITIONAL_REPRESENTATION('',(#2181),#2184);
#2181 = B_SPLINE_CURVE_WITH_KNOTS('',1,(#2182,#2183),.UNSPECIFIED.,.F.,
  .F.,(2,2),(-1.5,5.),.PIECEWISE_BEZIER_KNOTS.);
#2182 = CARTESIAN_POINT('',(-3.,3.));
#2183 = CARTESIAN_POINT('',(3.5,3.));
#2184 = ( GEOMETRIC_REPRESENTATION_CONTEXT(2) 
PARAMETRIC_REPRESENTATION_CONTEXT() REPRESENTATION_CONTEXT('2D SPACE',''
  ) );
#2185 = ORIENTED_EDGE('',*,*,#2186,.F.);
#2186 = EDGE_CURVE('',#2107,#2161,#2187,.T.);
#2187 = SURFACE_CURVE('',#2188,(#2192,#2198),.PCURVE_S1.);
#2188 = LINE('',#2189,#2190);
#2189 = CARTESIAN_POINT('',(105.5,2.5,3.697224362268));
#2190 = VECTOR('',#2191,1.);
#2191 = DIRECTION('',(0.,1.,0.));
#2192 = PCURVE('',#335,#2193);
#2193 = DEFINITIONAL_REPRESENTATION('',(#2194),#2197);
#2194 = B_SPLINE_CURVE_WITH_KNOTS('',1,(#2195,#2196),.UNSPECIFIED.,.F.,
  .F.,(2,2),(-5.999999999062E-07,75.0000006),.PIECEWISE_BEZIER_KNOTS.);
#2195 = CARTESIAN_POINT('',(1.197224362268,-3.4999994));
#2196 = CARTESIAN_POINT('',(1.197224362268,-78.5000006));
#2197 = ( GEOMETRIC_REPRESENTATION_CONTEXT(2) 
PARAMETRIC_REPRESENTATION_CONTEXT() REPRESENTATION_CONTEXT('2D SPACE',''
  ) );
#2198 = PCURVE('',#2199,#2204);
#2199 = CYLINDRICAL_SURFACE('',#2200,3.5);
#2200 = AXIS2_PLACEMENT_3D('',#2201,#2202,#2203);
#2201 = CARTESIAN_POINT('',(102.5,2.5,5.5));
#2202 = DIRECTION('',(0.,1.,0.));
#2203 = DIRECTION('',(0.,-0.,1.));
#2204 = DEFINITIONAL_REPRESENTATION('',(#2205),#2208);
#2205 = B_SPLINE_CURVE_WITH_KNOTS('',1,(#2206,#2207),.UNSPECIFIED.,.F.,
  .F.,(2,2),(-5.999999999062E-07,75.0000006),.PIECEWISE_BEZIER_KNOTS.);
#2206 = CARTESIAN_POINT('',(2.111895852752,-5.999999999062E-07));
#2207 = CARTESIAN_POINT('',(2.111895852752,75.0000006));
#2208 = ( GEOMETRIC_REPRESENTATION_CONTEXT(2) 
PARAMETRIC_REPRESENTATION_CONTEXT() REPRESENTATION_CONTEXT('2D SPACE',''
  ) );
#2209 = FACE_BOUND('',#2210,.F.);
#2210 = EDGE_LOOP('',(#2211,#2234,#2255,#2276));
#2211 = ORIENTED_EDGE('',*,*,#2212,.T.);
#2212 = EDGE_CURVE('',#2213,#2215,#2217,.T.);
#2213 = VERTEX_POINT('',#2214);
#2214 = CARTESIAN_POINT('',(105.5,2.5,22.697224362268));
#2215 = VERTEX_POINT('',#2216);
#2216 = CARTESIAN_POINT('',(105.5,2.5,26.302775637732));
#2217 = SURFACE_CURVE('',#2218,(#2222,#2228),.PCURVE_S1.);
#2218 = LINE('',#2219,#2220);
#2219 = CARTESIAN_POINT('',(105.5,2.5,13.5));
#2220 = VECTOR('',#2221,1.);
#2221 = DIRECTION('',(0.,0.,1.));
#2222 = PCURVE('',#335,#2223);
#2223 = DEFINITIONAL_REPRESENTATION('',(#2224),#2227);
#2224 = B_SPLINE_CURVE_WITH_KNOTS('',1,(#2225,#2226),.UNSPECIFIED.,.F.,
  .F.,(2,2),(7.5,14.),.PIECEWISE_BEZIER_KNOTS.);
#2225 = CARTESIAN_POINT('',(18.5,-3.5));
#2226 = CARTESIAN_POINT('',(25.,-3.5));
#2227 = ( GEOMETRIC_REPRESENTATION_CONTEXT(2) 
PARAMETRIC_REPRESENTATION_CONTEXT() REPRESENTATION_CONTEXT('2D SPACE',''
  ) );
#2228 = PCURVE('',#1990,#2229);
#2229 = DEFINITIONAL_REPRESENTATION('',(#2230),#2233);
#2230 = B_SPLINE_CURVE_WITH_KNOTS('',1,(#2231,#2232),.UNSPECIFIED.,.F.,
  .F.,(2,2),(7.5,14.),.PIECEWISE_BEZIER_KNOTS.);
#2231 = CARTESIAN_POINT('',(-3.5,3.));
#2232 = CARTESIAN_POINT('',(3.,3.));
#2233 = ( GEOMETRIC_REPRESENTATION_CONTEXT(2) 
PARAMETRIC_REPRESENTATION_CONTEXT() REPRESENTATION_CONTEXT('2D SPACE',''
  ) );
#2234 = ORIENTED_EDGE('',*,*,#2235,.T.);
#2235 = EDGE_CURVE('',#2215,#2236,#2238,.T.);
#2236 = VERTEX_POINT('',#2237);
#2237 = CARTESIAN_POINT('',(105.5,77.5,26.302775637732));
#2238 = SURFACE_CURVE('',#2239,(#2243,#2249),.PCURVE_S1.);
#2239 = LINE('',#2240,#2241);
#2240 = CARTESIAN_POINT('',(105.5,2.5,26.302775637732));
#2241 = VECTOR('',#2242,1.);
#2242 = DIRECTION('',(0.,1.,0.));
#2243 = PCURVE('',#335,#2244);
#2244 = DEFINITIONAL_REPRESENTATION('',(#2245),#2248);
#2245 = B_SPLINE_CURVE_WITH_KNOTS('',1,(#2246,#2247),.UNSPECIFIED.,.F.,
  .F.,(2,2),(-5.999999999062E-07,75.0000006),.PIECEWISE_BEZIER_KNOTS.);
#2246 = CARTESIAN_POINT('',(23.802775637732,-3.4999994));
#2247 = CARTESIAN_POINT('',(23.802775637732,-78.5000006));
#2248 = ( GEOMETRIC_REPRESENTATION_CONTEXT(2) 
PARAMETRIC_REPRESENTATION_CONTEXT() REPRESENTATION_CONTEXT('2D SPACE',''
  ) );
#2249 = PCURVE('',#2066,#2250);
#2250 = DEFINITIONAL_REPRESENTATION('',(#2251),#2254);
#2251 = B_SPLINE_CURVE_WITH_KNOTS('',1,(#2252,#2253),.UNSPECIFIED.,.F.,
  .F.,(2,2),(-5.999999999062E-07,75.0000006),.PIECEWISE_BEZIER_KNOTS.);
#2252 = CARTESIAN_POINT('',(1.029696800838,-5.999999999062E-07));
#2253 = CARTESIAN_POINT('',(1.029696800838,75.0000006));
#2254 = ( GEOMETRIC_REPRESENTATION_CONTEXT(2) 
PARAMETRIC_REPRESENTATION_CONTEXT() REPRESENTATION_CONTEXT('2D SPACE',''
  ) );
#2255 = ORIENTED_EDGE('',*,*,#2256,.F.);
#2256 = EDGE_CURVE('',#2257,#2236,#2259,.T.);
#2257 = VERTEX_POINT('',#2258);
#2258 = CARTESIAN_POINT('',(105.5,77.5,22.697224362268));
#2259 = SURFACE_CURVE('',#2260,(#2264,#2270),.PCURVE_S1.);
#2260 = LINE('',#2261,#2262);
#2261 = CARTESIAN_POINT('',(105.5,77.5,13.5));
#2262 = VECTOR('',#2263,1.);
#2263 = DIRECTION('',(0.,0.,1.));
#2264 = PCURVE('',#335,#2265);
#2265 = DEFINITIONAL_REPRESENTATION('',(#2266),#2269);
#2266 = B_SPLINE_CURVE_WITH_KNOTS('',1,(#2267,#2268),.UNSPECIFIED.,.F.,
  .F.,(2,2),(7.5,14.),.PIECEWISE_BEZIER_KNOTS.);
#2267 = CARTESIAN_POINT('',(18.5,-78.5));
#2268 = CARTESIAN_POINT('',(25.,-78.5));
#2269 = ( GEOMETRIC_REPRESENTATION_CONTEXT(2) 
PARAMETRIC_REPRESENTATION_CONTEXT() REPRESENTATION_CONTEXT('2D SPACE',''
  ) );
#2270 = PCURVE('',#2042,#2271);
#2271 = DEFINITIONAL_REPRESENTATION('',(#2272),#2275);
#2272 = B_SPLINE_CURVE_WITH_KNOTS('',1,(#2273,#2274),.UNSPECIFIED.,.F.,
  .F.,(2,2),(7.5,14.),.PIECEWISE_BEZIER_KNOTS.);
#2273 = CARTESIAN_POINT('',(-3.5,3.));
#2274 = CARTESIAN_POINT('',(3.,3.));
#2275 = ( GEOMETRIC_REPRESENTATION_CONTEXT(2) 
PARAMETRIC_REPRESENTATION_CONTEXT() REPRESENTATION_CONTEXT('2D SPACE',''
  ) );
#2276 = ORIENTED_EDGE('',*,*,#2277,.F.);
#2277 = EDGE_CURVE('',#2213,#2257,#2278,.T.);
#2278 = SURFACE_CURVE('',#2279,(#2283,#2289),.PCURVE_S1.);
#2279 = LINE('',#2280,#2281);
#2280 = CARTESIAN_POINT('',(105.5,2.5,22.697224362268));
#2281 = VECTOR('',#2282,1.);
#2282 = DIRECTION('',(0.,1.,0.));
#2283 = PCURVE('',#335,#2284);
#2284 = DEFINITIONAL_REPRESENTATION('',(#2285),#2288);
#2285 = B_SPLINE_CURVE_WITH_KNOTS('',1,(#2286,#2287),.UNSPECIFIED.,.F.,
  .F.,(2,2),(-5.999999999062E-07,75.0000006),.PIECEWISE_BEZIER_KNOTS.);
#2286 = CARTESIAN_POINT('',(20.197224362268,-3.4999994));
#2287 = CARTESIAN_POINT('',(20.197224362268,-78.5000006));
#2288 = ( GEOMETRIC_REPRESENTATION_CONTEXT(2) 
PARAMETRIC_REPRESENTATION_CONTEXT() REPRESENTATION_CONTEXT('2D SPACE',''
  ) );
#2289 = PCURVE('',#2016,#2290);
#2290 = DEFINITIONAL_REPRESENTATION('',(#2291),#2294);
#2291 = B_SPLINE_CURVE_WITH_KNOTS('',1,(#2292,#2293),.UNSPECIFIED.,.F.,
  .F.,(2,2),(-5.999999999062E-07,75.0000006),.PIECEWISE_BEZIER_KNOTS.);
#2292 = CARTESIAN_POINT('',(2.111895852752,-5.999999999062E-07));
#2293 = CARTESIAN_POINT('',(2.111895852752,75.0000006));
#2294 = ( GEOMETRIC_REPRESENTATION_CONTEXT(2) 
PARAMETRIC_REPRESENTATION_CONTEXT() REPRESENTATION_CONTEXT('2D SPACE',''
  ) );
#2295 = ADVANCED_FACE('',(#2296,#2322,#2428),#311,.T.);
#2296 = FACE_BOUND('',#2297,.T.);
#2297 = EDGE_LOOP('',(#2298,#2319,#2320,#2321));
#2298 = ORIENTED_EDGE('',*,*,#2299,.F.);
#2299 = EDGE_CURVE('',#271,#1724,#2300,.T.);
#2300 = SURFACE_CURVE('',#2301,(#2305,#2312),.PCURVE_S1.);
#2301 = LINE('',#2302,#2303);
#2302 = CARTESIAN_POINT('',(2.5,-1.,2.5));
#2303 = VECTOR('',#2304,1.);
#2304 = DIRECTION('',(0.,1.,0.));
#2305 = PCURVE('',#311,#2306);
#2306 = DEFINITIONAL_REPRESENTATION('',(#2307),#2311);
#2307 = LINE('',#2308,#2309);
#2308 = CARTESIAN_POINT('',(0.,0.));
#2309 = VECTOR('',#2310,1.);
#2310 = DIRECTION('',(0.,1.));
#2311 = ( GEOMETRIC_REPRESENTATION_CONTEXT(2) 
PARAMETRIC_REPRESENTATION_CONTEXT() REPRESENTATION_CONTEXT('2D SPACE',''
  ) );
#2312 = PCURVE('',#285,#2313);
#2313 = DEFINITIONAL_REPRESENTATION('',(#2314),#2318);
#2314 = LINE('',#2315,#2316);
#2315 = CARTESIAN_POINT('',(0.,0.));
#2316 = VECTOR('',#2317,1.);
#2317 = DIRECTION('',(0.,-1.));
#2318 = ( GEOMETRIC_REPRESENTATION_CONTEXT(2) 
PARAMETRIC_REPRESENTATION_CONTEXT() REPRESENTATION_CONTEXT('2D SPACE',''
  ) );
#2319 = ORIENTED_EDGE('',*,*,#296,.T.);
#2320 = ORIENTED_EDGE('',*,*,#2082,.T.);
#2321 = ORIENTED_EDGE('',*,*,#1744,.F.);
#2322 = FACE_BOUND('',#2323,.T.);
#2323 = EDGE_LOOP('',(#2324,#2352,#2378,#2404));
#2324 = ORIENTED_EDGE('',*,*,#2325,.T.);
#2325 = EDGE_CURVE('',#2326,#2328,#2330,.T.);
#2326 = VERTEX_POINT('',#2327);
#2327 = CARTESIAN_POINT('',(7.302775637732,2.5,2.5));
#2328 = VERTEX_POINT('',#2329);
#2329 = CARTESIAN_POINT('',(3.697224362268,2.5,2.5));
#2330 = SURFACE_CURVE('',#2331,(#2335,#2341),.PCURVE_S1.);
#2331 = LINE('',#2332,#2333);
#2332 = CARTESIAN_POINT('',(4.,2.5,2.5));
#2333 = VECTOR('',#2334,1.);
#2334 = DIRECTION('',(-1.,0.,0.));
#2335 = PCURVE('',#311,#2336);
#2336 = DEFINITIONAL_REPRESENTATION('',(#2337),#2340);
#2337 = B_SPLINE_CURVE_WITH_KNOTS('',1,(#2338,#2339),.UNSPECIFIED.,.F.,
  .F.,(2,2),(-5.,1.5),.PIECEWISE_BEZIER_KNOTS.);
#2338 = CARTESIAN_POINT('',(6.5,3.5));
#2339 = CARTESIAN_POINT('',(0.,3.5));
#2340 = ( GEOMETRIC_REPRESENTATION_CONTEXT(2) 
PARAMETRIC_REPRESENTATION_CONTEXT() REPRESENTATION_CONTEXT('2D SPACE',''
  ) );
#2341 = PCURVE('',#2342,#2347);
#2342 = PLANE('',#2343);
#2343 = AXIS2_PLACEMENT_3D('',#2344,#2345,#2346);
#2344 = CARTESIAN_POINT('',(5.5,2.5,5.5));
#2345 = DIRECTION('',(0.,1.,0.));
#2346 = DIRECTION('',(0.,-0.,1.));
#2347 = DEFINITIONAL_REPRESENTATION('',(#2348),#2351);
#2348 = B_SPLINE_CURVE_WITH_KNOTS('',1,(#2349,#2350),.UNSPECIFIED.,.F.,
  .F.,(2,2),(-5.,1.5),.PIECEWISE_BEZIER_KNOTS.);
#2349 = CARTESIAN_POINT('',(-3.,3.5));
#2350 = CARTESIAN_POINT('',(-3.,-3.));
#2351 = ( GEOMETRIC_REPRESENTATION_CONTEXT(2) 
PARAMETRIC_REPRESENTATION_CONTEXT() REPRESENTATION_CONTEXT('2D SPACE',''
  ) );
#2352 = ORIENTED_EDGE('',*,*,#2353,.T.);
#2353 = EDGE_CURVE('',#2328,#2354,#2356,.T.);
#2354 = VERTEX_POINT('',#2355);
#2355 = CARTESIAN_POINT('',(3.697224362268,77.5,2.5));
#2356 = SURFACE_CURVE('',#2357,(#2361,#2367),.PCURVE_S1.);
#2357 = LINE('',#2358,#2359);
#2358 = CARTESIAN_POINT('',(3.697224362268,2.5,2.5));
#2359 = VECTOR('',#2360,1.);
#2360 = DIRECTION('',(0.,1.,0.));
#2361 = PCURVE('',#311,#2362);
#2362 = DEFINITIONAL_REPRESENTATION('',(#2363),#2366);
#2363 = B_SPLINE_CURVE_WITH_KNOTS('',1,(#2364,#2365),.UNSPECIFIED.,.F.,
  .F.,(2,2),(-5.999999999062E-07,75.0000006),.PIECEWISE_BEZIER_KNOTS.);
#2364 = CARTESIAN_POINT('',(1.197224362268,3.4999994));
#2365 = CARTESIAN_POINT('',(1.197224362268,78.5000006));
#2366 = ( GEOMETRIC_REPRESENTATION_CONTEXT(2) 
PARAMETRIC_REPRESENTATION_CONTEXT() REPRESENTATION_CONTEXT('2D SPACE',''
  ) );
#2367 = PCURVE('',#2368,#2373);
#2368 = CYLINDRICAL_SURFACE('',#2369,3.5);
#2369 = AXIS2_PLACEMENT_3D('',#2370,#2371,#2372);
#2370 = CARTESIAN_POINT('',(5.5,2.5,5.5));
#2371 = DIRECTION('',(0.,1.,0.));
#2372 = DIRECTION('',(0.,-0.,1.));
#2373 = DEFINITIONAL_REPRESENTATION('',(#2374),#2377);
#2374 = B_SPLINE_CURVE_WITH_KNOTS('',1,(#2375,#2376),.UNSPECIFIED.,.F.,
  .F.,(2,2),(-5.999999999062E-07,75.0000006),.PIECEWISE_BEZIER_KNOTS.);
#2375 = CARTESIAN_POINT('',(3.682692179547,-5.999999999062E-07));
#2376 = CARTESIAN_POINT('',(3.682692179547,75.0000006));
#2377 = ( GEOMETRIC_REPRESENTATION_CONTEXT(2) 
PARAMETRIC_REPRESENTATION_CONTEXT() REPRESENTATION_CONTEXT('2D SPACE',''
  ) );
#2378 = ORIENTED_EDGE('',*,*,#2379,.F.);
#2379 = EDGE_CURVE('',#2380,#2354,#2382,.T.);
#2380 = VERTEX_POINT('',#2381);
#2381 = CARTESIAN_POINT('',(7.302775637732,77.5,2.5));
#2382 = SURFACE_CURVE('',#2383,(#2387,#2393),.PCURVE_S1.);
#2383 = LINE('',#2384,#2385);
#2384 = CARTESIAN_POINT('',(4.,77.5,2.5));
#2385 = VECTOR('',#2386,1.);
#2386 = DIRECTION('',(-1.,0.,0.));
#2387 = PCURVE('',#311,#2388);
#2388 = DEFINITIONAL_REPRESENTATION('',(#2389),#2392);
#2389 = B_SPLINE_CURVE_WITH_KNOTS('',1,(#2390,#2391),.UNSPECIFIED.,.F.,
  .F.,(2,2),(-5.,1.5),.PIECEWISE_BEZIER_KNOTS.);
#2390 = CARTESIAN_POINT('',(6.5,78.5));
#2391 = CARTESIAN_POINT('',(0.,78.5));
#2392 = ( GEOMETRIC_REPRESENTATION_CONTEXT(2) 
PARAMETRIC_REPRESENTATION_CONTEXT() REPRESENTATION_CONTEXT('2D SPACE',''
  ) );
#2393 = PCURVE('',#2394,#2399);
#2394 = PLANE('',#2395);
#2395 = AXIS2_PLACEMENT_3D('',#2396,#2397,#2398);
#2396 = CARTESIAN_POINT('',(5.5,77.5,5.5));
#2397 = DIRECTION('',(0.,1.,0.));
#2398 = DIRECTION('',(0.,-0.,1.));
#2399 = DEFINITIONAL_REPRESENTATION('',(#2400),#2403);
#2400 = B_SPLINE_CURVE_WITH_KNOTS('',1,(#2401,#2402),.UNSPECIFIED.,.F.,
  .F.,(2,2),(-5.,1.5),.PIECEWISE_BEZIER_KNOTS.);
#2401 = CARTESIAN_POINT('',(-3.,3.5));
#2402 = CARTESIAN_POINT('',(-3.,-3.));
#2403 = ( GEOMETRIC_REPRESENTATION_CONTEXT(2) 
PARAMETRIC_REPRESENTATION_CONTEXT() REPRESENTATION_CONTEXT('2D SPACE',''
  ) );
#2404 = ORIENTED_EDGE('',*,*,#2405,.F.);
#2405 = EDGE_CURVE('',#2326,#2380,#2406,.T.);
#2406 = SURFACE_CURVE('',#2407,(#2411,#2417),.PCURVE_S1.);
#2407 = LINE('',#2408,#2409);
#2408 = CARTESIAN_POINT('',(7.302775637732,2.5,2.5));
#2409 = VECTOR('',#2410,1.);
#2410 = DIRECTION('',(0.,1.,0.));
#2411 = PCURVE('',#311,#2412);
#2412 = DEFINITIONAL_REPRESENTATION('',(#2413),#2416);
#2413 = B_SPLINE_CURVE_WITH_KNOTS('',1,(#2414,#2415),.UNSPECIFIED.,.F.,
  .F.,(2,2),(-5.999999999062E-07,75.0000006),.PIECEWISE_BEZIER_KNOTS.);
#2414 = CARTESIAN_POINT('',(4.802775637732,3.4999994));
#2415 = CARTESIAN_POINT('',(4.802775637732,78.5000006));
#2416 = ( GEOMETRIC_REPRESENTATION_CONTEXT(2) 
PARAMETRIC_REPRESENTATION_CONTEXT() REPRESENTATION_CONTEXT('2D SPACE',''
  ) );
#2417 = PCURVE('',#2418,#2423);
#2418 = CYLINDRICAL_SURFACE('',#2419,3.5);
#2419 = AXIS2_PLACEMENT_3D('',#2420,#2421,#2422);
#2420 = CARTESIAN_POINT('',(5.5,2.5,5.5));
#2421 = DIRECTION('',(0.,1.,0.));
#2422 = DIRECTION('',(0.,-0.,1.));
#2423 = DEFINITIONAL_REPRESENTATION('',(#2424),#2427);
#2424 = B_SPLINE_CURVE_WITH_KNOTS('',1,(#2425,#2426),.UNSPECIFIED.,.F.,
  .F.,(2,2),(0.,75.),.PIECEWISE_BEZIER_KNOTS.);
#2425 = CARTESIAN_POINT('',(8.883678434812,0.));
#2426 = CARTESIAN_POINT('',(8.883678434812,75.));
#2427 = ( GEOMETRIC_REPRESENTATION_CONTEXT(2) 
PARAMETRIC_REPRESENTATION_CONTEXT() REPRESENTATION_CONTEXT('2D SPACE',''
  ) );
#2428 = FACE_BOUND('',#2429,.T.);
#2429 = EDGE_LOOP('',(#2430,#2453,#2474,#2495));
#2430 = ORIENTED_EDGE('',*,*,#2431,.T.);
#2431 = EDGE_CURVE('',#2432,#2434,#2436,.T.);
#2432 = VERTEX_POINT('',#2433);
#2433 = CARTESIAN_POINT('',(104.30277563773,2.5,2.5));
#2434 = VERTEX_POINT('',#2435);
#2435 = CARTESIAN_POINT('',(100.69722436226,2.5,2.5));
#2436 = SURFACE_CURVE('',#2437,(#2441,#2447),.PCURVE_S1.);
#2437 = LINE('',#2438,#2439);
#2438 = CARTESIAN_POINT('',(52.5,2.5,2.5));
#2439 = VECTOR('',#2440,1.);
#2440 = DIRECTION('',(-1.,0.,0.));
#2441 = PCURVE('',#311,#2442);
#2442 = DEFINITIONAL_REPRESENTATION('',(#2443),#2446);
#2443 = B_SPLINE_CURVE_WITH_KNOTS('',1,(#2444,#2445),.UNSPECIFIED.,.F.,
  .F.,(2,2),(-53.,-46.5),.PIECEWISE_BEZIER_KNOTS.);
#2444 = CARTESIAN_POINT('',(103.,3.5));
#2445 = CARTESIAN_POINT('',(96.5,3.5));
#2446 = ( GEOMETRIC_REPRESENTATION_CONTEXT(2) 
PARAMETRIC_REPRESENTATION_CONTEXT() REPRESENTATION_CONTEXT('2D SPACE',''
  ) );
#2447 = PCURVE('',#2123,#2448);
#2448 = DEFINITIONAL_REPRESENTATION('',(#2449),#2452);
#2449 = B_SPLINE_CURVE_WITH_KNOTS('',1,(#2450,#2451),.UNSPECIFIED.,.F.,
  .F.,(2,2),(-53.,-46.5),.PIECEWISE_BEZIER_KNOTS.);
#2450 = CARTESIAN_POINT('',(-3.,3.));
#2451 = CARTESIAN_POINT('',(-3.,-3.5));
#2452 = ( GEOMETRIC_REPRESENTATION_CONTEXT(2) 
PARAMETRIC_REPRESENTATION_CONTEXT() REPRESENTATION_CONTEXT('2D SPACE',''
  ) );
#2453 = ORIENTED_EDGE('',*,*,#2454,.T.);
#2454 = EDGE_CURVE('',#2434,#2455,#2457,.T.);
#2455 = VERTEX_POINT('',#2456);
#2456 = CARTESIAN_POINT('',(100.69722436226,77.5,2.5));
#2457 = SURFACE_CURVE('',#2458,(#2462,#2468),.PCURVE_S1.);
#2458 = LINE('',#2459,#2460);
#2459 = CARTESIAN_POINT('',(100.69722436226,2.5,2.5));
#2460 = VECTOR('',#2461,1.);
#2461 = DIRECTION('',(0.,1.,0.));
#2462 = PCURVE('',#311,#2463);
#2463 = DEFINITIONAL_REPRESENTATION('',(#2464),#2467);
#2464 = B_SPLINE_CURVE_WITH_KNOTS('',1,(#2465,#2466),.UNSPECIFIED.,.F.,
  .F.,(2,2),(-5.999999999062E-07,75.0000006),.PIECEWISE_BEZIER_KNOTS.);
#2465 = CARTESIAN_POINT('',(98.197224362268,3.4999994));
#2466 = CARTESIAN_POINT('',(98.197224362268,78.5000006));
#2467 = ( GEOMETRIC_REPRESENTATION_CONTEXT(2) 
PARAMETRIC_REPRESENTATION_CONTEXT() REPRESENTATION_CONTEXT('2D SPACE',''
  ) );
#2468 = PCURVE('',#2149,#2469);
#2469 = DEFINITIONAL_REPRESENTATION('',(#2470),#2473);
#2470 = B_SPLINE_CURVE_WITH_KNOTS('',1,(#2471,#2472),.UNSPECIFIED.,.F.,
  .F.,(2,2),(0.,75.),.PIECEWISE_BEZIER_KNOTS.);
#2471 = CARTESIAN_POINT('',(3.682692179547,0.));
#2472 = CARTESIAN_POINT('',(3.682692179547,75.));
#2473 = ( GEOMETRIC_REPRESENTATION_CONTEXT(2) 
PARAMETRIC_REPRESENTATION_CONTEXT() REPRESENTATION_CONTEXT('2D SPACE',''
  ) );
#2474 = ORIENTED_EDGE('',*,*,#2475,.F.);
#2475 = EDGE_CURVE('',#2476,#2455,#2478,.T.);
#2476 = VERTEX_POINT('',#2477);
#2477 = CARTESIAN_POINT('',(104.30277563773,77.5,2.5));
#2478 = SURFACE_CURVE('',#2479,(#2483,#2489),.PCURVE_S1.);
#2479 = LINE('',#2480,#2481);
#2480 = CARTESIAN_POINT('',(52.5,77.5,2.5));
#2481 = VECTOR('',#2482,1.);
#2482 = DIRECTION('',(-1.,0.,0.));
#2483 = PCURVE('',#311,#2484);
#2484 = DEFINITIONAL_REPRESENTATION('',(#2485),#2488);
#2485 = B_SPLINE_CURVE_WITH_KNOTS('',1,(#2486,#2487),.UNSPECIFIED.,.F.,
  .F.,(2,2),(-53.,-46.5),.PIECEWISE_BEZIER_KNOTS.);
#2486 = CARTESIAN_POINT('',(103.,78.5));
#2487 = CARTESIAN_POINT('',(96.5,78.5));
#2488 = ( GEOMETRIC_REPRESENTATION_CONTEXT(2) 
PARAMETRIC_REPRESENTATION_CONTEXT() REPRESENTATION_CONTEXT('2D SPACE',''
  ) );
#2489 = PCURVE('',#2175,#2490);
#2490 = DEFINITIONAL_REPRESENTATION('',(#2491),#2494);
#2491 = B_SPLINE_CURVE_WITH_KNOTS('',1,(#2492,#2493),.UNSPECIFIED.,.F.,
  .F.,(2,2),(-53.,-46.5),.PIECEWISE_BEZIER_KNOTS.);
#2492 = CARTESIAN_POINT('',(-3.,3.));
#2493 = CARTESIAN_POINT('',(-3.,-3.5));
#2494 = ( GEOMETRIC_REPRESENTATION_CONTEXT(2) 
PARAMETRIC_REPRESENTATION_CONTEXT() REPRESENTATION_CONTEXT('2D SPACE',''
  ) );
#2495 = ORIENTED_EDGE('',*,*,#2496,.F.);
#2496 = EDGE_CURVE('',#2432,#2476,#2497,.T.);
#2497 = SURFACE_CURVE('',#2498,(#2502,#2508),.PCURVE_S1.);
#2498 = LINE('',#2499,#2500);
#2499 = CARTESIAN_POINT('',(104.30277563773,2.5,2.5));
#2500 = VECTOR('',#2501,1.);
#2501 = DIRECTION('',(0.,1.,0.));
#2502 = PCURVE('',#311,#2503);
#2503 = DEFINITIONAL_REPRESENTATION('',(#2504),#2507);
#2504 = B_SPLINE_CURVE_WITH_KNOTS('',1,(#2505,#2506),.UNSPECIFIED.,.F.,
  .F.,(2,2),(-5.999999999062E-07,75.0000006),.PIECEWISE_BEZIER_KNOTS.);
#2505 = CARTESIAN_POINT('',(101.80277563773,3.4999994));
#2506 = CARTESIAN_POINT('',(101.80277563773,78.5000006));
#2507 = ( GEOMETRIC_REPRESENTATION_CONTEXT(2) 
PARAMETRIC_REPRESENTATION_CONTEXT() REPRESENTATION_CONTEXT('2D SPACE',''
  ) );
#2508 = PCURVE('',#2199,#2509);
#2509 = DEFINITIONAL_REPRESENTATION('',(#2510),#2513);
#2510 = B_SPLINE_CURVE_WITH_KNOTS('',1,(#2511,#2512),.UNSPECIFIED.,.F.,
  .F.,(2,2),(-5.999999999062E-07,75.0000006),.PIECEWISE_BEZIER_KNOTS.);
#2511 = CARTESIAN_POINT('',(2.600493127633,-5.999999999062E-07));
#2512 = CARTESIAN_POINT('',(2.600493127633,75.0000006));
#2513 = ( GEOMETRIC_REPRESENTATION_CONTEXT(2) 
PARAMETRIC_REPRESENTATION_CONTEXT() REPRESENTATION_CONTEXT('2D SPACE',''
  ) );
#2514 = ADVANCED_FACE('',(#2515,#2521,#2607),#285,.T.);
#2515 = FACE_BOUND('',#2516,.T.);
#2516 = EDGE_LOOP('',(#2517,#2518,#2519,#2520));
#2517 = ORIENTED_EDGE('',*,*,#1821,.F.);
#2518 = ORIENTED_EDGE('',*,*,#270,.T.);
#2519 = ORIENTED_EDGE('',*,*,#2299,.T.);
#2520 = ORIENTED_EDGE('',*,*,#1723,.F.);
#2521 = FACE_BOUND('',#2522,.T.);
#2522 = EDGE_LOOP('',(#2523,#2546,#2567,#2588));
#2523 = ORIENTED_EDGE('',*,*,#2524,.T.);
#2524 = EDGE_CURVE('',#2525,#2527,#2529,.T.);
#2525 = VERTEX_POINT('',#2526);
#2526 = CARTESIAN_POINT('',(2.5,2.5,3.697224362268));
#2527 = VERTEX_POINT('',#2528);
#2528 = CARTESIAN_POINT('',(2.5,2.5,7.302775637732));
#2529 = SURFACE_CURVE('',#2530,(#2534,#2540),.PCURVE_S1.);
#2530 = LINE('',#2531,#2532);
#2531 = CARTESIAN_POINT('',(2.5,2.5,4.));
#2532 = VECTOR('',#2533,1.);
#2533 = DIRECTION('',(0.,0.,1.));
#2534 = PCURVE('',#285,#2535);
#2535 = DEFINITIONAL_REPRESENTATION('',(#2536),#2539);
#2536 = B_SPLINE_CURVE_WITH_KNOTS('',1,(#2537,#2538),.UNSPECIFIED.,.F.,
  .F.,(2,2),(-1.5,5.),.PIECEWISE_BEZIER_KNOTS.);
#2537 = CARTESIAN_POINT('',(0.,-3.5));
#2538 = CARTESIAN_POINT('',(6.5,-3.5));
#2539 = ( GEOMETRIC_REPRESENTATION_CONTEXT(2) 
PARAMETRIC_REPRESENTATION_CONTEXT() REPRESENTATION_CONTEXT('2D SPACE',''
  ) );
#2540 = PCURVE('',#2342,#2541);
#2541 = DEFINITIONAL_REPRESENTATION('',(#2542),#2545);
#2542 = B_SPLINE_CURVE_WITH_KNOTS('',1,(#2543,#2544),.UNSPECIFIED.,.F.,
  .F.,(2,2),(-1.5,5.),.PIECEWISE_BEZIER_KNOTS.);
#2543 = CARTESIAN_POINT('',(-3.,-3.));
#2544 = CARTESIAN_POINT('',(3.5,-3.));
#2545 = ( GEOMETRIC_REPRESENTATION_CONTEXT(2) 
PARAMETRIC_REPRESENTATION_CONTEXT() REPRESENTATION_CONTEXT('2D SPACE',''
  ) );
#2546 = ORIENTED_EDGE('',*,*,#2547,.T.);
#2547 = EDGE_CURVE('',#2527,#2548,#2550,.T.);
#2548 = VERTEX_POINT('',#2549);
#2549 = CARTESIAN_POINT('',(2.5,77.5,7.302775637732));
#2550 = SURFACE_CURVE('',#2551,(#2555,#2561),.PCURVE_S1.);
#2551 = LINE('',#2552,#2553);
#2552 = CARTESIAN_POINT('',(2.5,2.5,7.302775637732));
#2553 = VECTOR('',#2554,1.);
#2554 = DIRECTION('',(0.,1.,0.));
#2555 = PCURVE('',#285,#2556);
#2556 = DEFINITIONAL_REPRESENTATION('',(#2557),#2560);
#2557 = B_SPLINE_CURVE_WITH_KNOTS('',1,(#2558,#2559),.UNSPECIFIED.,.F.,
  .F.,(2,2),(-5.999999999062E-07,75.0000006),.PIECEWISE_BEZIER_KNOTS.);
#2558 = CARTESIAN_POINT('',(4.802775637732,-3.4999994));
#2559 = CARTESIAN_POINT('',(4.802775637732,-78.5000006));
#2560 = ( GEOMETRIC_REPRESENTATION_CONTEXT(2) 
PARAMETRIC_REPRESENTATION_CONTEXT() REPRESENTATION_CONTEXT('2D SPACE',''
  ) );
#2561 = PCURVE('',#2418,#2562);
#2562 = DEFINITIONAL_REPRESENTATION('',(#2563),#2566);
#2563 = B_SPLINE_CURVE_WITH_KNOTS('',1,(#2564,#2565),.UNSPECIFIED.,.F.,
  .F.,(2,2),(0.,75.),.PIECEWISE_BEZIER_KNOTS.);
#2564 = CARTESIAN_POINT('',(5.253488506342,0.));
#2565 = CARTESIAN_POINT('',(5.253488506342,75.));
#2566 = ( GEOMETRIC_REPRESENTATION_CONTEXT(2) 
PARAMETRIC_REPRESENTATION_CONTEXT() REPRESENTATION_CONTEXT('2D SPACE',''
  ) );
#2567 = ORIENTED_EDGE('',*,*,#2568,.F.);
#2568 = EDGE_CURVE('',#2569,#2548,#2571,.T.);
#2569 = VERTEX_POINT('',#2570);
#2570 = CARTESIAN_POINT('',(2.5,77.5,3.697224362268));
#2571 = SURFACE_CURVE('',#2572,(#2576,#2582),.PCURVE_S1.);
#2572 = LINE('',#2573,#2574);
#2573 = CARTESIAN_POINT('',(2.5,77.5,4.));
#2574 = VECTOR('',#2575,1.);
#2575 = DIRECTION('',(0.,0.,1.));
#2576 = PCURVE('',#285,#2577);
#2577 = DEFINITIONAL_REPRESENTATION('',(#2578),#2581);
#2578 = B_SPLINE_CURVE_WITH_KNOTS('',1,(#2579,#2580),.UNSPECIFIED.,.F.,
  .F.,(2,2),(-1.5,5.),.PIECEWISE_BEZIER_KNOTS.);
#2579 = CARTESIAN_POINT('',(0.,-78.5));
#2580 = CARTESIAN_POINT('',(6.5,-78.5));
#2581 = ( GEOMETRIC_REPRESENTATION_CONTEXT(2) 
PARAMETRIC_REPRESENTATION_CONTEXT() REPRESENTATION_CONTEXT('2D SPACE',''
  ) );
#2582 = PCURVE('',#2394,#2583);
#2583 = DEFINITIONAL_REPRESENTATION('',(#2584),#2587);
#2584 = B_SPLINE_CURVE_WITH_KNOTS('',1,(#2585,#2586),.UNSPECIFIED.,.F.,
  .F.,(2,2),(-1.5,5.),.PIECEWISE_BEZIER_KNOTS.);
#2585 = CARTESIAN_POINT('',(-3.,-3.));
#2586 = CARTESIAN_POINT('',(3.5,-3.));
#2587 = ( GEOMETRIC_REPRESENTATION_CONTEXT(2) 
PARAMETRIC_REPRESENTATION_CONTEXT() REPRESENTATION_CONTEXT('2D SPACE',''
  ) );
#2588 = ORIENTED_EDGE('',*,*,#2589,.F.);
#2589 = EDGE_CURVE('',#2525,#2569,#2590,.T.);
#2590 = SURFACE_CURVE('',#2591,(#2595,#2601),.PCURVE_S1.);
#2591 = LINE('',#2592,#2593);
#2592 = CARTESIAN_POINT('',(2.5,2.5,3.697224362268));
#2593 = VECTOR('',#2594,1.);
#2594 = DIRECTION('',(0.,1.,0.));
#2595 = PCURVE('',#285,#2596);
#2596 = DEFINITIONAL_REPRESENTATION('',(#2597),#2600);
#2597 = B_SPLINE_CURVE_WITH_KNOTS('',1,(#2598,#2599),.UNSPECIFIED.,.F.,
  .F.,(2,2),(-5.999999999062E-07,75.0000006),.PIECEWISE_BEZIER_KNOTS.);
#2598 = CARTESIAN_POINT('',(1.197224362268,-3.4999994));
#2599 = CARTESIAN_POINT('',(1.197224362268,-78.5000006));
#2600 = ( GEOMETRIC_REPRESENTATION_CONTEXT(2) 
PARAMETRIC_REPRESENTATION_CONTEXT() REPRESENTATION_CONTEXT('2D SPACE',''
  ) );
#2601 = PCURVE('',#2368,#2602);
#2602 = DEFINITIONAL_REPRESENTATION('',(#2603),#2606);
#2603 = B_SPLINE_CURVE_WITH_KNOTS('',1,(#2604,#2605),.UNSPECIFIED.,.F.,
  .F.,(2,2),(-5.999999999062E-07,75.0000006),.PIECEWISE_BEZIER_KNOTS.);
#2604 = CARTESIAN_POINT('',(4.171289454428,-5.999999999062E-07));
#2605 = CARTESIAN_POINT('',(4.171289454428,75.0000006));
#2606 = ( GEOMETRIC_REPRESENTATION_CONTEXT(2) 
PARAMETRIC_REPRESENTATION_CONTEXT() REPRESENTATION_CONTEXT('2D SPACE',''
  ) );
#2607 = FACE_BOUND('',#2608,.T.);
#2608 = EDGE_LOOP('',(#2609,#2632,#2653,#2674));
#2609 = ORIENTED_EDGE('',*,*,#2610,.T.);
#2610 = EDGE_CURVE('',#2611,#2613,#2615,.T.);
#2611 = VERTEX_POINT('',#2612);
#2612 = CARTESIAN_POINT('',(2.5,2.5,22.697224362268));
#2613 = VERTEX_POINT('',#2614);
#2614 = CARTESIAN_POINT('',(2.5,2.5,26.302775637732));
#2615 = SURFACE_CURVE('',#2616,(#2620,#2626),.PCURVE_S1.);
#2616 = LINE('',#2617,#2618);
#2617 = CARTESIAN_POINT('',(2.5,2.5,13.5));
#2618 = VECTOR('',#2619,1.);
#2619 = DIRECTION('',(0.,0.,1.));
#2620 = PCURVE('',#285,#2621);
#2621 = DEFINITIONAL_REPRESENTATION('',(#2622),#2625);
#2622 = B_SPLINE_CURVE_WITH_KNOTS('',1,(#2623,#2624),.UNSPECIFIED.,.F.,
  .F.,(2,2),(7.5,14.),.PIECEWISE_BEZIER_KNOTS.);
#2623 = CARTESIAN_POINT('',(18.5,-3.5));
#2624 = CARTESIAN_POINT('',(25.,-3.5));
#2625 = ( GEOMETRIC_REPRESENTATION_CONTEXT(2) 
PARAMETRIC_REPRESENTATION_CONTEXT() REPRESENTATION_CONTEXT('2D SPACE',''
  ) );
#2626 = PCURVE('',#1884,#2627);
#2627 = DEFINITIONAL_REPRESENTATION('',(#2628),#2631);
#2628 = B_SPLINE_CURVE_WITH_KNOTS('',1,(#2629,#2630),.UNSPECIFIED.,.F.,
  .F.,(2,2),(7.5,14.),.PIECEWISE_BEZIER_KNOTS.);
#2629 = CARTESIAN_POINT('',(-3.5,-3.));
#2630 = CARTESIAN_POINT('',(3.,-3.));
#2631 = ( GEOMETRIC_REPRESENTATION_CONTEXT(2) 
PARAMETRIC_REPRESENTATION_CONTEXT() REPRESENTATION_CONTEXT('2D SPACE',''
  ) );
#2632 = ORIENTED_EDGE('',*,*,#2633,.T.);
#2633 = EDGE_CURVE('',#2613,#2634,#2636,.T.);
#2634 = VERTEX_POINT('',#2635);
#2635 = CARTESIAN_POINT('',(2.5,77.5,26.302775637732));
#2636 = SURFACE_CURVE('',#2637,(#2641,#2647),.PCURVE_S1.);
#2637 = LINE('',#2638,#2639);
#2638 = CARTESIAN_POINT('',(2.5,2.5,26.302775637732));
#2639 = VECTOR('',#2640,1.);
#2640 = DIRECTION('',(0.,1.,0.));
#2641 = PCURVE('',#285,#2642);
#2642 = DEFINITIONAL_REPRESENTATION('',(#2643),#2646);
#2643 = B_SPLINE_CURVE_WITH_KNOTS('',1,(#2644,#2645),.UNSPECIFIED.,.F.,
  .F.,(2,2),(-5.999999999062E-07,75.0000006),.PIECEWISE_BEZIER_KNOTS.);
#2644 = CARTESIAN_POINT('',(23.802775637732,-3.4999994));
#2645 = CARTESIAN_POINT('',(23.802775637732,-78.5000006));
#2646 = ( GEOMETRIC_REPRESENTATION_CONTEXT(2) 
PARAMETRIC_REPRESENTATION_CONTEXT() REPRESENTATION_CONTEXT('2D SPACE',''
  ) );
#2647 = PCURVE('',#1910,#2648);
#2648 = DEFINITIONAL_REPRESENTATION('',(#2649),#2652);
#2649 = B_SPLINE_CURVE_WITH_KNOTS('',1,(#2650,#2651),.UNSPECIFIED.,.F.,
  .F.,(2,2),(-5.999999999062E-07,75.0000006),.PIECEWISE_BEZIER_KNOTS.);
#2650 = CARTESIAN_POINT('',(5.253488506342,-5.999999999062E-07));
#2651 = CARTESIAN_POINT('',(5.253488506342,75.0000006));
#2652 = ( GEOMETRIC_REPRESENTATION_CONTEXT(2) 
PARAMETRIC_REPRESENTATION_CONTEXT() REPRESENTATION_CONTEXT('2D SPACE',''
  ) );
#2653 = ORIENTED_EDGE('',*,*,#2654,.F.);
#2654 = EDGE_CURVE('',#2655,#2634,#2657,.T.);
#2655 = VERTEX_POINT('',#2656);
#2656 = CARTESIAN_POINT('',(2.5,77.5,22.697224362268));
#2657 = SURFACE_CURVE('',#2658,(#2662,#2668),.PCURVE_S1.);
#2658 = LINE('',#2659,#2660);
#2659 = CARTESIAN_POINT('',(2.5,77.5,13.5));
#2660 = VECTOR('',#2661,1.);
#2661 = DIRECTION('',(0.,0.,1.));
#2662 = PCURVE('',#285,#2663);
#2663 = DEFINITIONAL_REPRESENTATION('',(#2664),#2667);
#2664 = B_SPLINE_CURVE_WITH_KNOTS('',1,(#2665,#2666),.UNSPECIFIED.,.F.,
  .F.,(2,2),(7.5,14.),.PIECEWISE_BEZIER_KNOTS.);
#2665 = CARTESIAN_POINT('',(18.5,-78.5));
#2666 = CARTESIAN_POINT('',(25.,-78.5));
#2667 = ( GEOMETRIC_REPRESENTATION_CONTEXT(2) 
PARAMETRIC_REPRESENTATION_CONTEXT() REPRESENTATION_CONTEXT('2D SPACE',''
  ) );
#2668 = PCURVE('',#1936,#2669);
#2669 = DEFINITIONAL_REPRESENTATION('',(#2670),#2673);
#2670 = B_SPLINE_CURVE_WITH_KNOTS('',1,(#2671,#2672),.UNSPECIFIED.,.F.,
  .F.,(2,2),(7.5,14.),.PIECEWISE_BEZIER_KNOTS.);
#2671 = CARTESIAN_POINT('',(-3.5,-3.));
#2672 = CARTESIAN_POINT('',(3.,-3.));
#2673 = ( GEOMETRIC_REPRESENTATION_CONTEXT(2) 
PARAMETRIC_REPRESENTATION_CONTEXT() REPRESENTATION_CONTEXT('2D SPACE',''
  ) );
#2674 = ORIENTED_EDGE('',*,*,#2675,.F.);
#2675 = EDGE_CURVE('',#2611,#2655,#2676,.T.);
#2676 = SURFACE_CURVE('',#2677,(#2681,#2687),.PCURVE_S1.);
#2677 = LINE('',#2678,#2679);
#2678 = CARTESIAN_POINT('',(2.5,2.5,22.697224362268));
#2679 = VECTOR('',#2680,1.);
#2680 = DIRECTION('',(0.,1.,0.));
#2681 = PCURVE('',#285,#2682);
#2682 = DEFINITIONAL_REPRESENTATION('',(#2683),#2686);
#2683 = B_SPLINE_CURVE_WITH_KNOTS('',1,(#2684,#2685),.UNSPECIFIED.,.F.,
  .F.,(2,2),(-5.999999999062E-07,75.0000006),.PIECEWISE_BEZIER_KNOTS.);
#2684 = CARTESIAN_POINT('',(20.197224362268,-3.4999994));
#2685 = CARTESIAN_POINT('',(20.197224362268,-78.5000006));
#2686 = ( GEOMETRIC_REPRESENTATION_CONTEXT(2) 
PARAMETRIC_REPRESENTATION_CONTEXT() REPRESENTATION_CONTEXT('2D SPACE',''
  ) );
#2687 = PCURVE('',#1960,#2688);
#2688 = DEFINITIONAL_REPRESENTATION('',(#2689),#2692);
#2689 = B_SPLINE_CURVE_WITH_KNOTS('',1,(#2690,#2691),.UNSPECIFIED.,.F.,
  .F.,(2,2),(-5.999999999062E-07,75.0000006),.PIECEWISE_BEZIER_KNOTS.);
#2690 = CARTESIAN_POINT('',(4.171289454428,-5.999999999062E-07));
#2691 = CARTESIAN_POINT('',(4.171289454428,75.0000006));
#2692 = ( GEOMETRIC_REPRESENTATION_CONTEXT(2) 
PARAMETRIC_REPRESENTATION_CONTEXT() REPRESENTATION_CONTEXT('2D SPACE',''
  ) );
#2693 = ADVANCED_FACE('',(#2694),#415,.T.);
#2694 = FACE_BOUND('',#2695,.T.);
#2695 = EDGE_LOOP('',(#2696,#2719,#2747,#2768));
#2696 = ORIENTED_EDGE('',*,*,#2697,.F.);
#2697 = EDGE_CURVE('',#2698,#398,#2700,.T.);
#2698 = VERTEX_POINT('',#2699);
#2699 = CARTESIAN_POINT('',(14.5,4.5,29.45));
#2700 = SURFACE_CURVE('',#2701,(#2705,#2712),.PCURVE_S1.);
#2701 = LINE('',#2702,#2703);
#2702 = CARTESIAN_POINT('',(14.5,4.5,29.45));
#2703 = VECTOR('',#2704,1.);
#2704 = DIRECTION('',(0.,0.,1.));
#2705 = PCURVE('',#415,#2706);
#2706 = DEFINITIONAL_REPRESENTATION('',(#2707),#2711);
#2707 = LINE('',#2708,#2709);
#2708 = CARTESIAN_POINT('',(0.,0.));
#2709 = VECTOR('',#2710,1.);
#2710 = DIRECTION('',(1.,0.));
#2711 = ( GEOMETRIC_REPRESENTATION_CONTEXT(2) 
PARAMETRIC_REPRESENTATION_CONTEXT() REPRESENTATION_CONTEXT('2D SPACE',''
  ) );
#2712 = PCURVE('',#497,#2713);
#2713 = DEFINITIONAL_REPRESENTATION('',(#2714),#2718);
#2714 = LINE('',#2715,#2716);
#2715 = CARTESIAN_POINT('',(0.,0.));
#2716 = VECTOR('',#2717,1.);
#2717 = DIRECTION('',(1.,0.));
#2718 = ( GEOMETRIC_REPRESENTATION_CONTEXT(2) 
PARAMETRIC_REPRESENTATION_CONTEXT() REPRESENTATION_CONTEXT('2D SPACE',''
  ) );
#2719 = ORIENTED_EDGE('',*,*,#2720,.T.);
#2720 = EDGE_CURVE('',#2698,#2721,#2723,.T.);
#2721 = VERTEX_POINT('',#2722);
#2722 = CARTESIAN_POINT('',(14.5,75.5,29.45));
#2723 = SURFACE_CURVE('',#2724,(#2728,#2735),.PCURVE_S1.);
#2724 = LINE('',#2725,#2726);
#2725 = CARTESIAN_POINT('',(14.5,4.5,29.45));
#2726 = VECTOR('',#2727,1.);
#2727 = DIRECTION('',(0.,1.,0.));
#2728 = PCURVE('',#415,#2729);
#2729 = DEFINITIONAL_REPRESENTATION('',(#2730),#2734);
#2730 = LINE('',#2731,#2732);
#2731 = CARTESIAN_POINT('',(0.,0.));
#2732 = VECTOR('',#2733,1.);
#2733 = DIRECTION('',(0.,-1.));
#2734 = ( GEOMETRIC_REPRESENTATION_CONTEXT(2) 
PARAMETRIC_REPRESENTATION_CONTEXT() REPRESENTATION_CONTEXT('2D SPACE',''
  ) );
#2735 = PCURVE('',#2736,#2741);
#2736 = PLANE('',#2737);
#2737 = AXIS2_PLACEMENT_3D('',#2738,#2739,#2740);
#2738 = CARTESIAN_POINT('',(14.5,4.5,29.45));
#2739 = DIRECTION('',(0.,0.,1.));
#2740 = DIRECTION('',(1.,0.,0.));
#2741 = DEFINITIONAL_REPRESENTATION('',(#2742),#2746);
#2742 = LINE('',#2743,#2744);
#2743 = CARTESIAN_POINT('',(0.,0.));
#2744 = VECTOR('',#2745,1.);
#2745 = DIRECTION('',(0.,1.));
#2746 = ( GEOMETRIC_REPRESENTATION_CONTEXT(2) 
PARAMETRIC_REPRESENTATION_CONTEXT() REPRESENTATION_CONTEXT('2D SPACE',''
  ) );
#2747 = ORIENTED_EDGE('',*,*,#2748,.T.);
#2748 = EDGE_CURVE('',#2721,#400,#2749,.T.);
#2749 = SURFACE_CURVE('',#2750,(#2754,#2761),.PCURVE_S1.);
#2750 = LINE('',#2751,#2752);
#2751 = CARTESIAN_POINT('',(14.5,75.5,29.45));
#2752 = VECTOR('',#2753,1.);
#2753 = DIRECTION('',(0.,0.,1.));
#2754 = PCURVE('',#415,#2755);
#2755 = DEFINITIONAL_REPRESENTATION('',(#2756),#2760);
#2756 = LINE('',#2757,#2758);
#2757 = CARTESIAN_POINT('',(0.,-71.));
#2758 = VECTOR('',#2759,1.);
#2759 = DIRECTION('',(1.,0.));
#2760 = ( GEOMETRIC_REPRESENTATION_CONTEXT(2) 
PARAMETRIC_REPRESENTATION_CONTEXT() REPRESENTATION_CONTEXT('2D SPACE',''
  ) );
#2761 = PCURVE('',#443,#2762);
#2762 = DEFINITIONAL_REPRESENTATION('',(#2763),#2767);
#2763 = LINE('',#2764,#2765);
#2764 = CARTESIAN_POINT('',(0.,0.));
#2765 = VECTOR('',#2766,1.);
#2766 = DIRECTION('',(1.,0.));
#2767 = ( GEOMETRIC_REPRESENTATION_CONTEXT(2) 
PARAMETRIC_REPRESENTATION_CONTEXT() REPRESENTATION_CONTEXT('2D SPACE',''
  ) );
#2768 = ORIENTED_EDGE('',*,*,#397,.F.);
#2769 = ADVANCED_FACE('',(#2770),#443,.F.);
#2770 = FACE_BOUND('',#2771,.F.);
#2771 = EDGE_LOOP('',(#2772,#2795,#2796,#2797));
#2772 = ORIENTED_EDGE('',*,*,#2773,.F.);
#2773 = EDGE_CURVE('',#2721,#2774,#2776,.T.);
#2774 = VERTEX_POINT('',#2775);
#2775 = CARTESIAN_POINT('',(15.5,75.5,29.45));
#2776 = SURFACE_CURVE('',#2777,(#2781,#2788),.PCURVE_S1.);
#2777 = LINE('',#2778,#2779);
#2778 = CARTESIAN_POINT('',(14.5,75.5,29.45));
#2779 = VECTOR('',#2780,1.);
#2780 = DIRECTION('',(1.,0.,0.));
#2781 = PCURVE('',#443,#2782);
#2782 = DEFINITIONAL_REPRESENTATION('',(#2783),#2787);
#2783 = LINE('',#2784,#2785);
#2784 = CARTESIAN_POINT('',(0.,0.));
#2785 = VECTOR('',#2786,1.);
#2786 = DIRECTION('',(0.,1.));
#2787 = ( GEOMETRIC_REPRESENTATION_CONTEXT(2) 
PARAMETRIC_REPRESENTATION_CONTEXT() REPRESENTATION_CONTEXT('2D SPACE',''
  ) );
#2788 = PCURVE('',#2736,#2789);
#2789 = DEFINITIONAL_REPRESENTATION('',(#2790),#2794);
#2790 = LINE('',#2791,#2792);
#2791 = CARTESIAN_POINT('',(0.,71.));
#2792 = VECTOR('',#2793,1.);
#2793 = DIRECTION('',(1.,0.));
#2794 = ( GEOMETRIC_REPRESENTATION_CONTEXT(2) 
PARAMETRIC_REPRESENTATION_CONTEXT() REPRESENTATION_CONTEXT('2D SPACE',''
  ) );
#2795 = ORIENTED_EDGE('',*,*,#2748,.T.);
#2796 = ORIENTED_EDGE('',*,*,#427,.T.);
#2797 = ORIENTED_EDGE('',*,*,#2798,.F.);
#2798 = EDGE_CURVE('',#2774,#428,#2799,.T.);
#2799 = SURFACE_CURVE('',#2800,(#2804,#2811),.PCURVE_S1.);
#2800 = LINE('',#2801,#2802);
#2801 = CARTESIAN_POINT('',(15.5,75.5,29.45));
#2802 = VECTOR('',#2803,1.);
#2803 = DIRECTION('',(0.,0.,1.));
#2804 = PCURVE('',#443,#2805);
#2805 = DEFINITIONAL_REPRESENTATION('',(#2806),#2810);
#2806 = LINE('',#2807,#2808);
#2807 = CARTESIAN_POINT('',(0.,1.));
#2808 = VECTOR('',#2809,1.);
#2809 = DIRECTION('',(1.,0.));
#2810 = ( GEOMETRIC_REPRESENTATION_CONTEXT(2) 
PARAMETRIC_REPRESENTATION_CONTEXT() REPRESENTATION_CONTEXT('2D SPACE',''
  ) );
#2811 = PCURVE('',#471,#2812);
#2812 = DEFINITIONAL_REPRESENTATION('',(#2813),#2817);
#2813 = LINE('',#2814,#2815);
#2814 = CARTESIAN_POINT('',(0.,-71.));
#2815 = VECTOR('',#2816,1.);
#2816 = DIRECTION('',(1.,0.));
#2817 = ( GEOMETRIC_REPRESENTATION_CONTEXT(2) 
PARAMETRIC_REPRESENTATION_CONTEXT() REPRESENTATION_CONTEXT('2D SPACE',''
  ) );
#2818 = ADVANCED_FACE('',(#2819),#497,.T.);
#2819 = FACE_BOUND('',#2820,.T.);
#2820 = EDGE_LOOP('',(#2821,#2844,#2845,#2846));
#2821 = ORIENTED_EDGE('',*,*,#2822,.F.);
#2822 = EDGE_CURVE('',#2698,#2823,#2825,.T.);
#2823 = VERTEX_POINT('',#2824);
#2824 = CARTESIAN_POINT('',(15.5,4.5,29.45));
#2825 = SURFACE_CURVE('',#2826,(#2830,#2837),.PCURVE_S1.);
#2826 = LINE('',#2827,#2828);
#2827 = CARTESIAN_POINT('',(14.5,4.5,29.45));
#2828 = VECTOR('',#2829,1.);
#2829 = DIRECTION('',(1.,0.,0.));
#2830 = PCURVE('',#497,#2831);
#2831 = DEFINITIONAL_REPRESENTATION('',(#2832),#2836);
#2832 = LINE('',#2833,#2834);
#2833 = CARTESIAN_POINT('',(0.,0.));
#2834 = VECTOR('',#2835,1.);
#2835 = DIRECTION('',(0.,1.));
#2836 = ( GEOMETRIC_REPRESENTATION_CONTEXT(2) 
PARAMETRIC_REPRESENTATION_CONTEXT() REPRESENTATION_CONTEXT('2D SPACE',''
  ) );
#2837 = PCURVE('',#2736,#2838);
#2838 = DEFINITIONAL_REPRESENTATION('',(#2839),#2843);
#2839 = LINE('',#2840,#2841);
#2840 = CARTESIAN_POINT('',(0.,0.));
#2841 = VECTOR('',#2842,1.);
#2842 = DIRECTION('',(1.,0.));
#2843 = ( GEOMETRIC_REPRESENTATION_CONTEXT(2) 
PARAMETRIC_REPRESENTATION_CONTEXT() REPRESENTATION_CONTEXT('2D SPACE',''
  ) );
#2844 = ORIENTED_EDGE('',*,*,#2697,.T.);
#2845 = ORIENTED_EDGE('',*,*,#483,.T.);
#2846 = ORIENTED_EDGE('',*,*,#2847,.F.);
#2847 = EDGE_CURVE('',#2823,#456,#2848,.T.);
#2848 = SURFACE_CURVE('',#2849,(#2853,#2860),.PCURVE_S1.);
#2849 = LINE('',#2850,#2851);
#2850 = CARTESIAN_POINT('',(15.5,4.5,29.45));
#2851 = VECTOR('',#2852,1.);
#2852 = DIRECTION('',(0.,0.,1.));
#2853 = PCURVE('',#497,#2854);
#2854 = DEFINITIONAL_REPRESENTATION('',(#2855),#2859);
#2855 = LINE('',#2856,#2857);
#2856 = CARTESIAN_POINT('',(0.,1.));
#2857 = VECTOR('',#2858,1.);
#2858 = DIRECTION('',(1.,0.));
#2859 = ( GEOMETRIC_REPRESENTATION_CONTEXT(2) 
PARAMETRIC_REPRESENTATION_CONTEXT() REPRESENTATION_CONTEXT('2D SPACE',''
  ) );
#2860 = PCURVE('',#471,#2861);
#2861 = DEFINITIONAL_REPRESENTATION('',(#2862),#2866);
#2862 = LINE('',#2863,#2864);
#2863 = CARTESIAN_POINT('',(0.,0.));
#2864 = VECTOR('',#2865,1.);
#2865 = DIRECTION('',(1.,0.));
#2866 = ( GEOMETRIC_REPRESENTATION_CONTEXT(2) 
PARAMETRIC_REPRESENTATION_CONTEXT() REPRESENTATION_CONTEXT('2D SPACE',''
  ) );
#2867 = ADVANCED_FACE('',(#2868),#471,.F.);
#2868 = FACE_BOUND('',#2869,.F.);
#2869 = EDGE_LOOP('',(#2870,#2871,#2892,#2893));
#2870 = ORIENTED_EDGE('',*,*,#2847,.F.);
#2871 = ORIENTED_EDGE('',*,*,#2872,.T.);
#2872 = EDGE_CURVE('',#2823,#2774,#2873,.T.);
#2873 = SURFACE_CURVE('',#2874,(#2878,#2885),.PCURVE_S1.);
#2874 = LINE('',#2875,#2876);
#2875 = CARTESIAN_POINT('',(15.5,4.5,29.45));
#2876 = VECTOR('',#2877,1.);
#2877 = DIRECTION('',(0.,1.,0.));
#2878 = PCURVE('',#471,#2879);
#2879 = DEFINITIONAL_REPRESENTATION('',(#2880),#2884);
#2880 = LINE('',#2881,#2882);
#2881 = CARTESIAN_POINT('',(0.,0.));
#2882 = VECTOR('',#2883,1.);
#2883 = DIRECTION('',(0.,-1.));
#2884 = ( GEOMETRIC_REPRESENTATION_CONTEXT(2) 
PARAMETRIC_REPRESENTATION_CONTEXT() REPRESENTATION_CONTEXT('2D SPACE',''
  ) );
#2885 = PCURVE('',#2736,#2886);
#2886 = DEFINITIONAL_REPRESENTATION('',(#2887),#2891);
#2887 = LINE('',#2888,#2889);
#2888 = CARTESIAN_POINT('',(1.,0.));
#2889 = VECTOR('',#2890,1.);
#2890 = DIRECTION('',(0.,1.));
#2891 = ( GEOMETRIC_REPRESENTATION_CONTEXT(2) 
PARAMETRIC_REPRESENTATION_CONTEXT() REPRESENTATION_CONTEXT('2D SPACE',''
  ) );
#2892 = ORIENTED_EDGE('',*,*,#2798,.T.);
#2893 = ORIENTED_EDGE('',*,*,#455,.F.);
#2894 = ADVANCED_FACE('',(#2895),#529,.T.);
#2895 = FACE_BOUND('',#2896,.T.);
#2896 = EDGE_LOOP('',(#2897,#2920,#2948,#2969));
#2897 = ORIENTED_EDGE('',*,*,#2898,.F.);
#2898 = EDGE_CURVE('',#2899,#512,#2901,.T.);
#2899 = VERTEX_POINT('',#2900);
#2900 = CARTESIAN_POINT('',(22.5,4.5,29.45));
#2901 = SURFACE_CURVE('',#2902,(#2906,#2913),.PCURVE_S1.);
#2902 = LINE('',#2903,#2904);
#2903 = CARTESIAN_POINT('',(22.5,4.5,29.45));
#2904 = VECTOR('',#2905,1.);
#2905 = DIRECTION('',(0.,0.,1.));
#2906 = PCURVE('',#529,#2907);
#2907 = DEFINITIONAL_REPRESENTATION('',(#2908),#2912);
#2908 = LINE('',#2909,#2910);
#2909 = CARTESIAN_POINT('',(0.,0.));
#2910 = VECTOR('',#2911,1.);
#2911 = DIRECTION('',(1.,0.));
#2912 = ( GEOMETRIC_REPRESENTATION_CONTEXT(2) 
PARAMETRIC_REPRESENTATION_CONTEXT() REPRESENTATION_CONTEXT('2D SPACE',''
  ) );
#2913 = PCURVE('',#611,#2914);
#2914 = DEFINITIONAL_REPRESENTATION('',(#2915),#2919);
#2915 = LINE('',#2916,#2917);
#2916 = CARTESIAN_POINT('',(0.,0.));
#2917 = VECTOR('',#2918,1.);
#2918 = DIRECTION('',(1.,0.));
#2919 = ( GEOMETRIC_REPRESENTATION_CONTEXT(2) 
PARAMETRIC_REPRESENTATION_CONTEXT() REPRESENTATION_CONTEXT('2D SPACE',''
  ) );
#2920 = ORIENTED_EDGE('',*,*,#2921,.T.);
#2921 = EDGE_CURVE('',#2899,#2922,#2924,.T.);
#2922 = VERTEX_POINT('',#2923);
#2923 = CARTESIAN_POINT('',(22.5,75.5,29.45));
#2924 = SURFACE_CURVE('',#2925,(#2929,#2936),.PCURVE_S1.);
#2925 = LINE('',#2926,#2927);
#2926 = CARTESIAN_POINT('',(22.5,4.5,29.45));
#2927 = VECTOR('',#2928,1.);
#2928 = DIRECTION('',(0.,1.,0.));
#2929 = PCURVE('',#529,#2930);
#2930 = DEFINITIONAL_REPRESENTATION('',(#2931),#2935);
#2931 = LINE('',#2932,#2933);
#2932 = CARTESIAN_POINT('',(0.,0.));
#2933 = VECTOR('',#2934,1.);
#2934 = DIRECTION('',(0.,-1.));
#2935 = ( GEOMETRIC_REPRESENTATION_CONTEXT(2) 
PARAMETRIC_REPRESENTATION_CONTEXT() REPRESENTATION_CONTEXT('2D SPACE',''
  ) );
#2936 = PCURVE('',#2937,#2942);
#2937 = PLANE('',#2938);
#2938 = AXIS2_PLACEMENT_3D('',#2939,#2940,#2941);
#2939 = CARTESIAN_POINT('',(22.5,4.5,29.45));
#2940 = DIRECTION('',(0.,0.,1.));
#2941 = DIRECTION('',(1.,0.,0.));
#2942 = DEFINITIONAL_REPRESENTATION('',(#2943),#2947);
#2943 = LINE('',#2944,#2945);
#2944 = CARTESIAN_POINT('',(0.,0.));
#2945 = VECTOR('',#2946,1.);
#2946 = DIRECTION('',(0.,1.));
#2947 = ( GEOMETRIC_REPRESENTATION_CONTEXT(2) 
PARAMETRIC_REPRESENTATION_CONTEXT() REPRESENTATION_CONTEXT('2D SPACE',''
  ) );
#2948 = ORIENTED_EDGE('',*,*,#2949,.T.);
#2949 = EDGE_CURVE('',#2922,#514,#2950,.T.);
#2950 = SURFACE_CURVE('',#2951,(#2955,#2962),.PCURVE_S1.);
#2951 = LINE('',#2952,#2953);
#2952 = CARTESIAN_POINT('',(22.5,75.5,29.45));
#2953 = VECTOR('',#2954,1.);
#2954 = DIRECTION('',(0.,0.,1.));
#2955 = PCURVE('',#529,#2956);
#2956 = DEFINITIONAL_REPRESENTATION('',(#2957),#2961);
#2957 = LINE('',#2958,#2959);
#2958 = CARTESIAN_POINT('',(0.,-71.));
#2959 = VECTOR('',#2960,1.);
#2960 = DIRECTION('',(1.,0.));
#2961 = ( GEOMETRIC_REPRESENTATION_CONTEXT(2) 
PARAMETRIC_REPRESENTATION_CONTEXT() REPRESENTATION_CONTEXT('2D SPACE',''
  ) );
#2962 = PCURVE('',#557,#2963);
#2963 = DEFINITIONAL_REPRESENTATION('',(#2964),#2968);
#2964 = LINE('',#2965,#2966);
#2965 = CARTESIAN_POINT('',(0.,0.));
#2966 = VECTOR('',#2967,1.);
#2967 = DIRECTION('',(1.,0.));
#2968 = ( GEOMETRIC_REPRESENTATION_CONTEXT(2) 
PARAMETRIC_REPRESENTATION_CONTEXT() REPRESENTATION_CONTEXT('2D SPACE',''
  ) );
#2969 = ORIENTED_EDGE('',*,*,#511,.F.);
#2970 = ADVANCED_FACE('',(#2971),#557,.F.);
#2971 = FACE_BOUND('',#2972,.F.);
#2972 = EDGE_LOOP('',(#2973,#2996,#2997,#2998));
#2973 = ORIENTED_EDGE('',*,*,#2974,.F.);
#2974 = EDGE_CURVE('',#2922,#2975,#2977,.T.);
#2975 = VERTEX_POINT('',#2976);
#2976 = CARTESIAN_POINT('',(23.5,75.5,29.45));
#2977 = SURFACE_CURVE('',#2978,(#2982,#2989),.PCURVE_S1.);
#2978 = LINE('',#2979,#2980);
#2979 = CARTESIAN_POINT('',(22.5,75.5,29.45));
#2980 = VECTOR('',#2981,1.);
#2981 = DIRECTION('',(1.,0.,0.));
#2982 = PCURVE('',#557,#2983);
#2983 = DEFINITIONAL_REPRESENTATION('',(#2984),#2988);
#2984 = LINE('',#2985,#2986);
#2985 = CARTESIAN_POINT('',(0.,0.));
#2986 = VECTOR('',#2987,1.);
#2987 = DIRECTION('',(0.,1.));
#2988 = ( GEOMETRIC_REPRESENTATION_CONTEXT(2) 
PARAMETRIC_REPRESENTATION_CONTEXT() REPRESENTATION_CONTEXT('2D SPACE',''
  ) );
#2989 = PCURVE('',#2937,#2990);
#2990 = DEFINITIONAL_REPRESENTATION('',(#2991),#2995);
#2991 = LINE('',#2992,#2993);
#2992 = CARTESIAN_POINT('',(0.,71.));
#2993 = VECTOR('',#2994,1.);
#2994 = DIRECTION('',(1.,0.));
#2995 = ( GEOMETRIC_REPRESENTATION_CONTEXT(2) 
PARAMETRIC_REPRESENTATION_CONTEXT() REPRESENTATION_CONTEXT('2D SPACE',''
  ) );
#2996 = ORIENTED_EDGE('',*,*,#2949,.T.);
#2997 = ORIENTED_EDGE('',*,*,#541,.T.);
#2998 = ORIENTED_EDGE('',*,*,#2999,.F.);
#2999 = EDGE_CURVE('',#2975,#542,#3000,.T.);
#3000 = SURFACE_CURVE('',#3001,(#3005,#3012),.PCURVE_S1.);
#3001 = LINE('',#3002,#3003);
#3002 = CARTESIAN_POINT('',(23.5,75.5,29.45));
#3003 = VECTOR('',#3004,1.);
#3004 = DIRECTION('',(0.,0.,1.));
#3005 = PCURVE('',#557,#3006);
#3006 = DEFINITIONAL_REPRESENTATION('',(#3007),#3011);
#3007 = LINE('',#3008,#3009);
#3008 = CARTESIAN_POINT('',(0.,1.));
#3009 = VECTOR('',#3010,1.);
#3010 = DIRECTION('',(1.,0.));
#3011 = ( GEOMETRIC_REPRESENTATION_CONTEXT(2) 
PARAMETRIC_REPRESENTATION_CONTEXT() REPRESENTATION_CONTEXT('2D SPACE',''
  ) );
#3012 = PCURVE('',#585,#3013);
#3013 = DEFINITIONAL_REPRESENTATION('',(#3014),#3018);
#3014 = LINE('',#3015,#3016);
#3015 = CARTESIAN_POINT('',(0.,-71.));
#3016 = VECTOR('',#3017,1.);
#3017 = DIRECTION('',(1.,0.));
#3018 = ( GEOMETRIC_REPRESENTATION_CONTEXT(2) 
PARAMETRIC_REPRESENTATION_CONTEXT() REPRESENTATION_CONTEXT('2D SPACE',''
  ) );
#3019 = ADVANCED_FACE('',(#3020),#611,.T.);
#3020 = FACE_BOUND('',#3021,.T.);
#3021 = EDGE_LOOP('',(#3022,#3045,#3046,#3047));
#3022 = ORIENTED_EDGE('',*,*,#3023,.F.);
#3023 = EDGE_CURVE('',#2899,#3024,#3026,.T.);
#3024 = VERTEX_POINT('',#3025);
#3025 = CARTESIAN_POINT('',(23.5,4.5,29.45));
#3026 = SURFACE_CURVE('',#3027,(#3031,#3038),.PCURVE_S1.);
#3027 = LINE('',#3028,#3029);
#3028 = CARTESIAN_POINT('',(22.5,4.5,29.45));
#3029 = VECTOR('',#3030,1.);
#3030 = DIRECTION('',(1.,0.,0.));
#3031 = PCURVE('',#611,#3032);
#3032 = DEFINITIONAL_REPRESENTATION('',(#3033),#3037);
#3033 = LINE('',#3034,#3035);
#3034 = CARTESIAN_POINT('',(0.,0.));
#3035 = VECTOR('',#3036,1.);
#3036 = DIRECTION('',(0.,1.));
#3037 = ( GEOMETRIC_REPRESENTATION_CONTEXT(2) 
PARAMETRIC_REPRESENTATION_CONTEXT() REPRESENTATION_CONTEXT('2D SPACE',''
  ) );
#3038 = PCURVE('',#2937,#3039);
#3039 = DEFINITIONAL_REPRESENTATION('',(#3040),#3044);
#3040 = LINE('',#3041,#3042);
#3041 = CARTESIAN_POINT('',(0.,0.));
#3042 = VECTOR('',#3043,1.);
#3043 = DIRECTION('',(1.,0.));
#3044 = ( GEOMETRIC_REPRESENTATION_CONTEXT(2) 
PARAMETRIC_REPRESENTATION_CONTEXT() REPRESENTATION_CONTEXT('2D SPACE',''
  ) );
#3045 = ORIENTED_EDGE('',*,*,#2898,.T.);
#3046 = ORIENTED_EDGE('',*,*,#597,.T.);
#3047 = ORIENTED_EDGE('',*,*,#3048,.F.);
#3048 = EDGE_CURVE('',#3024,#570,#3049,.T.);
#3049 = SURFACE_CURVE('',#3050,(#3054,#3061),.PCURVE_S1.);
#3050 = LINE('',#3051,#3052);
#3051 = CARTESIAN_POINT('',(23.5,4.5,29.45));
#3052 = VECTOR('',#3053,1.);
#3053 = DIRECTION('',(0.,0.,1.));
#3054 = PCURVE('',#611,#3055);
#3055 = DEFINITIONAL_REPRESENTATION('',(#3056),#3060);
#3056 = LINE('',#3057,#3058);
#3057 = CARTESIAN_POINT('',(0.,1.));
#3058 = VECTOR('',#3059,1.);
#3059 = DIRECTION('',(1.,0.));
#3060 = ( GEOMETRIC_REPRESENTATION_CONTEXT(2) 
PARAMETRIC_REPRESENTATION_CONTEXT() REPRESENTATION_CONTEXT('2D SPACE',''
  ) );
#3061 = PCURVE('',#585,#3062);
#3062 = DEFINITIONAL_REPRESENTATION('',(#3063),#3067);
#3063 = LINE('',#3064,#3065);
#3064 = CARTESIAN_POINT('',(0.,0.));
#3065 = VECTOR('',#3066,1.);
#3066 = DIRECTION('',(1.,0.));
#3067 = ( GEOMETRIC_REPRESENTATION_CONTEXT(2) 
PARAMETRIC_REPRESENTATION_CONTEXT() REPRESENTATION_CONTEXT('2D SPACE',''
  ) );
#3068 = ADVANCED_FACE('',(#3069),#585,.F.);
#3069 = FACE_BOUND('',#3070,.F.);
#3070 = EDGE_LOOP('',(#3071,#3072,#3093,#3094));
#3071 = ORIENTED_EDGE('',*,*,#3048,.F.);
#3072 = ORIENTED_EDGE('',*,*,#3073,.T.);
#3073 = EDGE_CURVE('',#3024,#2975,#3074,.T.);
#3074 = SURFACE_CURVE('',#3075,(#3079,#3086),.PCURVE_S1.);
#3075 = LINE('',#3076,#3077);
#3076 = CARTESIAN_POINT('',(23.5,4.5,29.45));
#3077 = VECTOR('',#3078,1.);
#3078 = DIRECTION('',(0.,1.,0.));
#3079 = PCURVE('',#585,#3080);
#3080 = DEFINITIONAL_REPRESENTATION('',(#3081),#3085);
#3081 = LINE('',#3082,#3083);
#3082 = CARTESIAN_POINT('',(0.,0.));
#3083 = VECTOR('',#3084,1.);
#3084 = DIRECTION('',(0.,-1.));
#3085 = ( GEOMETRIC_REPRESENTATION_CONTEXT(2) 
PARAMETRIC_REPRESENTATION_CONTEXT() REPRESENTATION_CONTEXT('2D SPACE',''
  ) );
#3086 = PCURVE('',#2937,#3087);
#3087 = DEFINITIONAL_REPRESENTATION('',(#3088),#3092);
#3088 = LINE('',#3089,#3090);
#3089 = CARTESIAN_POINT('',(1.,0.));
#3090 = VECTOR('',#3091,1.);
#3091 = DIRECTION('',(0.,1.));
#3092 = ( GEOMETRIC_REPRESENTATION_CONTEXT(2) 
PARAMETRIC_REPRESENTATION_CONTEXT() REPRESENTATION_CONTEXT('2D SPACE',''
  ) );
#3093 = ORIENTED_EDGE('',*,*,#2999,.T.);
#3094 = ORIENTED_EDGE('',*,*,#569,.F.);
#3095 = ADVANCED_FACE('',(#3096),#643,.T.);
#3096 = FACE_BOUND('',#3097,.T.);
#3097 = EDGE_LOOP('',(#3098,#3121,#3149,#3170));
#3098 = ORIENTED_EDGE('',*,*,#3099,.F.);
#3099 = EDGE_CURVE('',#3100,#626,#3102,.T.);
#3100 = VERTEX_POINT('',#3101);
#3101 = CARTESIAN_POINT('',(30.5,4.5,29.45));
#3102 = SURFACE_CURVE('',#3103,(#3107,#3114),.PCURVE_S1.);
#3103 = LINE('',#3104,#3105);
#3104 = CARTESIAN_POINT('',(30.5,4.5,29.45));
#3105 = VECTOR('',#3106,1.);
#3106 = DIRECTION('',(0.,0.,1.));
#3107 = PCURVE('',#643,#3108);
#3108 = DEFINITIONAL_REPRESENTATION('',(#3109),#3113);
#3109 = LINE('',#3110,#3111);
#3110 = CARTESIAN_POINT('',(0.,0.));
#3111 = VECTOR('',#3112,1.);
#3112 = DIRECTION('',(1.,0.));
#3113 = ( GEOMETRIC_REPRESENTATION_CONTEXT(2) 
PARAMETRIC_REPRESENTATION_CONTEXT() REPRESENTATION_CONTEXT('2D SPACE',''
  ) );
#3114 = PCURVE('',#725,#3115);
#3115 = DEFINITIONAL_REPRESENTATION('',(#3116),#3120);
#3116 = LINE('',#3117,#3118);
#3117 = CARTESIAN_POINT('',(0.,0.));
#3118 = VECTOR('',#3119,1.);
#3119 = DIRECTION('',(1.,0.));
#3120 = ( GEOMETRIC_REPRESENTATION_CONTEXT(2) 
PARAMETRIC_REPRESENTATION_CONTEXT() REPRESENTATION_CONTEXT('2D SPACE',''
  ) );
#3121 = ORIENTED_EDGE('',*,*,#3122,.T.);
#3122 = EDGE_CURVE('',#3100,#3123,#3125,.T.);
#3123 = VERTEX_POINT('',#3124);
#3124 = CARTESIAN_POINT('',(30.5,75.5,29.45));
#3125 = SURFACE_CURVE('',#3126,(#3130,#3137),.PCURVE_S1.);
#3126 = LINE('',#3127,#3128);
#3127 = CARTESIAN_POINT('',(30.5,4.5,29.45));
#3128 = VECTOR('',#3129,1.);
#3129 = DIRECTION('',(0.,1.,0.));
#3130 = PCURVE('',#643,#3131);
#3131 = DEFINITIONAL_REPRESENTATION('',(#3132),#3136);
#3132 = LINE('',#3133,#3134);
#3133 = CARTESIAN_POINT('',(0.,0.));
#3134 = VECTOR('',#3135,1.);
#3135 = DIRECTION('',(0.,-1.));
#3136 = ( GEOMETRIC_REPRESENTATION_CONTEXT(2) 
PARAMETRIC_REPRESENTATION_CONTEXT() REPRESENTATION_CONTEXT('2D SPACE',''
  ) );
#3137 = PCURVE('',#3138,#3143);
#3138 = PLANE('',#3139);
#3139 = AXIS2_PLACEMENT_3D('',#3140,#3141,#3142);
#3140 = CARTESIAN_POINT('',(30.5,4.5,29.45));
#3141 = DIRECTION('',(0.,0.,1.));
#3142 = DIRECTION('',(1.,0.,0.));
#3143 = DEFINITIONAL_REPRESENTATION('',(#3144),#3148);
#3144 = LINE('',#3145,#3146);
#3145 = CARTESIAN_POINT('',(0.,0.));
#3146 = VECTOR('',#3147,1.);
#3147 = DIRECTION('',(0.,1.));
#3148 = ( GEOMETRIC_REPRESENTATION_CONTEXT(2) 
PARAMETRIC_REPRESENTATION_CONTEXT() REPRESENTATION_CONTEXT('2D SPACE',''
  ) );
#3149 = ORIENTED_EDGE('',*,*,#3150,.T.);
#3150 = EDGE_CURVE('',#3123,#628,#3151,.T.);
#3151 = SURFACE_CURVE('',#3152,(#3156,#3163),.PCURVE_S1.);
#3152 = LINE('',#3153,#3154);
#3153 = CARTESIAN_POINT('',(30.5,75.5,29.45));
#3154 = VECTOR('',#3155,1.);
#3155 = DIRECTION('',(0.,0.,1.));
#3156 = PCURVE('',#643,#3157);
#3157 = DEFINITIONAL_REPRESENTATION('',(#3158),#3162);
#3158 = LINE('',#3159,#3160);
#3159 = CARTESIAN_POINT('',(0.,-71.));
#3160 = VECTOR('',#3161,1.);
#3161 = DIRECTION('',(1.,0.));
#3162 = ( GEOMETRIC_REPRESENTATION_CONTEXT(2) 
PARAMETRIC_REPRESENTATION_CONTEXT() REPRESENTATION_CONTEXT('2D SPACE',''
  ) );
#3163 = PCURVE('',#671,#3164);
#3164 = DEFINITIONAL_REPRESENTATION('',(#3165),#3169);
#3165 = LINE('',#3166,#3167);
#3166 = CARTESIAN_POINT('',(0.,0.));
#3167 = VECTOR('',#3168,1.);
#3168 = DIRECTION('',(1.,0.));
#3169 = ( GEOMETRIC_REPRESENTATION_CONTEXT(2) 
PARAMETRIC_REPRESENTATION_CONTEXT() REPRESENTATION_CONTEXT('2D SPACE',''
  ) );
#3170 = ORIENTED_EDGE('',*,*,#625,.F.);
#3171 = ADVANCED_FACE('',(#3172),#671,.F.);
#3172 = FACE_BOUND('',#3173,.F.);
#3173 = EDGE_LOOP('',(#3174,#3197,#3198,#3199));
#3174 = ORIENTED_EDGE('',*,*,#3175,.F.);
#3175 = EDGE_CURVE('',#3123,#3176,#3178,.T.);
#3176 = VERTEX_POINT('',#3177);
#3177 = CARTESIAN_POINT('',(31.5,75.5,29.45));
#3178 = SURFACE_CURVE('',#3179,(#3183,#3190),.PCURVE_S1.);
#3179 = LINE('',#3180,#3181);
#3180 = CARTESIAN_POINT('',(30.5,75.5,29.45));
#3181 = VECTOR('',#3182,1.);
#3182 = DIRECTION('',(1.,0.,0.));
#3183 = PCURVE('',#671,#3184);
#3184 = DEFINITIONAL_REPRESENTATION('',(#3185),#3189);
#3185 = LINE('',#3186,#3187);
#3186 = CARTESIAN_POINT('',(0.,0.));
#3187 = VECTOR('',#3188,1.);
#3188 = DIRECTION('',(0.,1.));
#3189 = ( GEOMETRIC_REPRESENTATION_CONTEXT(2) 
PARAMETRIC_REPRESENTATION_CONTEXT() REPRESENTATION_CONTEXT('2D SPACE',''
  ) );
#3190 = PCURVE('',#3138,#3191);
#3191 = DEFINITIONAL_REPRESENTATION('',(#3192),#3196);
#3192 = LINE('',#3193,#3194);
#3193 = CARTESIAN_POINT('',(0.,71.));
#3194 = VECTOR('',#3195,1.);
#3195 = DIRECTION('',(1.,0.));
#3196 = ( GEOMETRIC_REPRESENTATION_CONTEXT(2) 
PARAMETRIC_REPRESENTATION_CONTEXT() REPRESENTATION_CONTEXT('2D SPACE',''
  ) );
#3197 = ORIENTED_EDGE('',*,*,#3150,.T.);
#3198 = ORIENTED_EDGE('',*,*,#655,.T.);
#3199 = ORIENTED_EDGE('',*,*,#3200,.F.);
#3200 = EDGE_CURVE('',#3176,#656,#3201,.T.);
#3201 = SURFACE_CURVE('',#3202,(#3206,#3213),.PCURVE_S1.);
#3202 = LINE('',#3203,#3204);
#3203 = CARTESIAN_POINT('',(31.5,75.5,29.45));
#3204 = VECTOR('',#3205,1.);
#3205 = DIRECTION('',(0.,0.,1.));
#3206 = PCURVE('',#671,#3207);
#3207 = DEFINITIONAL_REPRESENTATION('',(#3208),#3212);
#3208 = LINE('',#3209,#3210);
#3209 = CARTESIAN_POINT('',(0.,1.));
#3210 = VECTOR('',#3211,1.);
#3211 = DIRECTION('',(1.,0.));
#3212 = ( GEOMETRIC_REPRESENTATION_CONTEXT(2) 
PARAMETRIC_REPRESENTATION_CONTEXT() REPRESENTATION_CONTEXT('2D SPACE',''
  ) );
#3213 = PCURVE('',#699,#3214);
#3214 = DEFINITIONAL_REPRESENTATION('',(#3215),#3219);
#3215 = LINE('',#3216,#3217);
#3216 = CARTESIAN_POINT('',(0.,-71.));
#3217 = VECTOR('',#3218,1.);
#3218 = DIRECTION('',(1.,0.));
#3219 = ( GEOMETRIC_REPRESENTATION_CONTEXT(2) 
PARAMETRIC_REPRESENTATION_CONTEXT() REPRESENTATION_CONTEXT('2D SPACE',''
  ) );
#3220 = ADVANCED_FACE('',(#3221),#725,.T.);
#3221 = FACE_BOUND('',#3222,.T.);
#3222 = EDGE_LOOP('',(#3223,#3246,#3247,#3248));
#3223 = ORIENTED_EDGE('',*,*,#3224,.F.);
#3224 = EDGE_CURVE('',#3100,#3225,#3227,.T.);
#3225 = VERTEX_POINT('',#3226);
#3226 = CARTESIAN_POINT('',(31.5,4.5,29.45));
#3227 = SURFACE_CURVE('',#3228,(#3232,#3239),.PCURVE_S1.);
#3228 = LINE('',#3229,#3230);
#3229 = CARTESIAN_POINT('',(30.5,4.5,29.45));
#3230 = VECTOR('',#3231,1.);
#3231 = DIRECTION('',(1.,0.,0.));
#3232 = PCURVE('',#725,#3233);
#3233 = DEFINITIONAL_REPRESENTATION('',(#3234),#3238);
#3234 = LINE('',#3235,#3236);
#3235 = CARTESIAN_POINT('',(0.,0.));
#3236 = VECTOR('',#3237,1.);
#3237 = DIRECTION('',(0.,1.));
#3238 = ( GEOMETRIC_REPRESENTATION_CONTEXT(2) 
PARAMETRIC_REPRESENTATION_CONTEXT() REPRESENTATION_CONTEXT('2D SPACE',''
  ) );
#3239 = PCURVE('',#3138,#3240);
#3240 = DEFINITIONAL_REPRESENTATION('',(#3241),#3245);
#3241 = LINE('',#3242,#3243);
#3242 = CARTESIAN_POINT('',(0.,0.));
#3243 = VECTOR('',#3244,1.);
#3244 = DIRECTION('',(1.,0.));
#3245 = ( GEOMETRIC_REPRESENTATION_CONTEXT(2) 
PARAMETRIC_REPRESENTATION_CONTEXT() REPRESENTATION_CONTEXT('2D SPACE',''
  ) );
#3246 = ORIENTED_EDGE('',*,*,#3099,.T.);
#3247 = ORIENTED_EDGE('',*,*,#711,.T.);
#3248 = ORIENTED_EDGE('',*,*,#3249,.F.);
#3249 = EDGE_CURVE('',#3225,#684,#3250,.T.);
#3250 = SURFACE_CURVE('',#3251,(#3255,#3262),.PCURVE_S1.);
#3251 = LINE('',#3252,#3253);
#3252 = CARTESIAN_POINT('',(31.5,4.5,29.45));
#3253 = VECTOR('',#3254,1.);
#3254 = DIRECTION('',(0.,0.,1.));
#3255 = PCURVE('',#725,#3256);
#3256 = DEFINITIONAL_REPRESENTATION('',(#3257),#3261);
#3257 = LINE('',#3258,#3259);
#3258 = CARTESIAN_POINT('',(0.,1.));
#3259 = VECTOR('',#3260,1.);
#3260 = DIRECTION('',(1.,0.));
#3261 = ( GEOMETRIC_REPRESENTATION_CONTEXT(2) 
PARAMETRIC_REPRESENTATION_CONTEXT() REPRESENTATION_CONTEXT('2D SPACE',''
  ) );
#3262 = PCURVE('',#699,#3263);
#3263 = DEFINITIONAL_REPRESENTATION('',(#3264),#3268);
#3264 = LINE('',#3265,#3266);
#3265 = CARTESIAN_POINT('',(0.,0.));
#3266 = VECTOR('',#3267,1.);
#3267 = DIRECTION('',(1.,0.));
#3268 = ( GEOMETRIC_REPRESENTATION_CONTEXT(2) 
PARAMETRIC_REPRESENTATION_CONTEXT() REPRESENTATION_CONTEXT('2D SPACE',''
  ) );
#3269 = ADVANCED_FACE('',(#3270),#699,.F.);
#3270 = FACE_BOUND('',#3271,.F.);
#3271 = EDGE_LOOP('',(#3272,#3273,#3294,#3295));
#3272 = ORIENTED_EDGE('',*,*,#3249,.F.);
#3273 = ORIENTED_EDGE('',*,*,#3274,.T.);
#3274 = EDGE_CURVE('',#3225,#3176,#3275,.T.);
#3275 = SURFACE_CURVE('',#3276,(#3280,#3287),.PCURVE_S1.);
#3276 = LINE('',#3277,#3278);
#3277 = CARTESIAN_POINT('',(31.5,4.5,29.45));
#3278 = VECTOR('',#3279,1.);
#3279 = DIRECTION('',(0.,1.,0.));
#3280 = PCURVE('',#699,#3281);
#3281 = DEFINITIONAL_REPRESENTATION('',(#3282),#3286);
#3282 = LINE('',#3283,#3284);
#3283 = CARTESIAN_POINT('',(0.,0.));
#3284 = VECTOR('',#3285,1.);
#3285 = DIRECTION('',(0.,-1.));
#3286 = ( GEOMETRIC_REPRESENTATION_CONTEXT(2) 
PARAMETRIC_REPRESENTATION_CONTEXT() REPRESENTATION_CONTEXT('2D SPACE',''
  ) );
#3287 = PCURVE('',#3138,#3288);
#3288 = DEFINITIONAL_REPRESENTATION('',(#3289),#3293);
#3289 = LINE('',#3290,#3291);
#3290 = CARTESIAN_POINT('',(1.,0.));
#3291 = VECTOR('',#3292,1.);
#3292 = DIRECTION('',(0.,1.));
#3293 = ( GEOMETRIC_REPRESENTATION_CONTEXT(2) 
PARAMETRIC_REPRESENTATION_CONTEXT() REPRESENTATION_CONTEXT('2D SPACE',''
  ) );
#3294 = ORIENTED_EDGE('',*,*,#3200,.T.);
#3295 = ORIENTED_EDGE('',*,*,#683,.F.);
#3296 = ADVANCED_FACE('',(#3297),#757,.T.);
#3297 = FACE_BOUND('',#3298,.T.);
#3298 = EDGE_LOOP('',(#3299,#3322,#3350,#3371));
#3299 = ORIENTED_EDGE('',*,*,#3300,.F.);
#3300 = EDGE_CURVE('',#3301,#740,#3303,.T.);
#3301 = VERTEX_POINT('',#3302);
#3302 = CARTESIAN_POINT('',(38.5,4.5,29.45));
#3303 = SURFACE_CURVE('',#3304,(#3308,#3315),.PCURVE_S1.);
#3304 = LINE('',#3305,#3306);
#3305 = CARTESIAN_POINT('',(38.5,4.5,29.45));
#3306 = VECTOR('',#3307,1.);
#3307 = DIRECTION('',(0.,0.,1.));
#3308 = PCURVE('',#757,#3309);
#3309 = DEFINITIONAL_REPRESENTATION('',(#3310),#3314);
#3310 = LINE('',#3311,#3312);
#3311 = CARTESIAN_POINT('',(0.,0.));
#3312 = VECTOR('',#3313,1.);
#3313 = DIRECTION('',(1.,0.));
#3314 = ( GEOMETRIC_REPRESENTATION_CONTEXT(2) 
PARAMETRIC_REPRESENTATION_CONTEXT() REPRESENTATION_CONTEXT('2D SPACE',''
  ) );
#3315 = PCURVE('',#839,#3316);
#3316 = DEFINITIONAL_REPRESENTATION('',(#3317),#3321);
#3317 = LINE('',#3318,#3319);
#3318 = CARTESIAN_POINT('',(0.,0.));
#3319 = VECTOR('',#3320,1.);
#3320 = DIRECTION('',(1.,0.));
#3321 = ( GEOMETRIC_REPRESENTATION_CONTEXT(2) 
PARAMETRIC_REPRESENTATION_CONTEXT() REPRESENTATION_CONTEXT('2D SPACE',''
  ) );
#3322 = ORIENTED_EDGE('',*,*,#3323,.T.);
#3323 = EDGE_CURVE('',#3301,#3324,#3326,.T.);
#3324 = VERTEX_POINT('',#3325);
#3325 = CARTESIAN_POINT('',(38.5,75.5,29.45));
#3326 = SURFACE_CURVE('',#3327,(#3331,#3338),.PCURVE_S1.);
#3327 = LINE('',#3328,#3329);
#3328 = CARTESIAN_POINT('',(38.5,4.5,29.45));
#3329 = VECTOR('',#3330,1.);
#3330 = DIRECTION('',(0.,1.,0.));
#3331 = PCURVE('',#757,#3332);
#3332 = DEFINITIONAL_REPRESENTATION('',(#3333),#3337);
#3333 = LINE('',#3334,#3335);
#3334 = CARTESIAN_POINT('',(0.,0.));
#3335 = VECTOR('',#3336,1.);
#3336 = DIRECTION('',(0.,-1.));
#3337 = ( GEOMETRIC_REPRESENTATION_CONTEXT(2) 
PARAMETRIC_REPRESENTATION_CONTEXT() REPRESENTATION_CONTEXT('2D SPACE',''
  ) );
#3338 = PCURVE('',#3339,#3344);
#3339 = PLANE('',#3340);
#3340 = AXIS2_PLACEMENT_3D('',#3341,#3342,#3343);
#3341 = CARTESIAN_POINT('',(38.5,4.5,29.45));
#3342 = DIRECTION('',(0.,0.,1.));
#3343 = DIRECTION('',(1.,0.,0.));
#3344 = DEFINITIONAL_REPRESENTATION('',(#3345),#3349);
#3345 = LINE('',#3346,#3347);
#3346 = CARTESIAN_POINT('',(0.,0.));
#3347 = VECTOR('',#3348,1.);
#3348 = DIRECTION('',(0.,1.));
#3349 = ( GEOMETRIC_REPRESENTATION_CONTEXT(2) 
PARAMETRIC_REPRESENTATION_CONTEXT() REPRESENTATION_CONTEXT('2D SPACE',''
  ) );
#3350 = ORIENTED_EDGE('',*,*,#3351,.T.);
#3351 = EDGE_CURVE('',#3324,#742,#3352,.T.);
#3352 = SURFACE_CURVE('',#3353,(#3357,#3364),.PCURVE_S1.);
#3353 = LINE('',#3354,#3355);
#3354 = CARTESIAN_POINT('',(38.5,75.5,29.45));
#3355 = VECTOR('',#3356,1.);
#3356 = DIRECTION('',(0.,0.,1.));
#3357 = PCURVE('',#757,#3358);
#3358 = DEFINITIONAL_REPRESENTATION('',(#3359),#3363);
#3359 = LINE('',#3360,#3361);
#3360 = CARTESIAN_POINT('',(0.,-71.));
#3361 = VECTOR('',#3362,1.);
#3362 = DIRECTION('',(1.,0.));
#3363 = ( GEOMETRIC_REPRESENTATION_CONTEXT(2) 
PARAMETRIC_REPRESENTATION_CONTEXT() REPRESENTATION_CONTEXT('2D SPACE',''
  ) );
#3364 = PCURVE('',#785,#3365);
#3365 = DEFINITIONAL_REPRESENTATION('',(#3366),#3370);
#3366 = LINE('',#3367,#3368);
#3367 = CARTESIAN_POINT('',(0.,0.));
#3368 = VECTOR('',#3369,1.);
#3369 = DIRECTION('',(1.,0.));
#3370 = ( GEOMETRIC_REPRESENTATION_CONTEXT(2) 
PARAMETRIC_REPRESENTATION_CONTEXT() REPRESENTATION_CONTEXT('2D SPACE',''
  ) );
#3371 = ORIENTED_EDGE('',*,*,#739,.F.);
#3372 = ADVANCED_FACE('',(#3373),#785,.F.);
#3373 = FACE_BOUND('',#3374,.F.);
#3374 = EDGE_LOOP('',(#3375,#3398,#3399,#3400));
#3375 = ORIENTED_EDGE('',*,*,#3376,.F.);
#3376 = EDGE_CURVE('',#3324,#3377,#3379,.T.);
#3377 = VERTEX_POINT('',#3378);
#3378 = CARTESIAN_POINT('',(39.5,75.5,29.45));
#3379 = SURFACE_CURVE('',#3380,(#3384,#3391),.PCURVE_S1.);
#3380 = LINE('',#3381,#3382);
#3381 = CARTESIAN_POINT('',(38.5,75.5,29.45));
#3382 = VECTOR('',#3383,1.);
#3383 = DIRECTION('',(1.,0.,0.));
#3384 = PCURVE('',#785,#3385);
#3385 = DEFINITIONAL_REPRESENTATION('',(#3386),#3390);
#3386 = LINE('',#3387,#3388);
#3387 = CARTESIAN_POINT('',(0.,0.));
#3388 = VECTOR('',#3389,1.);
#3389 = DIRECTION('',(0.,1.));
#3390 = ( GEOMETRIC_REPRESENTATION_CONTEXT(2) 
PARAMETRIC_REPRESENTATION_CONTEXT() REPRESENTATION_CONTEXT('2D SPACE',''
  ) );
#3391 = PCURVE('',#3339,#3392);
#3392 = DEFINITIONAL_REPRESENTATION('',(#3393),#3397);
#3393 = LINE('',#3394,#3395);
#3394 = CARTESIAN_POINT('',(0.,71.));
#3395 = VECTOR('',#3396,1.);
#3396 = DIRECTION('',(1.,0.));
#3397 = ( GEOMETRIC_REPRESENTATION_CONTEXT(2) 
PARAMETRIC_REPRESENTATION_CONTEXT() REPRESENTATION_CONTEXT('2D SPACE',''
  ) );
#3398 = ORIENTED_EDGE('',*,*,#3351,.T.);
#3399 = ORIENTED_EDGE('',*,*,#769,.T.);
#3400 = ORIENTED_EDGE('',*,*,#3401,.F.);
#3401 = EDGE_CURVE('',#3377,#770,#3402,.T.);
#3402 = SURFACE_CURVE('',#3403,(#3407,#3414),.PCURVE_S1.);
#3403 = LINE('',#3404,#3405);
#3404 = CARTESIAN_POINT('',(39.5,75.5,29.45));
#3405 = VECTOR('',#3406,1.);
#3406 = DIRECTION('',(0.,0.,1.));
#3407 = PCURVE('',#785,#3408);
#3408 = DEFINITIONAL_REPRESENTATION('',(#3409),#3413);
#3409 = LINE('',#3410,#3411);
#3410 = CARTESIAN_POINT('',(0.,1.));
#3411 = VECTOR('',#3412,1.);
#3412 = DIRECTION('',(1.,0.));
#3413 = ( GEOMETRIC_REPRESENTATION_CONTEXT(2) 
PARAMETRIC_REPRESENTATION_CONTEXT() REPRESENTATION_CONTEXT('2D SPACE',''
  ) );
#3414 = PCURVE('',#813,#3415);
#3415 = DEFINITIONAL_REPRESENTATION('',(#3416),#3420);
#3416 = LINE('',#3417,#3418);
#3417 = CARTESIAN_POINT('',(0.,-71.));
#3418 = VECTOR('',#3419,1.);
#3419 = DIRECTION('',(1.,0.));
#3420 = ( GEOMETRIC_REPRESENTATION_CONTEXT(2) 
PARAMETRIC_REPRESENTATION_CONTEXT() REPRESENTATION_CONTEXT('2D SPACE',''
  ) );
#3421 = ADVANCED_FACE('',(#3422),#839,.T.);
#3422 = FACE_BOUND('',#3423,.T.);
#3423 = EDGE_LOOP('',(#3424,#3447,#3448,#3449));
#3424 = ORIENTED_EDGE('',*,*,#3425,.F.);
#3425 = EDGE_CURVE('',#3301,#3426,#3428,.T.);
#3426 = VERTEX_POINT('',#3427);
#3427 = CARTESIAN_POINT('',(39.5,4.5,29.45));
#3428 = SURFACE_CURVE('',#3429,(#3433,#3440),.PCURVE_S1.);
#3429 = LINE('',#3430,#3431);
#3430 = CARTESIAN_POINT('',(38.5,4.5,29.45));
#3431 = VECTOR('',#3432,1.);
#3432 = DIRECTION('',(1.,0.,0.));
#3433 = PCURVE('',#839,#3434);
#3434 = DEFINITIONAL_REPRESENTATION('',(#3435),#3439);
#3435 = LINE('',#3436,#3437);
#3436 = CARTESIAN_POINT('',(0.,0.));
#3437 = VECTOR('',#3438,1.);
#3438 = DIRECTION('',(0.,1.));
#3439 = ( GEOMETRIC_REPRESENTATION_CONTEXT(2) 
PARAMETRIC_REPRESENTATION_CONTEXT() REPRESENTATION_CONTEXT('2D SPACE',''
  ) );
#3440 = PCURVE('',#3339,#3441);
#3441 = DEFINITIONAL_REPRESENTATION('',(#3442),#3446);
#3442 = LINE('',#3443,#3444);
#3443 = CARTESIAN_POINT('',(0.,0.));
#3444 = VECTOR('',#3445,1.);
#3445 = DIRECTION('',(1.,0.));
#3446 = ( GEOMETRIC_REPRESENTATION_CONTEXT(2) 
PARAMETRIC_REPRESENTATION_CONTEXT() REPRESENTATION_CONTEXT('2D SPACE',''
  ) );
#3447 = ORIENTED_EDGE('',*,*,#3300,.T.);
#3448 = ORIENTED_EDGE('',*,*,#825,.T.);
#3449 = ORIENTED_EDGE('',*,*,#3450,.F.);
#3450 = EDGE_CURVE('',#3426,#798,#3451,.T.);
#3451 = SURFACE_CURVE('',#3452,(#3456,#3463),.PCURVE_S1.);
#3452 = LINE('',#3453,#3454);
#3453 = CARTESIAN_POINT('',(39.5,4.5,29.45));
#3454 = VECTOR('',#3455,1.);
#3455 = DIRECTION('',(0.,0.,1.));
#3456 = PCURVE('',#839,#3457);
#3457 = DEFINITIONAL_REPRESENTATION('',(#3458),#3462);
#3458 = LINE('',#3459,#3460);
#3459 = CARTESIAN_POINT('',(0.,1.));
#3460 = VECTOR('',#3461,1.);
#3461 = DIRECTION('',(1.,0.));
#3462 = ( GEOMETRIC_REPRESENTATION_CONTEXT(2) 
PARAMETRIC_REPRESENTATION_CONTEXT() REPRESENTATION_CONTEXT('2D SPACE',''
  ) );
#3463 = PCURVE('',#813,#3464);
#3464 = DEFINITIONAL_REPRESENTATION('',(#3465),#3469);
#3465 = LINE('',#3466,#3467);
#3466 = CARTESIAN_POINT('',(0.,0.));
#3467 = VECTOR('',#3468,1.);
#3468 = DIRECTION('',(1.,0.));
#3469 = ( GEOMETRIC_REPRESENTATION_CONTEXT(2) 
PARAMETRIC_REPRESENTATION_CONTEXT() REPRESENTATION_CONTEXT('2D SPACE',''
  ) );
#3470 = ADVANCED_FACE('',(#3471),#813,.F.);
#3471 = FACE_BOUND('',#3472,.F.);
#3472 = EDGE_LOOP('',(#3473,#3474,#3495,#3496));
#3473 = ORIENTED_EDGE('',*,*,#3450,.F.);
#3474 = ORIENTED_EDGE('',*,*,#3475,.T.);
#3475 = EDGE_CURVE('',#3426,#3377,#3476,.T.);
#3476 = SURFACE_CURVE('',#3477,(#3481,#3488),.PCURVE_S1.);
#3477 = LINE('',#3478,#3479);
#3478 = CARTESIAN_POINT('',(39.5,4.5,29.45));
#3479 = VECTOR('',#3480,1.);
#3480 = DIRECTION('',(0.,1.,0.));
#3481 = PCURVE('',#813,#3482);
#3482 = DEFINITIONAL_REPRESENTATION('',(#3483),#3487);
#3483 = LINE('',#3484,#3485);
#3484 = CARTESIAN_POINT('',(0.,0.));
#3485 = VECTOR('',#3486,1.);
#3486 = DIRECTION('',(0.,-1.));
#3487 = ( GEOMETRIC_REPRESENTATION_CONTEXT(2) 
PARAMETRIC_REPRESENTATION_CONTEXT() REPRESENTATION_CONTEXT('2D SPACE',''
  ) );
#3488 = PCURVE('',#3339,#3489);
#3489 = DEFINITIONAL_REPRESENTATION('',(#3490),#3494);
#3490 = LINE('',#3491,#3492);
#3491 = CARTESIAN_POINT('',(1.,0.));
#3492 = VECTOR('',#3493,1.);
#3493 = DIRECTION('',(0.,1.));
#3494 = ( GEOMETRIC_REPRESENTATION_CONTEXT(2) 
PARAMETRIC_REPRESENTATION_CONTEXT() REPRESENTATION_CONTEXT('2D SPACE',''
  ) );
#3495 = ORIENTED_EDGE('',*,*,#3401,.T.);
#3496 = ORIENTED_EDGE('',*,*,#797,.F.);
#3497 = ADVANCED_FACE('',(#3498),#871,.T.);
#3498 = FACE_BOUND('',#3499,.T.);
#3499 = EDGE_LOOP('',(#3500,#3523,#3551,#3572));
#3500 = ORIENTED_EDGE('',*,*,#3501,.F.);
#3501 = EDGE_CURVE('',#3502,#854,#3504,.T.);
#3502 = VERTEX_POINT('',#3503);
#3503 = CARTESIAN_POINT('',(46.5,4.5,29.45));
#3504 = SURFACE_CURVE('',#3505,(#3509,#3516),.PCURVE_S1.);
#3505 = LINE('',#3506,#3507);
#3506 = CARTESIAN_POINT('',(46.5,4.5,29.45));
#3507 = VECTOR('',#3508,1.);
#3508 = DIRECTION('',(0.,0.,1.));
#3509 = PCURVE('',#871,#3510);
#3510 = DEFINITIONAL_REPRESENTATION('',(#3511),#3515);
#3511 = LINE('',#3512,#3513);
#3512 = CARTESIAN_POINT('',(0.,0.));
#3513 = VECTOR('',#3514,1.);
#3514 = DIRECTION('',(1.,0.));
#3515 = ( GEOMETRIC_REPRESENTATION_CONTEXT(2) 
PARAMETRIC_REPRESENTATION_CONTEXT() REPRESENTATION_CONTEXT('2D SPACE',''
  ) );
#3516 = PCURVE('',#953,#3517);
#3517 = DEFINITIONAL_REPRESENTATION('',(#3518),#3522);
#3518 = LINE('',#3519,#3520);
#3519 = CARTESIAN_POINT('',(0.,0.));
#3520 = VECTOR('',#3521,1.);
#3521 = DIRECTION('',(1.,0.));
#3522 = ( GEOMETRIC_REPRESENTATION_CONTEXT(2) 
PARAMETRIC_REPRESENTATION_CONTEXT() REPRESENTATION_CONTEXT('2D SPACE',''
  ) );
#3523 = ORIENTED_EDGE('',*,*,#3524,.T.);
#3524 = EDGE_CURVE('',#3502,#3525,#3527,.T.);
#3525 = VERTEX_POINT('',#3526);
#3526 = CARTESIAN_POINT('',(46.5,75.5,29.45));
#3527 = SURFACE_CURVE('',#3528,(#3532,#3539),.PCURVE_S1.);
#3528 = LINE('',#3529,#3530);
#3529 = CARTESIAN_POINT('',(46.5,4.5,29.45));
#3530 = VECTOR('',#3531,1.);
#3531 = DIRECTION('',(0.,1.,0.));
#3532 = PCURVE('',#871,#3533);
#3533 = DEFINITIONAL_REPRESENTATION('',(#3534),#3538);
#3534 = LINE('',#3535,#3536);
#3535 = CARTESIAN_POINT('',(0.,0.));
#3536 = VECTOR('',#3537,1.);
#3537 = DIRECTION('',(0.,-1.));
#3538 = ( GEOMETRIC_REPRESENTATION_CONTEXT(2) 
PARAMETRIC_REPRESENTATION_CONTEXT() REPRESENTATION_CONTEXT('2D SPACE',''
  ) );
#3539 = PCURVE('',#3540,#3545);
#3540 = PLANE('',#3541);
#3541 = AXIS2_PLACEMENT_3D('',#3542,#3543,#3544);
#3542 = CARTESIAN_POINT('',(46.5,4.5,29.45));
#3543 = DIRECTION('',(0.,0.,1.));
#3544 = DIRECTION('',(1.,0.,0.));
#3545 = DEFINITIONAL_REPRESENTATION('',(#3546),#3550);
#3546 = LINE('',#3547,#3548);
#3547 = CARTESIAN_POINT('',(0.,0.));
#3548 = VECTOR('',#3549,1.);
#3549 = DIRECTION('',(0.,1.));
#3550 = ( GEOMETRIC_REPRESENTATION_CONTEXT(2) 
PARAMETRIC_REPRESENTATION_CONTEXT() REPRESENTATION_CONTEXT('2D SPACE',''
  ) );
#3551 = ORIENTED_EDGE('',*,*,#3552,.T.);
#3552 = EDGE_CURVE('',#3525,#856,#3553,.T.);
#3553 = SURFACE_CURVE('',#3554,(#3558,#3565),.PCURVE_S1.);
#3554 = LINE('',#3555,#3556);
#3555 = CARTESIAN_POINT('',(46.5,75.5,29.45));
#3556 = VECTOR('',#3557,1.);
#3557 = DIRECTION('',(0.,0.,1.));
#3558 = PCURVE('',#871,#3559);
#3559 = DEFINITIONAL_REPRESENTATION('',(#3560),#3564);
#3560 = LINE('',#3561,#3562);
#3561 = CARTESIAN_POINT('',(0.,-71.));
#3562 = VECTOR('',#3563,1.);
#3563 = DIRECTION('',(1.,0.));
#3564 = ( GEOMETRIC_REPRESENTATION_CONTEXT(2) 
PARAMETRIC_REPRESENTATION_CONTEXT() REPRESENTATION_CONTEXT('2D SPACE',''
  ) );
#3565 = PCURVE('',#899,#3566);
#3566 = DEFINITIONAL_REPRESENTATION('',(#3567),#3571);
#3567 = LINE('',#3568,#3569);
#3568 = CARTESIAN_POINT('',(0.,0.));
#3569 = VECTOR('',#3570,1.);
#3570 = DIRECTION('',(1.,0.));
#3571 = ( GEOMETRIC_REPRESENTATION_CONTEXT(2) 
PARAMETRIC_REPRESENTATION_CONTEXT() REPRESENTATION_CONTEXT('2D SPACE',''
  ) );
#3572 = ORIENTED_EDGE('',*,*,#853,.F.);
#3573 = ADVANCED_FACE('',(#3574),#899,.F.);
#3574 = FACE_BOUND('',#3575,.F.);
#3575 = EDGE_LOOP('',(#3576,#3599,#3600,#3601));
#3576 = ORIENTED_EDGE('',*,*,#3577,.F.);
#3577 = EDGE_CURVE('',#3525,#3578,#3580,.T.);
#3578 = VERTEX_POINT('',#3579);
#3579 = CARTESIAN_POINT('',(47.5,75.5,29.45));
#3580 = SURFACE_CURVE('',#3581,(#3585,#3592),.PCURVE_S1.);
#3581 = LINE('',#3582,#3583);
#3582 = CARTESIAN_POINT('',(46.5,75.5,29.45));
#3583 = VECTOR('',#3584,1.);
#3584 = DIRECTION('',(1.,0.,0.));
#3585 = PCURVE('',#899,#3586);
#3586 = DEFINITIONAL_REPRESENTATION('',(#3587),#3591);
#3587 = LINE('',#3588,#3589);
#3588 = CARTESIAN_POINT('',(0.,0.));
#3589 = VECTOR('',#3590,1.);
#3590 = DIRECTION('',(0.,1.));
#3591 = ( GEOMETRIC_REPRESENTATION_CONTEXT(2) 
PARAMETRIC_REPRESENTATION_CONTEXT() REPRESENTATION_CONTEXT('2D SPACE',''
  ) );
#3592 = PCURVE('',#3540,#3593);
#3593 = DEFINITIONAL_REPRESENTATION('',(#3594),#3598);
#3594 = LINE('',#3595,#3596);
#3595 = CARTESIAN_POINT('',(0.,71.));
#3596 = VECTOR('',#3597,1.);
#3597 = DIRECTION('',(1.,0.));
#3598 = ( GEOMETRIC_REPRESENTATION_CONTEXT(2) 
PARAMETRIC_REPRESENTATION_CONTEXT() REPRESENTATION_CONTEXT('2D SPACE',''
  ) );
#3599 = ORIENTED_EDGE('',*,*,#3552,.T.);
#3600 = ORIENTED_EDGE('',*,*,#883,.T.);
#3601 = ORIENTED_EDGE('',*,*,#3602,.F.);
#3602 = EDGE_CURVE('',#3578,#884,#3603,.T.);
#3603 = SURFACE_CURVE('',#3604,(#3608,#3615),.PCURVE_S1.);
#3604 = LINE('',#3605,#3606);
#3605 = CARTESIAN_POINT('',(47.5,75.5,29.45));
#3606 = VECTOR('',#3607,1.);
#3607 = DIRECTION('',(0.,0.,1.));
#3608 = PCURVE('',#899,#3609);
#3609 = DEFINITIONAL_REPRESENTATION('',(#3610),#3614);
#3610 = LINE('',#3611,#3612);
#3611 = CARTESIAN_POINT('',(0.,1.));
#3612 = VECTOR('',#3613,1.);
#3613 = DIRECTION('',(1.,0.));
#3614 = ( GEOMETRIC_REPRESENTATION_CONTEXT(2) 
PARAMETRIC_REPRESENTATION_CONTEXT() REPRESENTATION_CONTEXT('2D SPACE',''
  ) );
#3615 = PCURVE('',#927,#3616);
#3616 = DEFINITIONAL_REPRESENTATION('',(#3617),#3621);
#3617 = LINE('',#3618,#3619);
#3618 = CARTESIAN_POINT('',(0.,-71.));
#3619 = VECTOR('',#3620,1.);
#3620 = DIRECTION('',(1.,0.));
#3621 = ( GEOMETRIC_REPRESENTATION_CONTEXT(2) 
PARAMETRIC_REPRESENTATION_CONTEXT() REPRESENTATION_CONTEXT('2D SPACE',''
  ) );
#3622 = ADVANCED_FACE('',(#3623),#953,.T.);
#3623 = FACE_BOUND('',#3624,.T.);
#3624 = EDGE_LOOP('',(#3625,#3648,#3649,#3650));
#3625 = ORIENTED_EDGE('',*,*,#3626,.F.);
#3626 = EDGE_CURVE('',#3502,#3627,#3629,.T.);
#3627 = VERTEX_POINT('',#3628);
#3628 = CARTESIAN_POINT('',(47.5,4.5,29.45));
#3629 = SURFACE_CURVE('',#3630,(#3634,#3641),.PCURVE_S1.);
#3630 = LINE('',#3631,#3632);
#3631 = CARTESIAN_POINT('',(46.5,4.5,29.45));
#3632 = VECTOR('',#3633,1.);
#3633 = DIRECTION('',(1.,0.,0.));
#3634 = PCURVE('',#953,#3635);
#3635 = DEFINITIONAL_REPRESENTATION('',(#3636),#3640);
#3636 = LINE('',#3637,#3638);
#3637 = CARTESIAN_POINT('',(0.,0.));
#3638 = VECTOR('',#3639,1.);
#3639 = DIRECTION('',(0.,1.));
#3640 = ( GEOMETRIC_REPRESENTATION_CONTEXT(2) 
PARAMETRIC_REPRESENTATION_CONTEXT() REPRESENTATION_CONTEXT('2D SPACE',''
  ) );
#3641 = PCURVE('',#3540,#3642);
#3642 = DEFINITIONAL_REPRESENTATION('',(#3643),#3647);
#3643 = LINE('',#3644,#3645);
#3644 = CARTESIAN_POINT('',(0.,0.));
#3645 = VECTOR('',#3646,1.);
#3646 = DIRECTION('',(1.,0.));
#3647 = ( GEOMETRIC_REPRESENTATION_CONTEXT(2) 
PARAMETRIC_REPRESENTATION_CONTEXT() REPRESENTATION_CONTEXT('2D SPACE',''
  ) );
#3648 = ORIENTED_EDGE('',*,*,#3501,.T.);
#3649 = ORIENTED_EDGE('',*,*,#939,.T.);
#3650 = ORIENTED_EDGE('',*,*,#3651,.F.);
#3651 = EDGE_CURVE('',#3627,#912,#3652,.T.);
#3652 = SURFACE_CURVE('',#3653,(#3657,#3664),.PCURVE_S1.);
#3653 = LINE('',#3654,#3655);
#3654 = CARTESIAN_POINT('',(47.5,4.5,29.45));
#3655 = VECTOR('',#3656,1.);
#3656 = DIRECTION('',(0.,0.,1.));
#3657 = PCURVE('',#953,#3658);
#3658 = DEFINITIONAL_REPRESENTATION('',(#3659),#3663);
#3659 = LINE('',#3660,#3661);
#3660 = CARTESIAN_POINT('',(0.,1.));
#3661 = VECTOR('',#3662,1.);
#3662 = DIRECTION('',(1.,0.));
#3663 = ( GEOMETRIC_REPRESENTATION_CONTEXT(2) 
PARAMETRIC_REPRESENTATION_CONTEXT() REPRESENTATION_CONTEXT('2D SPACE',''
  ) );
#3664 = PCURVE('',#927,#3665);
#3665 = DEFINITIONAL_REPRESENTATION('',(#3666),#3670);
#3666 = LINE('',#3667,#3668);
#3667 = CARTESIAN_POINT('',(0.,0.));
#3668 = VECTOR('',#3669,1.);
#3669 = DIRECTION('',(1.,0.));
#3670 = ( GEOMETRIC_REPRESENTATION_CONTEXT(2) 
PARAMETRIC_REPRESENTATION_CONTEXT() REPRESENTATION_CONTEXT('2D SPACE',''
  ) );
#3671 = ADVANCED_FACE('',(#3672),#927,.F.);
#3672 = FACE_BOUND('',#3673,.F.);
#3673 = EDGE_LOOP('',(#3674,#3675,#3696,#3697));
#3674 = ORIENTED_EDGE('',*,*,#3651,.F.);
#3675 = ORIENTED_EDGE('',*,*,#3676,.T.);
#3676 = EDGE_CURVE('',#3627,#3578,#3677,.T.);
#3677 = SURFACE_CURVE('',#3678,(#3682,#3689),.PCURVE_S1.);
#3678 = LINE('',#3679,#3680);
#3679 = CARTESIAN_POINT('',(47.5,4.5,29.45));
#3680 = VECTOR('',#3681,1.);
#3681 = DIRECTION('',(0.,1.,0.));
#3682 = PCURVE('',#927,#3683);
#3683 = DEFINITIONAL_REPRESENTATION('',(#3684),#3688);
#3684 = LINE('',#3685,#3686);
#3685 = CARTESIAN_POINT('',(0.,0.));
#3686 = VECTOR('',#3687,1.);
#3687 = DIRECTION('',(0.,-1.));
#3688 = ( GEOMETRIC_REPRESENTATION_CONTEXT(2) 
PARAMETRIC_REPRESENTATION_CONTEXT() REPRESENTATION_CONTEXT('2D SPACE',''
  ) );
#3689 = PCURVE('',#3540,#3690);
#3690 = DEFINITIONAL_REPRESENTATION('',(#3691),#3695);
#3691 = LINE('',#3692,#3693);
#3692 = CARTESIAN_POINT('',(1.,0.));
#3693 = VECTOR('',#3694,1.);
#3694 = DIRECTION('',(0.,1.));
#3695 = ( GEOMETRIC_REPRESENTATION_CONTEXT(2) 
PARAMETRIC_REPRESENTATION_CONTEXT() REPRESENTATION_CONTEXT('2D SPACE',''
  ) );
#3696 = ORIENTED_EDGE('',*,*,#3602,.T.);
#3697 = ORIENTED_EDGE('',*,*,#911,.F.);
#3698 = ADVANCED_FACE('',(#3699),#985,.T.);
#3699 = FACE_BOUND('',#3700,.T.);
#3700 = EDGE_LOOP('',(#3701,#3724,#3752,#3773));
#3701 = ORIENTED_EDGE('',*,*,#3702,.F.);
#3702 = EDGE_CURVE('',#3703,#968,#3705,.T.);
#3703 = VERTEX_POINT('',#3704);
#3704 = CARTESIAN_POINT('',(54.5,4.5,29.45));
#3705 = SURFACE_CURVE('',#3706,(#3710,#3717),.PCURVE_S1.);
#3706 = LINE('',#3707,#3708);
#3707 = CARTESIAN_POINT('',(54.5,4.5,29.45));
#3708 = VECTOR('',#3709,1.);
#3709 = DIRECTION('',(0.,0.,1.));
#3710 = PCURVE('',#985,#3711);
#3711 = DEFINITIONAL_REPRESENTATION('',(#3712),#3716);
#3712 = LINE('',#3713,#3714);
#3713 = CARTESIAN_POINT('',(0.,0.));
#3714 = VECTOR('',#3715,1.);
#3715 = DIRECTION('',(1.,0.));
#3716 = ( GEOMETRIC_REPRESENTATION_CONTEXT(2) 
PARAMETRIC_REPRESENTATION_CONTEXT() REPRESENTATION_CONTEXT('2D SPACE',''
  ) );
#3717 = PCURVE('',#1067,#3718);
#3718 = DEFINITIONAL_REPRESENTATION('',(#3719),#3723);
#3719 = LINE('',#3720,#3721);
#3720 = CARTESIAN_POINT('',(0.,0.));
#3721 = VECTOR('',#3722,1.);
#3722 = DIRECTION('',(1.,0.));
#3723 = ( GEOMETRIC_REPRESENTATION_CONTEXT(2) 
PARAMETRIC_REPRESENTATION_CONTEXT() REPRESENTATION_CONTEXT('2D SPACE',''
  ) );
#3724 = ORIENTED_EDGE('',*,*,#3725,.T.);
#3725 = EDGE_CURVE('',#3703,#3726,#3728,.T.);
#3726 = VERTEX_POINT('',#3727);
#3727 = CARTESIAN_POINT('',(54.5,75.5,29.45));
#3728 = SURFACE_CURVE('',#3729,(#3733,#3740),.PCURVE_S1.);
#3729 = LINE('',#3730,#3731);
#3730 = CARTESIAN_POINT('',(54.5,4.5,29.45));
#3731 = VECTOR('',#3732,1.);
#3732 = DIRECTION('',(0.,1.,0.));
#3733 = PCURVE('',#985,#3734);
#3734 = DEFINITIONAL_REPRESENTATION('',(#3735),#3739);
#3735 = LINE('',#3736,#3737);
#3736 = CARTESIAN_POINT('',(0.,0.));
#3737 = VECTOR('',#3738,1.);
#3738 = DIRECTION('',(0.,-1.));
#3739 = ( GEOMETRIC_REPRESENTATION_CONTEXT(2) 
PARAMETRIC_REPRESENTATION_CONTEXT() REPRESENTATION_CONTEXT('2D SPACE',''
  ) );
#3740 = PCURVE('',#3741,#3746);
#3741 = PLANE('',#3742);
#3742 = AXIS2_PLACEMENT_3D('',#3743,#3744,#3745);
#3743 = CARTESIAN_POINT('',(54.5,4.5,29.45));
#3744 = DIRECTION('',(0.,0.,1.));
#3745 = DIRECTION('',(1.,0.,0.));
#3746 = DEFINITIONAL_REPRESENTATION('',(#3747),#3751);
#3747 = LINE('',#3748,#3749);
#3748 = CARTESIAN_POINT('',(0.,0.));
#3749 = VECTOR('',#3750,1.);
#3750 = DIRECTION('',(0.,1.));
#3751 = ( GEOMETRIC_REPRESENTATION_CONTEXT(2) 
PARAMETRIC_REPRESENTATION_CONTEXT() REPRESENTATION_CONTEXT('2D SPACE',''
  ) );
#3752 = ORIENTED_EDGE('',*,*,#3753,.T.);
#3753 = EDGE_CURVE('',#3726,#970,#3754,.T.);
#3754 = SURFACE_CURVE('',#3755,(#3759,#3766),.PCURVE_S1.);
#3755 = LINE('',#3756,#3757);
#3756 = CARTESIAN_POINT('',(54.5,75.5,29.45));
#3757 = VECTOR('',#3758,1.);
#3758 = DIRECTION('',(0.,0.,1.));
#3759 = PCURVE('',#985,#3760);
#3760 = DEFINITIONAL_REPRESENTATION('',(#3761),#3765);
#3761 = LINE('',#3762,#3763);
#3762 = CARTESIAN_POINT('',(0.,-71.));
#3763 = VECTOR('',#3764,1.);
#3764 = DIRECTION('',(1.,0.));
#3765 = ( GEOMETRIC_REPRESENTATION_CONTEXT(2) 
PARAMETRIC_REPRESENTATION_CONTEXT() REPRESENTATION_CONTEXT('2D SPACE',''
  ) );
#3766 = PCURVE('',#1013,#3767);
#3767 = DEFINITIONAL_REPRESENTATION('',(#3768),#3772);
#3768 = LINE('',#3769,#3770);
#3769 = CARTESIAN_POINT('',(0.,0.));
#3770 = VECTOR('',#3771,1.);
#3771 = DIRECTION('',(1.,0.));
#3772 = ( GEOMETRIC_REPRESENTATION_CONTEXT(2) 
PARAMETRIC_REPRESENTATION_CONTEXT() REPRESENTATION_CONTEXT('2D SPACE',''
  ) );
#3773 = ORIENTED_EDGE('',*,*,#967,.F.);
#3774 = ADVANCED_FACE('',(#3775),#1013,.F.);
#3775 = FACE_BOUND('',#3776,.F.);
#3776 = EDGE_LOOP('',(#3777,#3800,#3801,#3802));
#3777 = ORIENTED_EDGE('',*,*,#3778,.F.);
#3778 = EDGE_CURVE('',#3726,#3779,#3781,.T.);
#3779 = VERTEX_POINT('',#3780);
#3780 = CARTESIAN_POINT('',(55.5,75.5,29.45));
#3781 = SURFACE_CURVE('',#3782,(#3786,#3793),.PCURVE_S1.);
#3782 = LINE('',#3783,#3784);
#3783 = CARTESIAN_POINT('',(54.5,75.5,29.45));
#3784 = VECTOR('',#3785,1.);
#3785 = DIRECTION('',(1.,0.,0.));
#3786 = PCURVE('',#1013,#3787);
#3787 = DEFINITIONAL_REPRESENTATION('',(#3788),#3792);
#3788 = LINE('',#3789,#3790);
#3789 = CARTESIAN_POINT('',(0.,0.));
#3790 = VECTOR('',#3791,1.);
#3791 = DIRECTION('',(0.,1.));
#3792 = ( GEOMETRIC_REPRESENTATION_CONTEXT(2) 
PARAMETRIC_REPRESENTATION_CONTEXT() REPRESENTATION_CONTEXT('2D SPACE',''
  ) );
#3793 = PCURVE('',#3741,#3794);
#3794 = DEFINITIONAL_REPRESENTATION('',(#3795),#3799);
#3795 = LINE('',#3796,#3797);
#3796 = CARTESIAN_POINT('',(0.,71.));
#3797 = VECTOR('',#3798,1.);
#3798 = DIRECTION('',(1.,0.));
#3799 = ( GEOMETRIC_REPRESENTATION_CONTEXT(2) 
PARAMETRIC_REPRESENTATION_CONTEXT() REPRESENTATION_CONTEXT('2D SPACE',''
  ) );
#3800 = ORIENTED_EDGE('',*,*,#3753,.T.);
#3801 = ORIENTED_EDGE('',*,*,#997,.T.);
#3802 = ORIENTED_EDGE('',*,*,#3803,.F.);
#3803 = EDGE_CURVE('',#3779,#998,#3804,.T.);
#3804 = SURFACE_CURVE('',#3805,(#3809,#3816),.PCURVE_S1.);
#3805 = LINE('',#3806,#3807);
#3806 = CARTESIAN_POINT('',(55.5,75.5,29.45));
#3807 = VECTOR('',#3808,1.);
#3808 = DIRECTION('',(0.,0.,1.));
#3809 = PCURVE('',#1013,#3810);
#3810 = DEFINITIONAL_REPRESENTATION('',(#3811),#3815);
#3811 = LINE('',#3812,#3813);
#3812 = CARTESIAN_POINT('',(0.,1.));
#3813 = VECTOR('',#3814,1.);
#3814 = DIRECTION('',(1.,0.));
#3815 = ( GEOMETRIC_REPRESENTATION_CONTEXT(2) 
PARAMETRIC_REPRESENTATION_CONTEXT() REPRESENTATION_CONTEXT('2D SPACE',''
  ) );
#3816 = PCURVE('',#1041,#3817);
#3817 = DEFINITIONAL_REPRESENTATION('',(#3818),#3822);
#3818 = LINE('',#3819,#3820);
#3819 = CARTESIAN_POINT('',(0.,-71.));
#3820 = VECTOR('',#3821,1.);
#3821 = DIRECTION('',(1.,0.));
#3822 = ( GEOMETRIC_REPRESENTATION_CONTEXT(2) 
PARAMETRIC_REPRESENTATION_CONTEXT() REPRESENTATION_CONTEXT('2D SPACE',''
  ) );
#3823 = ADVANCED_FACE('',(#3824),#1067,.T.);
#3824 = FACE_BOUND('',#3825,.T.);
#3825 = EDGE_LOOP('',(#3826,#3849,#3850,#3851));
#3826 = ORIENTED_EDGE('',*,*,#3827,.F.);
#3827 = EDGE_CURVE('',#3703,#3828,#3830,.T.);
#3828 = VERTEX_POINT('',#3829);
#3829 = CARTESIAN_POINT('',(55.5,4.5,29.45));
#3830 = SURFACE_CURVE('',#3831,(#3835,#3842),.PCURVE_S1.);
#3831 = LINE('',#3832,#3833);
#3832 = CARTESIAN_POINT('',(54.5,4.5,29.45));
#3833 = VECTOR('',#3834,1.);
#3834 = DIRECTION('',(1.,0.,0.));
#3835 = PCURVE('',#1067,#3836);
#3836 = DEFINITIONAL_REPRESENTATION('',(#3837),#3841);
#3837 = LINE('',#3838,#3839);
#3838 = CARTESIAN_POINT('',(0.,0.));
#3839 = VECTOR('',#3840,1.);
#3840 = DIRECTION('',(0.,1.));
#3841 = ( GEOMETRIC_REPRESENTATION_CONTEXT(2) 
PARAMETRIC_REPRESENTATION_CONTEXT() REPRESENTATION_CONTEXT('2D SPACE',''
  ) );
#3842 = PCURVE('',#3741,#3843);
#3843 = DEFINITIONAL_REPRESENTATION('',(#3844),#3848);
#3844 = LINE('',#3845,#3846);
#3845 = CARTESIAN_POINT('',(0.,0.));
#3846 = VECTOR('',#3847,1.);
#3847 = DIRECTION('',(1.,0.));
#3848 = ( GEOMETRIC_REPRESENTATION_CONTEXT(2) 
PARAMETRIC_REPRESENTATION_CONTEXT() REPRESENTATION_CONTEXT('2D SPACE',''
  ) );
#3849 = ORIENTED_EDGE('',*,*,#3702,.T.);
#3850 = ORIENTED_EDGE('',*,*,#1053,.T.);
#3851 = ORIENTED_EDGE('',*,*,#3852,.F.);
#3852 = EDGE_CURVE('',#3828,#1026,#3853,.T.);
#3853 = SURFACE_CURVE('',#3854,(#3858,#3865),.PCURVE_S1.);
#3854 = LINE('',#3855,#3856);
#3855 = CARTESIAN_POINT('',(55.5,4.5,29.45));
#3856 = VECTOR('',#3857,1.);
#3857 = DIRECTION('',(0.,0.,1.));
#3858 = PCURVE('',#1067,#3859);
#3859 = DEFINITIONAL_REPRESENTATION('',(#3860),#3864);
#3860 = LINE('',#3861,#3862);
#3861 = CARTESIAN_POINT('',(0.,1.));
#3862 = VECTOR('',#3863,1.);
#3863 = DIRECTION('',(1.,0.));
#3864 = ( GEOMETRIC_REPRESENTATION_CONTEXT(2) 
PARAMETRIC_REPRESENTATION_CONTEXT() REPRESENTATION_CONTEXT('2D SPACE',''
  ) );
#3865 = PCURVE('',#1041,#3866);
#3866 = DEFINITIONAL_REPRESENTATION('',(#3867),#3871);
#3867 = LINE('',#3868,#3869);
#3868 = CARTESIAN_POINT('',(0.,0.));
#3869 = VECTOR('',#3870,1.);
#3870 = DIRECTION('',(1.,0.));
#3871 = ( GEOMETRIC_REPRESENTATION_CONTEXT(2) 
PARAMETRIC_REPRESENTATION_CONTEXT() REPRESENTATION_CONTEXT('2D SPACE',''
  ) );
#3872 = ADVANCED_FACE('',(#3873),#1041,.F.);
#3873 = FACE_BOUND('',#3874,.F.);
#3874 = EDGE_LOOP('',(#3875,#3876,#3897,#3898));
#3875 = ORIENTED_EDGE('',*,*,#3852,.F.);
#3876 = ORIENTED_EDGE('',*,*,#3877,.T.);
#3877 = EDGE_CURVE('',#3828,#3779,#3878,.T.);
#3878 = SURFACE_CURVE('',#3879,(#3883,#3890),.PCURVE_S1.);
#3879 = LINE('',#3880,#3881);
#3880 = CARTESIAN_POINT('',(55.5,4.5,29.45));
#3881 = VECTOR('',#3882,1.);
#3882 = DIRECTION('',(0.,1.,0.));
#3883 = PCURVE('',#1041,#3884);
#3884 = DEFINITIONAL_REPRESENTATION('',(#3885),#3889);
#3885 = LINE('',#3886,#3887);
#3886 = CARTESIAN_POINT('',(0.,0.));
#3887 = VECTOR('',#3888,1.);
#3888 = DIRECTION('',(0.,-1.));
#3889 = ( GEOMETRIC_REPRESENTATION_CONTEXT(2) 
PARAMETRIC_REPRESENTATION_CONTEXT() REPRESENTATION_CONTEXT('2D SPACE',''
  ) );
#3890 = PCURVE('',#3741,#3891);
#3891 = DEFINITIONAL_REPRESENTATION('',(#3892),#3896);
#3892 = LINE('',#3893,#3894);
#3893 = CARTESIAN_POINT('',(1.,0.));
#3894 = VECTOR('',#3895,1.);
#3895 = DIRECTION('',(0.,1.));
#3896 = ( GEOMETRIC_REPRESENTATION_CONTEXT(2) 
PARAMETRIC_REPRESENTATION_CONTEXT() REPRESENTATION_CONTEXT('2D SPACE',''
  ) );
#3897 = ORIENTED_EDGE('',*,*,#3803,.T.);
#3898 = ORIENTED_EDGE('',*,*,#1025,.F.);
#3899 = ADVANCED_FACE('',(#3900),#1099,.T.);
#3900 = FACE_BOUND('',#3901,.T.);
#3901 = EDGE_LOOP('',(#3902,#3925,#3953,#3974));
#3902 = ORIENTED_EDGE('',*,*,#3903,.F.);
#3903 = EDGE_CURVE('',#3904,#1082,#3906,.T.);
#3904 = VERTEX_POINT('',#3905);
#3905 = CARTESIAN_POINT('',(62.5,4.5,29.45));
#3906 = SURFACE_CURVE('',#3907,(#3911,#3918),.PCURVE_S1.);
#3907 = LINE('',#3908,#3909);
#3908 = CARTESIAN_POINT('',(62.5,4.5,29.45));
#3909 = VECTOR('',#3910,1.);
#3910 = DIRECTION('',(0.,0.,1.));
#3911 = PCURVE('',#1099,#3912);
#3912 = DEFINITIONAL_REPRESENTATION('',(#3913),#3917);
#3913 = LINE('',#3914,#3915);
#3914 = CARTESIAN_POINT('',(0.,0.));
#3915 = VECTOR('',#3916,1.);
#3916 = DIRECTION('',(1.,0.));
#3917 = ( GEOMETRIC_REPRESENTATION_CONTEXT(2) 
PARAMETRIC_REPRESENTATION_CONTEXT() REPRESENTATION_CONTEXT('2D SPACE',''
  ) );
#3918 = PCURVE('',#1181,#3919);
#3919 = DEFINITIONAL_REPRESENTATION('',(#3920),#3924);
#3920 = LINE('',#3921,#3922);
#3921 = CARTESIAN_POINT('',(0.,0.));
#3922 = VECTOR('',#3923,1.);
#3923 = DIRECTION('',(1.,0.));
#3924 = ( GEOMETRIC_REPRESENTATION_CONTEXT(2) 
PARAMETRIC_REPRESENTATION_CONTEXT() REPRESENTATION_CONTEXT('2D SPACE',''
  ) );
#3925 = ORIENTED_EDGE('',*,*,#3926,.T.);
#3926 = EDGE_CURVE('',#3904,#3927,#3929,.T.);
#3927 = VERTEX_POINT('',#3928);
#3928 = CARTESIAN_POINT('',(62.5,75.5,29.45));
#3929 = SURFACE_CURVE('',#3930,(#3934,#3941),.PCURVE_S1.);
#3930 = LINE('',#3931,#3932);
#3931 = CARTESIAN_POINT('',(62.5,4.5,29.45));
#3932 = VECTOR('',#3933,1.);
#3933 = DIRECTION('',(0.,1.,0.));
#3934 = PCURVE('',#1099,#3935);
#3935 = DEFINITIONAL_REPRESENTATION('',(#3936),#3940);
#3936 = LINE('',#3937,#3938);
#3937 = CARTESIAN_POINT('',(0.,0.));
#3938 = VECTOR('',#3939,1.);
#3939 = DIRECTION('',(0.,-1.));
#3940 = ( GEOMETRIC_REPRESENTATION_CONTEXT(2) 
PARAMETRIC_REPRESENTATION_CONTEXT() REPRESENTATION_CONTEXT('2D SPACE',''
  ) );
#3941 = PCURVE('',#3942,#3947);
#3942 = PLANE('',#3943);
#3943 = AXIS2_PLACEMENT_3D('',#3944,#3945,#3946);
#3944 = CARTESIAN_POINT('',(62.5,4.5,29.45));
#3945 = DIRECTION('',(0.,0.,1.));
#3946 = DIRECTION('',(1.,0.,0.));
#3947 = DEFINITIONAL_REPRESENTATION('',(#3948),#3952);
#3948 = LINE('',#3949,#3950);
#3949 = CARTESIAN_POINT('',(0.,0.));
#3950 = VECTOR('',#3951,1.);
#3951 = DIRECTION('',(0.,1.));
#3952 = ( GEOMETRIC_REPRESENTATION_CONTEXT(2) 
PARAMETRIC_REPRESENTATION_CONTEXT() REPRESENTATION_CONTEXT('2D SPACE',''
  ) );
#3953 = ORIENTED_EDGE('',*,*,#3954,.T.);
#3954 = EDGE_CURVE('',#3927,#1084,#3955,.T.);
#3955 = SURFACE_CURVE('',#3956,(#3960,#3967),.PCURVE_S1.);
#3956 = LINE('',#3957,#3958);
#3957 = CARTESIAN_POINT('',(62.5,75.5,29.45));
#3958 = VECTOR('',#3959,1.);
#3959 = DIRECTION('',(0.,0.,1.));
#3960 = PCURVE('',#1099,#3961);
#3961 = DEFINITIONAL_REPRESENTATION('',(#3962),#3966);
#3962 = LINE('',#3963,#3964);
#3963 = CARTESIAN_POINT('',(0.,-71.));
#3964 = VECTOR('',#3965,1.);
#3965 = DIRECTION('',(1.,0.));
#3966 = ( GEOMETRIC_REPRESENTATION_CONTEXT(2) 
PARAMETRIC_REPRESENTATION_CONTEXT() REPRESENTATION_CONTEXT('2D SPACE',''
  ) );
#3967 = PCURVE('',#1127,#3968);
#3968 = DEFINITIONAL_REPRESENTATION('',(#3969),#3973);
#3969 = LINE('',#3970,#3971);
#3970 = CARTESIAN_POINT('',(0.,0.));
#3971 = VECTOR('',#3972,1.);
#3972 = DIRECTION('',(1.,0.));
#3973 = ( GEOMETRIC_REPRESENTATION_CONTEXT(2) 
PARAMETRIC_REPRESENTATION_CONTEXT() REPRESENTATION_CONTEXT('2D SPACE',''
  ) );
#3974 = ORIENTED_EDGE('',*,*,#1081,.F.);
#3975 = ADVANCED_FACE('',(#3976),#1127,.F.);
#3976 = FACE_BOUND('',#3977,.F.);
#3977 = EDGE_LOOP('',(#3978,#4001,#4002,#4003));
#3978 = ORIENTED_EDGE('',*,*,#3979,.F.);
#3979 = EDGE_CURVE('',#3927,#3980,#3982,.T.);
#3980 = VERTEX_POINT('',#3981);
#3981 = CARTESIAN_POINT('',(63.5,75.5,29.45));
#3982 = SURFACE_CURVE('',#3983,(#3987,#3994),.PCURVE_S1.);
#3983 = LINE('',#3984,#3985);
#3984 = CARTESIAN_POINT('',(62.5,75.5,29.45));
#3985 = VECTOR('',#3986,1.);
#3986 = DIRECTION('',(1.,0.,0.));
#3987 = PCURVE('',#1127,#3988);
#3988 = DEFINITIONAL_REPRESENTATION('',(#3989),#3993);
#3989 = LINE('',#3990,#3991);
#3990 = CARTESIAN_POINT('',(0.,0.));
#3991 = VECTOR('',#3992,1.);
#3992 = DIRECTION('',(0.,1.));
#3993 = ( GEOMETRIC_REPRESENTATION_CONTEXT(2) 
PARAMETRIC_REPRESENTATION_CONTEXT() REPRESENTATION_CONTEXT('2D SPACE',''
  ) );
#3994 = PCURVE('',#3942,#3995);
#3995 = DEFINITIONAL_REPRESENTATION('',(#3996),#4000);
#3996 = LINE('',#3997,#3998);
#3997 = CARTESIAN_POINT('',(0.,71.));
#3998 = VECTOR('',#3999,1.);
#3999 = DIRECTION('',(1.,0.));
#4000 = ( GEOMETRIC_REPRESENTATION_CONTEXT(2) 
PARAMETRIC_REPRESENTATION_CONTEXT() REPRESENTATION_CONTEXT('2D SPACE',''
  ) );
#4001 = ORIENTED_EDGE('',*,*,#3954,.T.);
#4002 = ORIENTED_EDGE('',*,*,#1111,.T.);
#4003 = ORIENTED_EDGE('',*,*,#4004,.F.);
#4004 = EDGE_CURVE('',#3980,#1112,#4005,.T.);
#4005 = SURFACE_CURVE('',#4006,(#4010,#4017),.PCURVE_S1.);
#4006 = LINE('',#4007,#4008);
#4007 = CARTESIAN_POINT('',(63.5,75.5,29.45));
#4008 = VECTOR('',#4009,1.);
#4009 = DIRECTION('',(0.,0.,1.));
#4010 = PCURVE('',#1127,#4011);
#4011 = DEFINITIONAL_REPRESENTATION('',(#4012),#4016);
#4012 = LINE('',#4013,#4014);
#4013 = CARTESIAN_POINT('',(0.,1.));
#4014 = VECTOR('',#4015,1.);
#4015 = DIRECTION('',(1.,0.));
#4016 = ( GEOMETRIC_REPRESENTATION_CONTEXT(2) 
PARAMETRIC_REPRESENTATION_CONTEXT() REPRESENTATION_CONTEXT('2D SPACE',''
  ) );
#4017 = PCURVE('',#1155,#4018);
#4018 = DEFINITIONAL_REPRESENTATION('',(#4019),#4023);
#4019 = LINE('',#4020,#4021);
#4020 = CARTESIAN_POINT('',(0.,-71.));
#4021 = VECTOR('',#4022,1.);
#4022 = DIRECTION('',(1.,0.));
#4023 = ( GEOMETRIC_REPRESENTATION_CONTEXT(2) 
PARAMETRIC_REPRESENTATION_CONTEXT() REPRESENTATION_CONTEXT('2D SPACE',''
  ) );
#4024 = ADVANCED_FACE('',(#4025),#1181,.T.);
#4025 = FACE_BOUND('',#4026,.T.);
#4026 = EDGE_LOOP('',(#4027,#4050,#4051,#4052));
#4027 = ORIENTED_EDGE('',*,*,#4028,.F.);
#4028 = EDGE_CURVE('',#3904,#4029,#4031,.T.);
#4029 = VERTEX_POINT('',#4030);
#4030 = CARTESIAN_POINT('',(63.5,4.5,29.45));
#4031 = SURFACE_CURVE('',#4032,(#4036,#4043),.PCURVE_S1.);
#4032 = LINE('',#4033,#4034);
#4033 = CARTESIAN_POINT('',(62.5,4.5,29.45));
#4034 = VECTOR('',#4035,1.);
#4035 = DIRECTION('',(1.,0.,0.));
#4036 = PCURVE('',#1181,#4037);
#4037 = DEFINITIONAL_REPRESENTATION('',(#4038),#4042);
#4038 = LINE('',#4039,#4040);
#4039 = CARTESIAN_POINT('',(0.,0.));
#4040 = VECTOR('',#4041,1.);
#4041 = DIRECTION('',(0.,1.));
#4042 = ( GEOMETRIC_REPRESENTATION_CONTEXT(2) 
PARAMETRIC_REPRESENTATION_CONTEXT() REPRESENTATION_CONTEXT('2D SPACE',''
  ) );
#4043 = PCURVE('',#3942,#4044);
#4044 = DEFINITIONAL_REPRESENTATION('',(#4045),#4049);
#4045 = LINE('',#4046,#4047);
#4046 = CARTESIAN_POINT('',(0.,0.));
#4047 = VECTOR('',#4048,1.);
#4048 = DIRECTION('',(1.,0.));
#4049 = ( GEOMETRIC_REPRESENTATION_CONTEXT(2) 
PARAMETRIC_REPRESENTATION_CONTEXT() REPRESENTATION_CONTEXT('2D SPACE',''
  ) );
#4050 = ORIENTED_EDGE('',*,*,#3903,.T.);
#4051 = ORIENTED_EDGE('',*,*,#1167,.T.);
#4052 = ORIENTED_EDGE('',*,*,#4053,.F.);
#4053 = EDGE_CURVE('',#4029,#1140,#4054,.T.);
#4054 = SURFACE_CURVE('',#4055,(#4059,#4066),.PCURVE_S1.);
#4055 = LINE('',#4056,#4057);
#4056 = CARTESIAN_POINT('',(63.5,4.5,29.45));
#4057 = VECTOR('',#4058,1.);
#4058 = DIRECTION('',(0.,0.,1.));
#4059 = PCURVE('',#1181,#4060);
#4060 = DEFINITIONAL_REPRESENTATION('',(#4061),#4065);
#4061 = LINE('',#4062,#4063);
#4062 = CARTESIAN_POINT('',(0.,1.));
#4063 = VECTOR('',#4064,1.);
#4064 = DIRECTION('',(1.,0.));
#4065 = ( GEOMETRIC_REPRESENTATION_CONTEXT(2) 
PARAMETRIC_REPRESENTATION_CONTEXT() REPRESENTATION_CONTEXT('2D SPACE',''
  ) );
#4066 = PCURVE('',#1155,#4067);
#4067 = DEFINITIONAL_REPRESENTATION('',(#4068),#4072);
#4068 = LINE('',#4069,#4070);
#4069 = CARTESIAN_POINT('',(0.,0.));
#4070 = VECTOR('',#4071,1.);
#4071 = DIRECTION('',(1.,0.));
#4072 = ( GEOMETRIC_REPRESENTATION_CONTEXT(2) 
PARAMETRIC_REPRESENTATION_CONTEXT() REPRESENTATION_CONTEXT('2D SPACE',''
  ) );
#4073 = ADVANCED_FACE('',(#4074),#1155,.F.);
#4074 = FACE_BOUND('',#4075,.F.);
#4075 = EDGE_LOOP('',(#4076,#4077,#4098,#4099));
#4076 = ORIENTED_EDGE('',*,*,#4053,.F.);
#4077 = ORIENTED_EDGE('',*,*,#4078,.T.);
#4078 = EDGE_CURVE('',#4029,#3980,#4079,.T.);
#4079 = SURFACE_CURVE('',#4080,(#4084,#4091),.PCURVE_S1.);
#4080 = LINE('',#4081,#4082);
#4081 = CARTESIAN_POINT('',(63.5,4.5,29.45));
#4082 = VECTOR('',#4083,1.);
#4083 = DIRECTION('',(0.,1.,0.));
#4084 = PCURVE('',#1155,#4085);
#4085 = DEFINITIONAL_REPRESENTATION('',(#4086),#4090);
#4086 = LINE('',#4087,#4088);
#4087 = CARTESIAN_POINT('',(0.,0.));
#4088 = VECTOR('',#4089,1.);
#4089 = DIRECTION('',(0.,-1.));
#4090 = ( GEOMETRIC_REPRESENTATION_CONTEXT(2) 
PARAMETRIC_REPRESENTATION_CONTEXT() REPRESENTATION_CONTEXT('2D SPACE',''
  ) );
#4091 = PCURVE('',#3942,#4092);
#4092 = DEFINITIONAL_REPRESENTATION('',(#4093),#4097);
#4093 = LINE('',#4094,#4095);
#4094 = CARTESIAN_POINT('',(1.,0.));
#4095 = VECTOR('',#4096,1.);
#4096 = DIRECTION('',(0.,1.));
#4097 = ( GEOMETRIC_REPRESENTATION_CONTEXT(2) 
PARAMETRIC_REPRESENTATION_CONTEXT() REPRESENTATION_CONTEXT('2D SPACE',''
  ) );
#4098 = ORIENTED_EDGE('',*,*,#4004,.T.);
#4099 = ORIENTED_EDGE('',*,*,#1139,.F.);
#4100 = ADVANCED_FACE('',(#4101),#1213,.T.);
#4101 = FACE_BOUND('',#4102,.T.);
#4102 = EDGE_LOOP('',(#4103,#4126,#4154,#4175));
#4103 = ORIENTED_EDGE('',*,*,#4104,.F.);
#4104 = EDGE_CURVE('',#4105,#1196,#4107,.T.);
#4105 = VERTEX_POINT('',#4106);
#4106 = CARTESIAN_POINT('',(70.5,4.5,29.45));
#4107 = SURFACE_CURVE('',#4108,(#4112,#4119),.PCURVE_S1.);
#4108 = LINE('',#4109,#4110);
#4109 = CARTESIAN_POINT('',(70.5,4.5,29.45));
#4110 = VECTOR('',#4111,1.);
#4111 = DIRECTION('',(0.,0.,1.));
#4112 = PCURVE('',#1213,#4113);
#4113 = DEFINITIONAL_REPRESENTATION('',(#4114),#4118);
#4114 = LINE('',#4115,#4116);
#4115 = CARTESIAN_POINT('',(0.,0.));
#4116 = VECTOR('',#4117,1.);
#4117 = DIRECTION('',(1.,0.));
#4118 = ( GEOMETRIC_REPRESENTATION_CONTEXT(2) 
PARAMETRIC_REPRESENTATION_CONTEXT() REPRESENTATION_CONTEXT('2D SPACE',''
  ) );
#4119 = PCURVE('',#1295,#4120);
#4120 = DEFINITIONAL_REPRESENTATION('',(#4121),#4125);
#4121 = LINE('',#4122,#4123);
#4122 = CARTESIAN_POINT('',(0.,0.));
#4123 = VECTOR('',#4124,1.);
#4124 = DIRECTION('',(1.,0.));
#4125 = ( GEOMETRIC_REPRESENTATION_CONTEXT(2) 
PARAMETRIC_REPRESENTATION_CONTEXT() REPRESENTATION_CONTEXT('2D SPACE',''
  ) );
#4126 = ORIENTED_EDGE('',*,*,#4127,.T.);
#4127 = EDGE_CURVE('',#4105,#4128,#4130,.T.);
#4128 = VERTEX_POINT('',#4129);
#4129 = CARTESIAN_POINT('',(70.5,75.5,29.45));
#4130 = SURFACE_CURVE('',#4131,(#4135,#4142),.PCURVE_S1.);
#4131 = LINE('',#4132,#4133);
#4132 = CARTESIAN_POINT('',(70.5,4.5,29.45));
#4133 = VECTOR('',#4134,1.);
#4134 = DIRECTION('',(0.,1.,0.));
#4135 = PCURVE('',#1213,#4136);
#4136 = DEFINITIONAL_REPRESENTATION('',(#4137),#4141);
#4137 = LINE('',#4138,#4139);
#4138 = CARTESIAN_POINT('',(0.,0.));
#4139 = VECTOR('',#4140,1.);
#4140 = DIRECTION('',(0.,-1.));
#4141 = ( GEOMETRIC_REPRESENTATION_CONTEXT(2) 
PARAMETRIC_REPRESENTATION_CONTEXT() REPRESENTATION_CONTEXT('2D SPACE',''
  ) );
#4142 = PCURVE('',#4143,#4148);
#4143 = PLANE('',#4144);
#4144 = AXIS2_PLACEMENT_3D('',#4145,#4146,#4147);
#4145 = CARTESIAN_POINT('',(70.5,4.5,29.45));
#4146 = DIRECTION('',(0.,0.,1.));
#4147 = DIRECTION('',(1.,0.,0.));
#4148 = DEFINITIONAL_REPRESENTATION('',(#4149),#4153);
#4149 = LINE('',#4150,#4151);
#4150 = CARTESIAN_POINT('',(0.,0.));
#4151 = VECTOR('',#4152,1.);
#4152 = DIRECTION('',(0.,1.));
#4153 = ( GEOMETRIC_REPRESENTATION_CONTEXT(2) 
PARAMETRIC_REPRESENTATION_CONTEXT() REPRESENTATION_CONTEXT('2D SPACE',''
  ) );
#4154 = ORIENTED_EDGE('',*,*,#4155,.T.);
#4155 = EDGE_CURVE('',#4128,#1198,#4156,.T.);
#4156 = SURFACE_CURVE('',#4157,(#4161,#4168),.PCURVE_S1.);
#4157 = LINE('',#4158,#4159);
#4158 = CARTESIAN_POINT('',(70.5,75.5,29.45));
#4159 = VECTOR('',#4160,1.);
#4160 = DIRECTION('',(0.,0.,1.));
#4161 = PCURVE('',#1213,#4162);
#4162 = DEFINITIONAL_REPRESENTATION('',(#4163),#4167);
#4163 = LINE('',#4164,#4165);
#4164 = CARTESIAN_POINT('',(0.,-71.));
#4165 = VECTOR('',#4166,1.);
#4166 = DIRECTION('',(1.,0.));
#4167 = ( GEOMETRIC_REPRESENTATION_CONTEXT(2) 
PARAMETRIC_REPRESENTATION_CONTEXT() REPRESENTATION_CONTEXT('2D SPACE',''
  ) );
#4168 = PCURVE('',#1241,#4169);
#4169 = DEFINITIONAL_REPRESENTATION('',(#4170),#4174);
#4170 = LINE('',#4171,#4172);
#4171 = CARTESIAN_POINT('',(0.,0.));
#4172 = VECTOR('',#4173,1.);
#4173 = DIRECTION('',(1.,0.));
#4174 = ( GEOMETRIC_REPRESENTATION_CONTEXT(2) 
PARAMETRIC_REPRESENTATION_CONTEXT() REPRESENTATION_CONTEXT('2D SPACE',''
  ) );
#4175 = ORIENTED_EDGE('',*,*,#1195,.F.);
#4176 = ADVANCED_FACE('',(#4177),#1241,.F.);
#4177 = FACE_BOUND('',#4178,.F.);
#4178 = EDGE_LOOP('',(#4179,#4202,#4203,#4204));
#4179 = ORIENTED_EDGE('',*,*,#4180,.F.);
#4180 = EDGE_CURVE('',#4128,#4181,#4183,.T.);
#4181 = VERTEX_POINT('',#4182);
#4182 = CARTESIAN_POINT('',(71.5,75.5,29.45));
#4183 = SURFACE_CURVE('',#4184,(#4188,#4195),.PCURVE_S1.);
#4184 = LINE('',#4185,#4186);
#4185 = CARTESIAN_POINT('',(70.5,75.5,29.45));
#4186 = VECTOR('',#4187,1.);
#4187 = DIRECTION('',(1.,0.,0.));
#4188 = PCURVE('',#1241,#4189);
#4189 = DEFINITIONAL_REPRESENTATION('',(#4190),#4194);
#4190 = LINE('',#4191,#4192);
#4191 = CARTESIAN_POINT('',(0.,0.));
#4192 = VECTOR('',#4193,1.);
#4193 = DIRECTION('',(0.,1.));
#4194 = ( GEOMETRIC_REPRESENTATION_CONTEXT(2) 
PARAMETRIC_REPRESENTATION_CONTEXT() REPRESENTATION_CONTEXT('2D SPACE',''
  ) );
#4195 = PCURVE('',#4143,#4196);
#4196 = DEFINITIONAL_REPRESENTATION('',(#4197),#4201);
#4197 = LINE('',#4198,#4199);
#4198 = CARTESIAN_POINT('',(0.,71.));
#4199 = VECTOR('',#4200,1.);
#4200 = DIRECTION('',(1.,0.));
#4201 = ( GEOMETRIC_REPRESENTATION_CONTEXT(2) 
PARAMETRIC_REPRESENTATION_CONTEXT() REPRESENTATION_CONTEXT('2D SPACE',''
  ) );
#4202 = ORIENTED_EDGE('',*,*,#4155,.T.);
#4203 = ORIENTED_EDGE('',*,*,#1225,.T.);
#4204 = ORIENTED_EDGE('',*,*,#4205,.F.);
#4205 = EDGE_CURVE('',#4181,#1226,#4206,.T.);
#4206 = SURFACE_CURVE('',#4207,(#4211,#4218),.PCURVE_S1.);
#4207 = LINE('',#4208,#4209);
#4208 = CARTESIAN_POINT('',(71.5,75.5,29.45));
#4209 = VECTOR('',#4210,1.);
#4210 = DIRECTION('',(0.,0.,1.));
#4211 = PCURVE('',#1241,#4212);
#4212 = DEFINITIONAL_REPRESENTATION('',(#4213),#4217);
#4213 = LINE('',#4214,#4215);
#4214 = CARTESIAN_POINT('',(0.,1.));
#4215 = VECTOR('',#4216,1.);
#4216 = DIRECTION('',(1.,0.));
#4217 = ( GEOMETRIC_REPRESENTATION_CONTEXT(2) 
PARAMETRIC_REPRESENTATION_CONTEXT() REPRESENTATION_CONTEXT('2D SPACE',''
  ) );
#4218 = PCURVE('',#1269,#4219);
#4219 = DEFINITIONAL_REPRESENTATION('',(#4220),#4224);
#4220 = LINE('',#4221,#4222);
#4221 = CARTESIAN_POINT('',(0.,-71.));
#4222 = VECTOR('',#4223,1.);
#4223 = DIRECTION('',(1.,0.));
#4224 = ( GEOMETRIC_REPRESENTATION_CONTEXT(2) 
PARAMETRIC_REPRESENTATION_CONTEXT() REPRESENTATION_CONTEXT('2D SPACE',''
  ) );
#4225 = ADVANCED_FACE('',(#4226),#1295,.T.);
#4226 = FACE_BOUND('',#4227,.T.);
#4227 = EDGE_LOOP('',(#4228,#4251,#4252,#4253));
#4228 = ORIENTED_EDGE('',*,*,#4229,.F.);
#4229 = EDGE_CURVE('',#4105,#4230,#4232,.T.);
#4230 = VERTEX_POINT('',#4231);
#4231 = CARTESIAN_POINT('',(71.5,4.5,29.45));
#4232 = SURFACE_CURVE('',#4233,(#4237,#4244),.PCURVE_S1.);
#4233 = LINE('',#4234,#4235);
#4234 = CARTESIAN_POINT('',(70.5,4.5,29.45));
#4235 = VECTOR('',#4236,1.);
#4236 = DIRECTION('',(1.,0.,0.));
#4237 = PCURVE('',#1295,#4238);
#4238 = DEFINITIONAL_REPRESENTATION('',(#4239),#4243);
#4239 = LINE('',#4240,#4241);
#4240 = CARTESIAN_POINT('',(0.,0.));
#4241 = VECTOR('',#4242,1.);
#4242 = DIRECTION('',(0.,1.));
#4243 = ( GEOMETRIC_REPRESENTATION_CONTEXT(2) 
PARAMETRIC_REPRESENTATION_CONTEXT() REPRESENTATION_CONTEXT('2D SPACE',''
  ) );
#4244 = PCURVE('',#4143,#4245);
#4245 = DEFINITIONAL_REPRESENTATION('',(#4246),#4250);
#4246 = LINE('',#4247,#4248);
#4247 = CARTESIAN_POINT('',(0.,0.));
#4248 = VECTOR('',#4249,1.);
#4249 = DIRECTION('',(1.,0.));
#4250 = ( GEOMETRIC_REPRESENTATION_CONTEXT(2) 
PARAMETRIC_REPRESENTATION_CONTEXT() REPRESENTATION_CONTEXT('2D SPACE',''
  ) );
#4251 = ORIENTED_EDGE('',*,*,#4104,.T.);
#4252 = ORIENTED_EDGE('',*,*,#1281,.T.);
#4253 = ORIENTED_EDGE('',*,*,#4254,.F.);
#4254 = EDGE_CURVE('',#4230,#1254,#4255,.T.);
#4255 = SURFACE_CURVE('',#4256,(#4260,#4267),.PCURVE_S1.);
#4256 = LINE('',#4257,#4258);
#4257 = CARTESIAN_POINT('',(71.5,4.5,29.45));
#4258 = VECTOR('',#4259,1.);
#4259 = DIRECTION('',(0.,0.,1.));
#4260 = PCURVE('',#1295,#4261);
#4261 = DEFINITIONAL_REPRESENTATION('',(#4262),#4266);
#4262 = LINE('',#4263,#4264);
#4263 = CARTESIAN_POINT('',(0.,1.));
#4264 = VECTOR('',#4265,1.);
#4265 = DIRECTION('',(1.,0.));
#4266 = ( GEOMETRIC_REPRESENTATION_CONTEXT(2) 
PARAMETRIC_REPRESENTATION_CONTEXT() REPRESENTATION_CONTEXT('2D SPACE',''
  ) );
#4267 = PCURVE('',#1269,#4268);
#4268 = DEFINITIONAL_REPRESENTATION('',(#4269),#4273);
#4269 = LINE('',#4270,#4271);
#4270 = CARTESIAN_POINT('',(0.,0.));
#4271 = VECTOR('',#4272,1.);
#4272 = DIRECTION('',(1.,0.));
#4273 = ( GEOMETRIC_REPRESENTATION_CONTEXT(2) 
PARAMETRIC_REPRESENTATION_CONTEXT() REPRESENTATION_CONTEXT('2D SPACE',''
  ) );
#4274 = ADVANCED_FACE('',(#4275),#1269,.F.);
#4275 = FACE_BOUND('',#4276,.F.);
#4276 = EDGE_LOOP('',(#4277,#4278,#4299,#4300));
#4277 = ORIENTED_EDGE('',*,*,#4254,.F.);
#4278 = ORIENTED_EDGE('',*,*,#4279,.T.);
#4279 = EDGE_CURVE('',#4230,#4181,#4280,.T.);
#4280 = SURFACE_CURVE('',#4281,(#4285,#4292),.PCURVE_S1.);
#4281 = LINE('',#4282,#4283);
#4282 = CARTESIAN_POINT('',(71.5,4.5,29.45));
#4283 = VECTOR('',#4284,1.);
#4284 = DIRECTION('',(0.,1.,0.));
#4285 = PCURVE('',#1269,#4286);
#4286 = DEFINITIONAL_REPRESENTATION('',(#4287),#4291);
#4287 = LINE('',#4288,#4289);
#4288 = CARTESIAN_POINT('',(0.,0.));
#4289 = VECTOR('',#4290,1.);
#4290 = DIRECTION('',(0.,-1.));
#4291 = ( GEOMETRIC_REPRESENTATION_CONTEXT(2) 
PARAMETRIC_REPRESENTATION_CONTEXT() REPRESENTATION_CONTEXT('2D SPACE',''
  ) );
#4292 = PCURVE('',#4143,#4293);
#4293 = DEFINITIONAL_REPRESENTATION('',(#4294),#4298);
#4294 = LINE('',#4295,#4296);
#4295 = CARTESIAN_POINT('',(1.,0.));
#4296 = VECTOR('',#4297,1.);
#4297 = DIRECTION('',(0.,1.));
#4298 = ( GEOMETRIC_REPRESENTATION_CONTEXT(2) 
PARAMETRIC_REPRESENTATION_CONTEXT() REPRESENTATION_CONTEXT('2D SPACE',''
  ) );
#4299 = ORIENTED_EDGE('',*,*,#4205,.T.);
#4300 = ORIENTED_EDGE('',*,*,#1253,.F.);
#4301 = ADVANCED_FACE('',(#4302),#1327,.T.);
#4302 = FACE_BOUND('',#4303,.T.);
#4303 = EDGE_LOOP('',(#4304,#4327,#4355,#4376));
#4304 = ORIENTED_EDGE('',*,*,#4305,.F.);
#4305 = EDGE_CURVE('',#4306,#1310,#4308,.T.);
#4306 = VERTEX_POINT('',#4307);
#4307 = CARTESIAN_POINT('',(78.5,4.5,29.45));
#4308 = SURFACE_CURVE('',#4309,(#4313,#4320),.PCURVE_S1.);
#4309 = LINE('',#4310,#4311);
#4310 = CARTESIAN_POINT('',(78.5,4.5,29.45));
#4311 = VECTOR('',#4312,1.);
#4312 = DIRECTION('',(0.,0.,1.));
#4313 = PCURVE('',#1327,#4314);
#4314 = DEFINITIONAL_REPRESENTATION('',(#4315),#4319);
#4315 = LINE('',#4316,#4317);
#4316 = CARTESIAN_POINT('',(0.,0.));
#4317 = VECTOR('',#4318,1.);
#4318 = DIRECTION('',(1.,0.));
#4319 = ( GEOMETRIC_REPRESENTATION_CONTEXT(2) 
PARAMETRIC_REPRESENTATION_CONTEXT() REPRESENTATION_CONTEXT('2D SPACE',''
  ) );
#4320 = PCURVE('',#1409,#4321);
#4321 = DEFINITIONAL_REPRESENTATION('',(#4322),#4326);
#4322 = LINE('',#4323,#4324);
#4323 = CARTESIAN_POINT('',(0.,0.));
#4324 = VECTOR('',#4325,1.);
#4325 = DIRECTION('',(1.,0.));
#4326 = ( GEOMETRIC_REPRESENTATION_CONTEXT(2) 
PARAMETRIC_REPRESENTATION_CONTEXT() REPRESENTATION_CONTEXT('2D SPACE',''
  ) );
#4327 = ORIENTED_EDGE('',*,*,#4328,.T.);
#4328 = EDGE_CURVE('',#4306,#4329,#4331,.T.);
#4329 = VERTEX_POINT('',#4330);
#4330 = CARTESIAN_POINT('',(78.5,75.5,29.45));
#4331 = SURFACE_CURVE('',#4332,(#4336,#4343),.PCURVE_S1.);
#4332 = LINE('',#4333,#4334);
#4333 = CARTESIAN_POINT('',(78.5,4.5,29.45));
#4334 = VECTOR('',#4335,1.);
#4335 = DIRECTION('',(0.,1.,0.));
#4336 = PCURVE('',#1327,#4337);
#4337 = DEFINITIONAL_REPRESENTATION('',(#4338),#4342);
#4338 = LINE('',#4339,#4340);
#4339 = CARTESIAN_POINT('',(0.,0.));
#4340 = VECTOR('',#4341,1.);
#4341 = DIRECTION('',(0.,-1.));
#4342 = ( GEOMETRIC_REPRESENTATION_CONTEXT(2) 
PARAMETRIC_REPRESENTATION_CONTEXT() REPRESENTATION_CONTEXT('2D SPACE',''
  ) );
#4343 = PCURVE('',#4344,#4349);
#4344 = PLANE('',#4345);
#4345 = AXIS2_PLACEMENT_3D('',#4346,#4347,#4348);
#4346 = CARTESIAN_POINT('',(78.5,4.5,29.45));
#4347 = DIRECTION('',(0.,0.,1.));
#4348 = DIRECTION('',(1.,0.,0.));
#4349 = DEFINITIONAL_REPRESENTATION('',(#4350),#4354);
#4350 = LINE('',#4351,#4352);
#4351 = CARTESIAN_POINT('',(0.,0.));
#4352 = VECTOR('',#4353,1.);
#4353 = DIRECTION('',(0.,1.));
#4354 = ( GEOMETRIC_REPRESENTATION_CONTEXT(2) 
PARAMETRIC_REPRESENTATION_CONTEXT() REPRESENTATION_CONTEXT('2D SPACE',''
  ) );
#4355 = ORIENTED_EDGE('',*,*,#4356,.T.);
#4356 = EDGE_CURVE('',#4329,#1312,#4357,.T.);
#4357 = SURFACE_CURVE('',#4358,(#4362,#4369),.PCURVE_S1.);
#4358 = LINE('',#4359,#4360);
#4359 = CARTESIAN_POINT('',(78.5,75.5,29.45));
#4360 = VECTOR('',#4361,1.);
#4361 = DIRECTION('',(0.,0.,1.));
#4362 = PCURVE('',#1327,#4363);
#4363 = DEFINITIONAL_REPRESENTATION('',(#4364),#4368);
#4364 = LINE('',#4365,#4366);
#4365 = CARTESIAN_POINT('',(0.,-71.));
#4366 = VECTOR('',#4367,1.);
#4367 = DIRECTION('',(1.,0.));
#4368 = ( GEOMETRIC_REPRESENTATION_CONTEXT(2) 
PARAMETRIC_REPRESENTATION_CONTEXT() REPRESENTATION_CONTEXT('2D SPACE',''
  ) );
#4369 = PCURVE('',#1355,#4370);
#4370 = DEFINITIONAL_REPRESENTATION('',(#4371),#4375);
#4371 = LINE('',#4372,#4373);
#4372 = CARTESIAN_POINT('',(0.,0.));
#4373 = VECTOR('',#4374,1.);
#4374 = DIRECTION('',(1.,0.));
#4375 = ( GEOMETRIC_REPRESENTATION_CONTEXT(2) 
PARAMETRIC_REPRESENTATION_CONTEXT() REPRESENTATION_CONTEXT('2D SPACE',''
  ) );
#4376 = ORIENTED_EDGE('',*,*,#1309,.F.);
#4377 = ADVANCED_FACE('',(#4378),#1355,.F.);
#4378 = FACE_BOUND('',#4379,.F.);
#4379 = EDGE_LOOP('',(#4380,#4403,#4404,#4405));
#4380 = ORIENTED_EDGE('',*,*,#4381,.F.);
#4381 = EDGE_CURVE('',#4329,#4382,#4384,.T.);
#4382 = VERTEX_POINT('',#4383);
#4383 = CARTESIAN_POINT('',(79.5,75.5,29.45));
#4384 = SURFACE_CURVE('',#4385,(#4389,#4396),.PCURVE_S1.);
#4385 = LINE('',#4386,#4387);
#4386 = CARTESIAN_POINT('',(78.5,75.5,29.45));
#4387 = VECTOR('',#4388,1.);
#4388 = DIRECTION('',(1.,0.,0.));
#4389 = PCURVE('',#1355,#4390);
#4390 = DEFINITIONAL_REPRESENTATION('',(#4391),#4395);
#4391 = LINE('',#4392,#4393);
#4392 = CARTESIAN_POINT('',(0.,0.));
#4393 = VECTOR('',#4394,1.);
#4394 = DIRECTION('',(0.,1.));
#4395 = ( GEOMETRIC_REPRESENTATION_CONTEXT(2) 
PARAMETRIC_REPRESENTATION_CONTEXT() REPRESENTATION_CONTEXT('2D SPACE',''
  ) );
#4396 = PCURVE('',#4344,#4397);
#4397 = DEFINITIONAL_REPRESENTATION('',(#4398),#4402);
#4398 = LINE('',#4399,#4400);
#4399 = CARTESIAN_POINT('',(0.,71.));
#4400 = VECTOR('',#4401,1.);
#4401 = DIRECTION('',(1.,0.));
#4402 = ( GEOMETRIC_REPRESENTATION_CONTEXT(2) 
PARAMETRIC_REPRESENTATION_CONTEXT() REPRESENTATION_CONTEXT('2D SPACE',''
  ) );
#4403 = ORIENTED_EDGE('',*,*,#4356,.T.);
#4404 = ORIENTED_EDGE('',*,*,#1339,.T.);
#4405 = ORIENTED_EDGE('',*,*,#4406,.F.);
#4406 = EDGE_CURVE('',#4382,#1340,#4407,.T.);
#4407 = SURFACE_CURVE('',#4408,(#4412,#4419),.PCURVE_S1.);
#4408 = LINE('',#4409,#4410);
#4409 = CARTESIAN_POINT('',(79.5,75.5,29.45));
#4410 = VECTOR('',#4411,1.);
#4411 = DIRECTION('',(0.,0.,1.));
#4412 = PCURVE('',#1355,#4413);
#4413 = DEFINITIONAL_REPRESENTATION('',(#4414),#4418);
#4414 = LINE('',#4415,#4416);
#4415 = CARTESIAN_POINT('',(0.,1.));
#4416 = VECTOR('',#4417,1.);
#4417 = DIRECTION('',(1.,0.));
#4418 = ( GEOMETRIC_REPRESENTATION_CONTEXT(2) 
PARAMETRIC_REPRESENTATION_CONTEXT() REPRESENTATION_CONTEXT('2D SPACE',''
  ) );
#4419 = PCURVE('',#1383,#4420);
#4420 = DEFINITIONAL_REPRESENTATION('',(#4421),#4425);
#4421 = LINE('',#4422,#4423);
#4422 = CARTESIAN_POINT('',(0.,-71.));
#4423 = VECTOR('',#4424,1.);
#4424 = DIRECTION('',(1.,0.));
#4425 = ( GEOMETRIC_REPRESENTATION_CONTEXT(2) 
PARAMETRIC_REPRESENTATION_CONTEXT() REPRESENTATION_CONTEXT('2D SPACE',''
  ) );
#4426 = ADVANCED_FACE('',(#4427),#1409,.T.);
#4427 = FACE_BOUND('',#4428,.T.);
#4428 = EDGE_LOOP('',(#4429,#4452,#4453,#4454));
#4429 = ORIENTED_EDGE('',*,*,#4430,.F.);
#4430 = EDGE_CURVE('',#4306,#4431,#4433,.T.);
#4431 = VERTEX_POINT('',#4432);
#4432 = CARTESIAN_POINT('',(79.5,4.5,29.45));
#4433 = SURFACE_CURVE('',#4434,(#4438,#4445),.PCURVE_S1.);
#4434 = LINE('',#4435,#4436);
#4435 = CARTESIAN_POINT('',(78.5,4.5,29.45));
#4436 = VECTOR('',#4437,1.);
#4437 = DIRECTION('',(1.,0.,0.));
#4438 = PCURVE('',#1409,#4439);
#4439 = DEFINITIONAL_REPRESENTATION('',(#4440),#4444);
#4440 = LINE('',#4441,#4442);
#4441 = CARTESIAN_POINT('',(0.,0.));
#4442 = VECTOR('',#4443,1.);
#4443 = DIRECTION('',(0.,1.));
#4444 = ( GEOMETRIC_REPRESENTATION_CONTEXT(2) 
PARAMETRIC_REPRESENTATION_CONTEXT() REPRESENTATION_CONTEXT('2D SPACE',''
  ) );
#4445 = PCURVE('',#4344,#4446);
#4446 = DEFINITIONAL_REPRESENTATION('',(#4447),#4451);
#4447 = LINE('',#4448,#4449);
#4448 = CARTESIAN_POINT('',(0.,0.));
#4449 = VECTOR('',#4450,1.);
#4450 = DIRECTION('',(1.,0.));
#4451 = ( GEOMETRIC_REPRESENTATION_CONTEXT(2) 
PARAMETRIC_REPRESENTATION_CONTEXT() REPRESENTATION_CONTEXT('2D SPACE',''
  ) );
#4452 = ORIENTED_EDGE('',*,*,#4305,.T.);
#4453 = ORIENTED_EDGE('',*,*,#1395,.T.);
#4454 = ORIENTED_EDGE('',*,*,#4455,.F.);
#4455 = EDGE_CURVE('',#4431,#1368,#4456,.T.);
#4456 = SURFACE_CURVE('',#4457,(#4461,#4468),.PCURVE_S1.);
#4457 = LINE('',#4458,#4459);
#4458 = CARTESIAN_POINT('',(79.5,4.5,29.45));
#4459 = VECTOR('',#4460,1.);
#4460 = DIRECTION('',(0.,0.,1.));
#4461 = PCURVE('',#1409,#4462);
#4462 = DEFINITIONAL_REPRESENTATION('',(#4463),#4467);
#4463 = LINE('',#4464,#4465);
#4464 = CARTESIAN_POINT('',(0.,1.));
#4465 = VECTOR('',#4466,1.);
#4466 = DIRECTION('',(1.,0.));
#4467 = ( GEOMETRIC_REPRESENTATION_CONTEXT(2) 
PARAMETRIC_REPRESENTATION_CONTEXT() REPRESENTATION_CONTEXT('2D SPACE',''
  ) );
#4468 = PCURVE('',#1383,#4469);
#4469 = DEFINITIONAL_REPRESENTATION('',(#4470),#4474);
#4470 = LINE('',#4471,#4472);
#4471 = CARTESIAN_POINT('',(0.,0.));
#4472 = VECTOR('',#4473,1.);
#4473 = DIRECTION('',(1.,0.));
#4474 = ( GEOMETRIC_REPRESENTATION_CONTEXT(2) 
PARAMETRIC_REPRESENTATION_CONTEXT() REPRESENTATION_CONTEXT('2D SPACE',''
  ) );
#4475 = ADVANCED_FACE('',(#4476),#1383,.F.);
#4476 = FACE_BOUND('',#4477,.F.);
#4477 = EDGE_LOOP('',(#4478,#4479,#4500,#4501));
#4478 = ORIENTED_EDGE('',*,*,#4455,.F.);
#4479 = ORIENTED_EDGE('',*,*,#4480,.T.);
#4480 = EDGE_CURVE('',#4431,#4382,#4481,.T.);
#4481 = SURFACE_CURVE('',#4482,(#4486,#4493),.PCURVE_S1.);
#4482 = LINE('',#4483,#4484);
#4483 = CARTESIAN_POINT('',(79.5,4.5,29.45));
#4484 = VECTOR('',#4485,1.);
#4485 = DIRECTION('',(0.,1.,0.));
#4486 = PCURVE('',#1383,#4487);
#4487 = DEFINITIONAL_REPRESENTATION('',(#4488),#4492);
#4488 = LINE('',#4489,#4490);
#4489 = CARTESIAN_POINT('',(0.,0.));
#4490 = VECTOR('',#4491,1.);
#4491 = DIRECTION('',(0.,-1.));
#4492 = ( GEOMETRIC_REPRESENTATION_CONTEXT(2) 
PARAMETRIC_REPRESENTATION_CONTEXT() REPRESENTATION_CONTEXT('2D SPACE',''
  ) );
#4493 = PCURVE('',#4344,#4494);
#4494 = DEFINITIONAL_REPRESENTATION('',(#4495),#4499);
#4495 = LINE('',#4496,#4497);
#4496 = CARTESIAN_POINT('',(1.,0.));
#4497 = VECTOR('',#4498,1.);
#4498 = DIRECTION('',(0.,1.));
#4499 = ( GEOMETRIC_REPRESENTATION_CONTEXT(2) 
PARAMETRIC_REPRESENTATION_CONTEXT() REPRESENTATION_CONTEXT('2D SPACE',''
  ) );
#4500 = ORIENTED_EDGE('',*,*,#4406,.T.);
#4501 = ORIENTED_EDGE('',*,*,#1367,.F.);
#4502 = ADVANCED_FACE('',(#4503),#1441,.T.);
#4503 = FACE_BOUND('',#4504,.T.);
#4504 = EDGE_LOOP('',(#4505,#4528,#4556,#4577));
#4505 = ORIENTED_EDGE('',*,*,#4506,.F.);
#4506 = EDGE_CURVE('',#4507,#1424,#4509,.T.);
#4507 = VERTEX_POINT('',#4508);
#4508 = CARTESIAN_POINT('',(86.5,4.5,29.45));
#4509 = SURFACE_CURVE('',#4510,(#4514,#4521),.PCURVE_S1.);
#4510 = LINE('',#4511,#4512);
#4511 = CARTESIAN_POINT('',(86.5,4.5,29.45));
#4512 = VECTOR('',#4513,1.);
#4513 = DIRECTION('',(0.,0.,1.));
#4514 = PCURVE('',#1441,#4515);
#4515 = DEFINITIONAL_REPRESENTATION('',(#4516),#4520);
#4516 = LINE('',#4517,#4518);
#4517 = CARTESIAN_POINT('',(0.,0.));
#4518 = VECTOR('',#4519,1.);
#4519 = DIRECTION('',(1.,0.));
#4520 = ( GEOMETRIC_REPRESENTATION_CONTEXT(2) 
PARAMETRIC_REPRESENTATION_CONTEXT() REPRESENTATION_CONTEXT('2D SPACE',''
  ) );
#4521 = PCURVE('',#1523,#4522);
#4522 = DEFINITIONAL_REPRESENTATION('',(#4523),#4527);
#4523 = LINE('',#4524,#4525);
#4524 = CARTESIAN_POINT('',(0.,0.));
#4525 = VECTOR('',#4526,1.);
#4526 = DIRECTION('',(1.,0.));
#4527 = ( GEOMETRIC_REPRESENTATION_CONTEXT(2) 
PARAMETRIC_REPRESENTATION_CONTEXT() REPRESENTATION_CONTEXT('2D SPACE',''
  ) );
#4528 = ORIENTED_EDGE('',*,*,#4529,.T.);
#4529 = EDGE_CURVE('',#4507,#4530,#4532,.T.);
#4530 = VERTEX_POINT('',#4531);
#4531 = CARTESIAN_POINT('',(86.5,75.5,29.45));
#4532 = SURFACE_CURVE('',#4533,(#4537,#4544),.PCURVE_S1.);
#4533 = LINE('',#4534,#4535);
#4534 = CARTESIAN_POINT('',(86.5,4.5,29.45));
#4535 = VECTOR('',#4536,1.);
#4536 = DIRECTION('',(0.,1.,0.));
#4537 = PCURVE('',#1441,#4538);
#4538 = DEFINITIONAL_REPRESENTATION('',(#4539),#4543);
#4539 = LINE('',#4540,#4541);
#4540 = CARTESIAN_POINT('',(0.,0.));
#4541 = VECTOR('',#4542,1.);
#4542 = DIRECTION('',(0.,-1.));
#4543 = ( GEOMETRIC_REPRESENTATION_CONTEXT(2) 
PARAMETRIC_REPRESENTATION_CONTEXT() REPRESENTATION_CONTEXT('2D SPACE',''
  ) );
#4544 = PCURVE('',#4545,#4550);
#4545 = PLANE('',#4546);
#4546 = AXIS2_PLACEMENT_3D('',#4547,#4548,#4549);
#4547 = CARTESIAN_POINT('',(86.5,4.5,29.45));
#4548 = DIRECTION('',(0.,0.,1.));
#4549 = DIRECTION('',(1.,0.,0.));
#4550 = DEFINITIONAL_REPRESENTATION('',(#4551),#4555);
#4551 = LINE('',#4552,#4553);
#4552 = CARTESIAN_POINT('',(0.,0.));
#4553 = VECTOR('',#4554,1.);
#4554 = DIRECTION('',(0.,1.));
#4555 = ( GEOMETRIC_REPRESENTATION_CONTEXT(2) 
PARAMETRIC_REPRESENTATION_CONTEXT() REPRESENTATION_CONTEXT('2D SPACE',''
  ) );
#4556 = ORIENTED_EDGE('',*,*,#4557,.T.);
#4557 = EDGE_CURVE('',#4530,#1426,#4558,.T.);
#4558 = SURFACE_CURVE('',#4559,(#4563,#4570),.PCURVE_S1.);
#4559 = LINE('',#4560,#4561);
#4560 = CARTESIAN_POINT('',(86.5,75.5,29.45));
#4561 = VECTOR('',#4562,1.);
#4562 = DIRECTION('',(0.,0.,1.));
#4563 = PCURVE('',#1441,#4564);
#4564 = DEFINITIONAL_REPRESENTATION('',(#4565),#4569);
#4565 = LINE('',#4566,#4567);
#4566 = CARTESIAN_POINT('',(0.,-71.));
#4567 = VECTOR('',#4568,1.);
#4568 = DIRECTION('',(1.,0.));
#4569 = ( GEOMETRIC_REPRESENTATION_CONTEXT(2) 
PARAMETRIC_REPRESENTATION_CONTEXT() REPRESENTATION_CONTEXT('2D SPACE',''
  ) );
#4570 = PCURVE('',#1469,#4571);
#4571 = DEFINITIONAL_REPRESENTATION('',(#4572),#4576);
#4572 = LINE('',#4573,#4574);
#4573 = CARTESIAN_POINT('',(0.,0.));
#4574 = VECTOR('',#4575,1.);
#4575 = DIRECTION('',(1.,0.));
#4576 = ( GEOMETRIC_REPRESENTATION_CONTEXT(2) 
PARAMETRIC_REPRESENTATION_CONTEXT() REPRESENTATION_CONTEXT('2D SPACE',''
  ) );
#4577 = ORIENTED_EDGE('',*,*,#1423,.F.);
#4578 = ADVANCED_FACE('',(#4579),#1469,.F.);
#4579 = FACE_BOUND('',#4580,.F.);
#4580 = EDGE_LOOP('',(#4581,#4604,#4605,#4606));
#4581 = ORIENTED_EDGE('',*,*,#4582,.F.);
#4582 = EDGE_CURVE('',#4530,#4583,#4585,.T.);
#4583 = VERTEX_POINT('',#4584);
#4584 = CARTESIAN_POINT('',(87.5,75.5,29.45));
#4585 = SURFACE_CURVE('',#4586,(#4590,#4597),.PCURVE_S1.);
#4586 = LINE('',#4587,#4588);
#4587 = CARTESIAN_POINT('',(86.5,75.5,29.45));
#4588 = VECTOR('',#4589,1.);
#4589 = DIRECTION('',(1.,0.,0.));
#4590 = PCURVE('',#1469,#4591);
#4591 = DEFINITIONAL_REPRESENTATION('',(#4592),#4596);
#4592 = LINE('',#4593,#4594);
#4593 = CARTESIAN_POINT('',(0.,0.));
#4594 = VECTOR('',#4595,1.);
#4595 = DIRECTION('',(0.,1.));
#4596 = ( GEOMETRIC_REPRESENTATION_CONTEXT(2) 
PARAMETRIC_REPRESENTATION_CONTEXT() REPRESENTATION_CONTEXT('2D SPACE',''
  ) );
#4597 = PCURVE('',#4545,#4598);
#4598 = DEFINITIONAL_REPRESENTATION('',(#4599),#4603);
#4599 = LINE('',#4600,#4601);
#4600 = CARTESIAN_POINT('',(0.,71.));
#4601 = VECTOR('',#4602,1.);
#4602 = DIRECTION('',(1.,0.));
#4603 = ( GEOMETRIC_REPRESENTATION_CONTEXT(2) 
PARAMETRIC_REPRESENTATION_CONTEXT() REPRESENTATION_CONTEXT('2D SPACE',''
  ) );
#4604 = ORIENTED_EDGE('',*,*,#4557,.T.);
#4605 = ORIENTED_EDGE('',*,*,#1453,.T.);
#4606 = ORIENTED_EDGE('',*,*,#4607,.F.);
#4607 = EDGE_CURVE('',#4583,#1454,#4608,.T.);
#4608 = SURFACE_CURVE('',#4609,(#4613,#4620),.PCURVE_S1.);
#4609 = LINE('',#4610,#4611);
#4610 = CARTESIAN_POINT('',(87.5,75.5,29.45));
#4611 = VECTOR('',#4612,1.);
#4612 = DIRECTION('',(0.,0.,1.));
#4613 = PCURVE('',#1469,#4614);
#4614 = DEFINITIONAL_REPRESENTATION('',(#4615),#4619);
#4615 = LINE('',#4616,#4617);
#4616 = CARTESIAN_POINT('',(0.,1.));
#4617 = VECTOR('',#4618,1.);
#4618 = DIRECTION('',(1.,0.));
#4619 = ( GEOMETRIC_REPRESENTATION_CONTEXT(2) 
PARAMETRIC_REPRESENTATION_CONTEXT() REPRESENTATION_CONTEXT('2D SPACE',''
  ) );
#4620 = PCURVE('',#1497,#4621);
#4621 = DEFINITIONAL_REPRESENTATION('',(#4622),#4626);
#4622 = LINE('',#4623,#4624);
#4623 = CARTESIAN_POINT('',(0.,-71.));
#4624 = VECTOR('',#4625,1.);
#4625 = DIRECTION('',(1.,0.));
#4626 = ( GEOMETRIC_REPRESENTATION_CONTEXT(2) 
PARAMETRIC_REPRESENTATION_CONTEXT() REPRESENTATION_CONTEXT('2D SPACE',''
  ) );
#4627 = ADVANCED_FACE('',(#4628),#1523,.T.);
#4628 = FACE_BOUND('',#4629,.T.);
#4629 = EDGE_LOOP('',(#4630,#4653,#4654,#4655));
#4630 = ORIENTED_EDGE('',*,*,#4631,.F.);
#4631 = EDGE_CURVE('',#4507,#4632,#4634,.T.);
#4632 = VERTEX_POINT('',#4633);
#4633 = CARTESIAN_POINT('',(87.5,4.5,29.45));
#4634 = SURFACE_CURVE('',#4635,(#4639,#4646),.PCURVE_S1.);
#4635 = LINE('',#4636,#4637);
#4636 = CARTESIAN_POINT('',(86.5,4.5,29.45));
#4637 = VECTOR('',#4638,1.);
#4638 = DIRECTION('',(1.,0.,0.));
#4639 = PCURVE('',#1523,#4640);
#4640 = DEFINITIONAL_REPRESENTATION('',(#4641),#4645);
#4641 = LINE('',#4642,#4643);
#4642 = CARTESIAN_POINT('',(0.,0.));
#4643 = VECTOR('',#4644,1.);
#4644 = DIRECTION('',(0.,1.));
#4645 = ( GEOMETRIC_REPRESENTATION_CONTEXT(2) 
PARAMETRIC_REPRESENTATION_CONTEXT() REPRESENTATION_CONTEXT('2D SPACE',''
  ) );
#4646 = PCURVE('',#4545,#4647);
#4647 = DEFINITIONAL_REPRESENTATION('',(#4648),#4652);
#4648 = LINE('',#4649,#4650);
#4649 = CARTESIAN_POINT('',(0.,0.));
#4650 = VECTOR('',#4651,1.);
#4651 = DIRECTION('',(1.,0.));
#4652 = ( GEOMETRIC_REPRESENTATION_CONTEXT(2) 
PARAMETRIC_REPRESENTATION_CONTEXT() REPRESENTATION_CONTEXT('2D SPACE',''
  ) );
#4653 = ORIENTED_EDGE('',*,*,#4506,.T.);
#4654 = ORIENTED_EDGE('',*,*,#1509,.T.);
#4655 = ORIENTED_EDGE('',*,*,#4656,.F.);
#4656 = EDGE_CURVE('',#4632,#1482,#4657,.T.);
#4657 = SURFACE_CURVE('',#4658,(#4662,#4669),.PCURVE_S1.);
#4658 = LINE('',#4659,#4660);
#4659 = CARTESIAN_POINT('',(87.5,4.5,29.45));
#4660 = VECTOR('',#4661,1.);
#4661 = DIRECTION('',(0.,0.,1.));
#4662 = PCURVE('',#1523,#4663);
#4663 = DEFINITIONAL_REPRESENTATION('',(#4664),#4668);
#4664 = LINE('',#4665,#4666);
#4665 = CARTESIAN_POINT('',(0.,1.));
#4666 = VECTOR('',#4667,1.);
#4667 = DIRECTION('',(1.,0.));
#4668 = ( GEOMETRIC_REPRESENTATION_CONTEXT(2) 
PARAMETRIC_REPRESENTATION_CONTEXT() REPRESENTATION_CONTEXT('2D SPACE',''
  ) );
#4669 = PCURVE('',#1497,#4670);
#4670 = DEFINITIONAL_REPRESENTATION('',(#4671),#4675);
#4671 = LINE('',#4672,#4673);
#4672 = CARTESIAN_POINT('',(0.,0.));
#4673 = VECTOR('',#4674,1.);
#4674 = DIRECTION('',(1.,0.));
#4675 = ( GEOMETRIC_REPRESENTATION_CONTEXT(2) 
PARAMETRIC_REPRESENTATION_CONTEXT() REPRESENTATION_CONTEXT('2D SPACE',''
  ) );
#4676 = ADVANCED_FACE('',(#4677),#1497,.F.);
#4677 = FACE_BOUND('',#4678,.F.);
#4678 = EDGE_LOOP('',(#4679,#4680,#4701,#4702));
#4679 = ORIENTED_EDGE('',*,*,#4656,.F.);
#4680 = ORIENTED_EDGE('',*,*,#4681,.T.);
#4681 = EDGE_CURVE('',#4632,#4583,#4682,.T.);
#4682 = SURFACE_CURVE('',#4683,(#4687,#4694),.PCURVE_S1.);
#4683 = LINE('',#4684,#4685);
#4684 = CARTESIAN_POINT('',(87.5,4.5,29.45));
#4685 = VECTOR('',#4686,1.);
#4686 = DIRECTION('',(0.,1.,0.));
#4687 = PCURVE('',#1497,#4688);
#4688 = DEFINITIONAL_REPRESENTATION('',(#4689),#4693);
#4689 = LINE('',#4690,#4691);
#4690 = CARTESIAN_POINT('',(0.,0.));
#4691 = VECTOR('',#4692,1.);
#4692 = DIRECTION('',(0.,-1.));
#4693 = ( GEOMETRIC_REPRESENTATION_CONTEXT(2) 
PARAMETRIC_REPRESENTATION_CONTEXT() REPRESENTATION_CONTEXT('2D SPACE',''
  ) );
#4694 = PCURVE('',#4545,#4695);
#4695 = DEFINITIONAL_REPRESENTATION('',(#4696),#4700);
#4696 = LINE('',#4697,#4698);
#4697 = CARTESIAN_POINT('',(1.,0.));
#4698 = VECTOR('',#4699,1.);
#4699 = DIRECTION('',(0.,1.));
#4700 = ( GEOMETRIC_REPRESENTATION_CONTEXT(2) 
PARAMETRIC_REPRESENTATION_CONTEXT() REPRESENTATION_CONTEXT('2D SPACE',''
  ) );
#4701 = ORIENTED_EDGE('',*,*,#4607,.T.);
#4702 = ORIENTED_EDGE('',*,*,#1481,.F.);
#4703 = ADVANCED_FACE('',(#4704),#1555,.T.);
#4704 = FACE_BOUND('',#4705,.T.);
#4705 = EDGE_LOOP('',(#4706,#4729,#4757,#4778));
#4706 = ORIENTED_EDGE('',*,*,#4707,.F.);
#4707 = EDGE_CURVE('',#4708,#1538,#4710,.T.);
#4708 = VERTEX_POINT('',#4709);
#4709 = CARTESIAN_POINT('',(94.5,4.5,29.45));
#4710 = SURFACE_CURVE('',#4711,(#4715,#4722),.PCURVE_S1.);
#4711 = LINE('',#4712,#4713);
#4712 = CARTESIAN_POINT('',(94.5,4.5,29.45));
#4713 = VECTOR('',#4714,1.);
#4714 = DIRECTION('',(0.,0.,1.));
#4715 = PCURVE('',#1555,#4716);
#4716 = DEFINITIONAL_REPRESENTATION('',(#4717),#4721);
#4717 = LINE('',#4718,#4719);
#4718 = CARTESIAN_POINT('',(0.,0.));
#4719 = VECTOR('',#4720,1.);
#4720 = DIRECTION('',(1.,0.));
#4721 = ( GEOMETRIC_REPRESENTATION_CONTEXT(2) 
PARAMETRIC_REPRESENTATION_CONTEXT() REPRESENTATION_CONTEXT('2D SPACE',''
  ) );
#4722 = PCURVE('',#1637,#4723);
#4723 = DEFINITIONAL_REPRESENTATION('',(#4724),#4728);
#4724 = LINE('',#4725,#4726);
#4725 = CARTESIAN_POINT('',(0.,0.));
#4726 = VECTOR('',#4727,1.);
#4727 = DIRECTION('',(1.,0.));
#4728 = ( GEOMETRIC_REPRESENTATION_CONTEXT(2) 
PARAMETRIC_REPRESENTATION_CONTEXT() REPRESENTATION_CONTEXT('2D SPACE',''
  ) );
#4729 = ORIENTED_EDGE('',*,*,#4730,.T.);
#4730 = EDGE_CURVE('',#4708,#4731,#4733,.T.);
#4731 = VERTEX_POINT('',#4732);
#4732 = CARTESIAN_POINT('',(94.5,75.5,29.45));
#4733 = SURFACE_CURVE('',#4734,(#4738,#4745),.PCURVE_S1.);
#4734 = LINE('',#4735,#4736);
#4735 = CARTESIAN_POINT('',(94.5,4.5,29.45));
#4736 = VECTOR('',#4737,1.);
#4737 = DIRECTION('',(0.,1.,0.));
#4738 = PCURVE('',#1555,#4739);
#4739 = DEFINITIONAL_REPRESENTATION('',(#4740),#4744);
#4740 = LINE('',#4741,#4742);
#4741 = CARTESIAN_POINT('',(0.,0.));
#4742 = VECTOR('',#4743,1.);
#4743 = DIRECTION('',(0.,-1.));
#4744 = ( GEOMETRIC_REPRESENTATION_CONTEXT(2) 
PARAMETRIC_REPRESENTATION_CONTEXT() REPRESENTATION_CONTEXT('2D SPACE',''
  ) );
#4745 = PCURVE('',#4746,#4751);
#4746 = PLANE('',#4747);
#4747 = AXIS2_PLACEMENT_3D('',#4748,#4749,#4750);
#4748 = CARTESIAN_POINT('',(94.5,4.5,29.45));
#4749 = DIRECTION('',(0.,0.,1.));
#4750 = DIRECTION('',(1.,0.,0.));
#4751 = DEFINITIONAL_REPRESENTATION('',(#4752),#4756);
#4752 = LINE('',#4753,#4754);
#4753 = CARTESIAN_POINT('',(0.,0.));
#4754 = VECTOR('',#4755,1.);
#4755 = DIRECTION('',(0.,1.));
#4756 = ( GEOMETRIC_REPRESENTATION_CONTEXT(2) 
PARAMETRIC_REPRESENTATION_CONTEXT() REPRESENTATION_CONTEXT('2D SPACE',''
  ) );
#4757 = ORIENTED_EDGE('',*,*,#4758,.T.);
#4758 = EDGE_CURVE('',#4731,#1540,#4759,.T.);
#4759 = SURFACE_CURVE('',#4760,(#4764,#4771),.PCURVE_S1.);
#4760 = LINE('',#4761,#4762);
#4761 = CARTESIAN_POINT('',(94.5,75.5,29.45));
#4762 = VECTOR('',#4763,1.);
#4763 = DIRECTION('',(0.,0.,1.));
#4764 = PCURVE('',#1555,#4765);
#4765 = DEFINITIONAL_REPRESENTATION('',(#4766),#4770);
#4766 = LINE('',#4767,#4768);
#4767 = CARTESIAN_POINT('',(0.,-71.));
#4768 = VECTOR('',#4769,1.);
#4769 = DIRECTION('',(1.,0.));
#4770 = ( GEOMETRIC_REPRESENTATION_CONTEXT(2) 
PARAMETRIC_REPRESENTATION_CONTEXT() REPRESENTATION_CONTEXT('2D SPACE',''
  ) );
#4771 = PCURVE('',#1583,#4772);
#4772 = DEFINITIONAL_REPRESENTATION('',(#4773),#4777);
#4773 = LINE('',#4774,#4775);
#4774 = CARTESIAN_POINT('',(0.,0.));
#4775 = VECTOR('',#4776,1.);
#4776 = DIRECTION('',(1.,0.));
#4777 = ( GEOMETRIC_REPRESENTATION_CONTEXT(2) 
PARAMETRIC_REPRESENTATION_CONTEXT() REPRESENTATION_CONTEXT('2D SPACE',''
  ) );
#4778 = ORIENTED_EDGE('',*,*,#1537,.F.);
#4779 = ADVANCED_FACE('',(#4780),#1637,.T.);
#4780 = FACE_BOUND('',#4781,.T.);
#4781 = EDGE_LOOP('',(#4782,#4805,#4806,#4807));
#4782 = ORIENTED_EDGE('',*,*,#4783,.F.);
#4783 = EDGE_CURVE('',#4708,#4784,#4786,.T.);
#4784 = VERTEX_POINT('',#4785);
#4785 = CARTESIAN_POINT('',(95.5,4.5,29.45));
#4786 = SURFACE_CURVE('',#4787,(#4791,#4798),.PCURVE_S1.);
#4787 = LINE('',#4788,#4789);
#4788 = CARTESIAN_POINT('',(94.5,4.5,29.45));
#4789 = VECTOR('',#4790,1.);
#4790 = DIRECTION('',(1.,0.,0.));
#4791 = PCURVE('',#1637,#4792);
#4792 = DEFINITIONAL_REPRESENTATION('',(#4793),#4797);
#4793 = LINE('',#4794,#4795);
#4794 = CARTESIAN_POINT('',(0.,0.));
#4795 = VECTOR('',#4796,1.);
#4796 = DIRECTION('',(0.,1.));
#4797 = ( GEOMETRIC_REPRESENTATION_CONTEXT(2) 
PARAMETRIC_REPRESENTATION_CONTEXT() REPRESENTATION_CONTEXT('2D SPACE',''
  ) );
#4798 = PCURVE('',#4746,#4799);
#4799 = DEFINITIONAL_REPRESENTATION('',(#4800),#4804);
#4800 = LINE('',#4801,#4802);
#4801 = CARTESIAN_POINT('',(0.,0.));
#4802 = VECTOR('',#4803,1.);
#4803 = DIRECTION('',(1.,0.));
#4804 = ( GEOMETRIC_REPRESENTATION_CONTEXT(2) 
PARAMETRIC_REPRESENTATION_CONTEXT() REPRESENTATION_CONTEXT('2D SPACE',''
  ) );
#4805 = ORIENTED_EDGE('',*,*,#4707,.T.);
#4806 = ORIENTED_EDGE('',*,*,#1623,.T.);
#4807 = ORIENTED_EDGE('',*,*,#4808,.F.);
#4808 = EDGE_CURVE('',#4784,#1596,#4809,.T.);
#4809 = SURFACE_CURVE('',#4810,(#4814,#4821),.PCURVE_S1.);
#4810 = LINE('',#4811,#4812);
#4811 = CARTESIAN_POINT('',(95.5,4.5,29.45));
#4812 = VECTOR('',#4813,1.);
#4813 = DIRECTION('',(0.,0.,1.));
#4814 = PCURVE('',#1637,#4815);
#4815 = DEFINITIONAL_REPRESENTATION('',(#4816),#4820);
#4816 = LINE('',#4817,#4818);
#4817 = CARTESIAN_POINT('',(0.,1.));
#4818 = VECTOR('',#4819,1.);
#4819 = DIRECTION('',(1.,0.));
#4820 = ( GEOMETRIC_REPRESENTATION_CONTEXT(2) 
PARAMETRIC_REPRESENTATION_CONTEXT() REPRESENTATION_CONTEXT('2D SPACE',''
  ) );
#4821 = PCURVE('',#1611,#4822);
#4822 = DEFINITIONAL_REPRESENTATION('',(#4823),#4827);
#4823 = LINE('',#4824,#4825);
#4824 = CARTESIAN_POINT('',(0.,0.));
#4825 = VECTOR('',#4826,1.);
#4826 = DIRECTION('',(1.,0.));
#4827 = ( GEOMETRIC_REPRESENTATION_CONTEXT(2) 
PARAMETRIC_REPRESENTATION_CONTEXT() REPRESENTATION_CONTEXT('2D SPACE',''
  ) );
#4828 = ADVANCED_FACE('',(#4829),#1611,.F.);
#4829 = FACE_BOUND('',#4830,.F.);
#4830 = EDGE_LOOP('',(#4831,#4832,#4855,#4876));
#4831 = ORIENTED_EDGE('',*,*,#4808,.F.);
#4832 = ORIENTED_EDGE('',*,*,#4833,.T.);
#4833 = EDGE_CURVE('',#4784,#4834,#4836,.T.);
#4834 = VERTEX_POINT('',#4835);
#4835 = CARTESIAN_POINT('',(95.5,75.5,29.45));
#4836 = SURFACE_CURVE('',#4837,(#4841,#4848),.PCURVE_S1.);
#4837 = LINE('',#4838,#4839);
#4838 = CARTESIAN_POINT('',(95.5,4.5,29.45));
#4839 = VECTOR('',#4840,1.);
#4840 = DIRECTION('',(0.,1.,0.));
#4841 = PCURVE('',#1611,#4842);
#4842 = DEFINITIONAL_REPRESENTATION('',(#4843),#4847);
#4843 = LINE('',#4844,#4845);
#4844 = CARTESIAN_POINT('',(0.,0.));
#4845 = VECTOR('',#4846,1.);
#4846 = DIRECTION('',(0.,-1.));
#4847 = ( GEOMETRIC_REPRESENTATION_CONTEXT(2) 
PARAMETRIC_REPRESENTATION_CONTEXT() REPRESENTATION_CONTEXT('2D SPACE',''
  ) );
#4848 = PCURVE('',#4746,#4849);
#4849 = DEFINITIONAL_REPRESENTATION('',(#4850),#4854);
#4850 = LINE('',#4851,#4852);
#4851 = CARTESIAN_POINT('',(1.,0.));
#4852 = VECTOR('',#4853,1.);
#4853 = DIRECTION('',(0.,1.));
#4854 = ( GEOMETRIC_REPRESENTATION_CONTEXT(2) 
PARAMETRIC_REPRESENTATION_CONTEXT() REPRESENTATION_CONTEXT('2D SPACE',''
  ) );
#4855 = ORIENTED_EDGE('',*,*,#4856,.T.);
#4856 = EDGE_CURVE('',#4834,#1568,#4857,.T.);
#4857 = SURFACE_CURVE('',#4858,(#4862,#4869),.PCURVE_S1.);
#4858 = LINE('',#4859,#4860);
#4859 = CARTESIAN_POINT('',(95.5,75.5,29.45));
#4860 = VECTOR('',#4861,1.);
#4861 = DIRECTION('',(0.,0.,1.));
#4862 = PCURVE('',#1611,#4863);
#4863 = DEFINITIONAL_REPRESENTATION('',(#4864),#4868);
#4864 = LINE('',#4865,#4866);
#4865 = CARTESIAN_POINT('',(0.,-71.));
#4866 = VECTOR('',#4867,1.);
#4867 = DIRECTION('',(1.,0.));
#4868 = ( GEOMETRIC_REPRESENTATION_CONTEXT(2) 
PARAMETRIC_REPRESENTATION_CONTEXT() REPRESENTATION_CONTEXT('2D SPACE',''
  ) );
#4869 = PCURVE('',#1583,#4870);
#4870 = DEFINITIONAL_REPRESENTATION('',(#4871),#4875);
#4871 = LINE('',#4872,#4873);
#4872 = CARTESIAN_POINT('',(0.,1.));
#4873 = VECTOR('',#4874,1.);
#4874 = DIRECTION('',(1.,0.));
#4875 = ( GEOMETRIC_REPRESENTATION_CONTEXT(2) 
PARAMETRIC_REPRESENTATION_CONTEXT() REPRESENTATION_CONTEXT('2D SPACE',''
  ) );
#4876 = ORIENTED_EDGE('',*,*,#1595,.F.);
#4877 = ADVANCED_FACE('',(#4878),#1583,.F.);
#4878 = FACE_BOUND('',#4879,.F.);
#4879 = EDGE_LOOP('',(#4880,#4901,#4902,#4903));
#4880 = ORIENTED_EDGE('',*,*,#4881,.F.);
#4881 = EDGE_CURVE('',#4731,#4834,#4882,.T.);
#4882 = SURFACE_CURVE('',#4883,(#4887,#4894),.PCURVE_S1.);
#4883 = LINE('',#4884,#4885);
#4884 = CARTESIAN_POINT('',(94.5,75.5,29.45));
#4885 = VECTOR('',#4886,1.);
#4886 = DIRECTION('',(1.,0.,0.));
#4887 = PCURVE('',#1583,#4888);
#4888 = DEFINITIONAL_REPRESENTATION('',(#4889),#4893);
#4889 = LINE('',#4890,#4891);
#4890 = CARTESIAN_POINT('',(0.,0.));
#4891 = VECTOR('',#4892,1.);
#4892 = DIRECTION('',(0.,1.));
#4893 = ( GEOMETRIC_REPRESENTATION_CONTEXT(2) 
PARAMETRIC_REPRESENTATION_CONTEXT() REPRESENTATION_CONTEXT('2D SPACE',''
  ) );
#4894 = PCURVE('',#4746,#4895);
#4895 = DEFINITIONAL_REPRESENTATION('',(#4896),#4900);
#4896 = LINE('',#4897,#4898);
#4897 = CARTESIAN_POINT('',(0.,71.));
#4898 = VECTOR('',#4899,1.);
#4899 = DIRECTION('',(1.,0.));
#4900 = ( GEOMETRIC_REPRESENTATION_CONTEXT(2) 
PARAMETRIC_REPRESENTATION_CONTEXT() REPRESENTATION_CONTEXT('2D SPACE',''
  ) );
#4901 = ORIENTED_EDGE('',*,*,#4758,.T.);
#4902 = ORIENTED_EDGE('',*,*,#1567,.T.);
#4903 = ORIENTED_EDGE('',*,*,#4856,.F.);
#4904 = ADVANCED_FACE('',(#4905,#4953),#1884,.F.);
#4905 = FACE_BOUND('',#4906,.F.);
#4906 = EDGE_LOOP('',(#4907,#4908,#4930,#4931));
#4907 = ORIENTED_EDGE('',*,*,#1867,.F.);
#4908 = ORIENTED_EDGE('',*,*,#4909,.T.);
#4909 = EDGE_CURVE('',#1868,#2611,#4910,.T.);
#4910 = SURFACE_CURVE('',#4911,(#4916,#4923),.PCURVE_S1.);
#4911 = CIRCLE('',#4912,3.5);
#4912 = AXIS2_PLACEMENT_3D('',#4913,#4914,#4915);
#4913 = CARTESIAN_POINT('',(5.5,2.5,24.5));
#4914 = DIRECTION('',(0.,1.,0.));
#4915 = DIRECTION('',(0.,-0.,1.));
#4916 = PCURVE('',#1884,#4917);
#4917 = DEFINITIONAL_REPRESENTATION('',(#4918),#4922);
#4918 = CIRCLE('',#4919,3.5);
#4919 = AXIS2_PLACEMENT_2D('',#4920,#4921);
#4920 = CARTESIAN_POINT('',(0.,0.));
#4921 = DIRECTION('',(1.,0.));
#4922 = ( GEOMETRIC_REPRESENTATION_CONTEXT(2) 
PARAMETRIC_REPRESENTATION_CONTEXT() REPRESENTATION_CONTEXT('2D SPACE',''
  ) );
#4923 = PCURVE('',#1960,#4924);
#4924 = DEFINITIONAL_REPRESENTATION('',(#4925),#4929);
#4925 = LINE('',#4926,#4927);
#4926 = CARTESIAN_POINT('',(0.,0.));
#4927 = VECTOR('',#4928,1.);
#4928 = DIRECTION('',(1.,0.));
#4929 = ( GEOMETRIC_REPRESENTATION_CONTEXT(2) 
PARAMETRIC_REPRESENTATION_CONTEXT() REPRESENTATION_CONTEXT('2D SPACE',''
  ) );
#4930 = ORIENTED_EDGE('',*,*,#2610,.T.);
#4931 = ORIENTED_EDGE('',*,*,#4932,.T.);
#4932 = EDGE_CURVE('',#2613,#1870,#4933,.T.);
#4933 = SURFACE_CURVE('',#4934,(#4939,#4946),.PCURVE_S1.);
#4934 = CIRCLE('',#4935,3.5);
#4935 = AXIS2_PLACEMENT_3D('',#4936,#4937,#4938);
#4936 = CARTESIAN_POINT('',(5.5,2.5,24.5));
#4937 = DIRECTION('',(0.,1.,0.));
#4938 = DIRECTION('',(0.,-0.,1.));
#4939 = PCURVE('',#1884,#4940);
#4940 = DEFINITIONAL_REPRESENTATION('',(#4941),#4945);
#4941 = CIRCLE('',#4942,3.5);
#4942 = AXIS2_PLACEMENT_2D('',#4943,#4944);
#4943 = CARTESIAN_POINT('',(0.,0.));
#4944 = DIRECTION('',(1.,0.));
#4945 = ( GEOMETRIC_REPRESENTATION_CONTEXT(2) 
PARAMETRIC_REPRESENTATION_CONTEXT() REPRESENTATION_CONTEXT('2D SPACE',''
  ) );
#4946 = PCURVE('',#1910,#4947);
#4947 = DEFINITIONAL_REPRESENTATION('',(#4948),#4952);
#4948 = LINE('',#4949,#4950);
#4949 = CARTESIAN_POINT('',(0.,0.));
#4950 = VECTOR('',#4951,1.);
#4951 = DIRECTION('',(1.,0.));
#4952 = ( GEOMETRIC_REPRESENTATION_CONTEXT(2) 
PARAMETRIC_REPRESENTATION_CONTEXT() REPRESENTATION_CONTEXT('2D SPACE',''
  ) );
#4953 = FACE_BOUND('',#4954,.F.);
#4954 = EDGE_LOOP('',(#4955));
#4955 = ORIENTED_EDGE('',*,*,#4956,.F.);
#4956 = EDGE_CURVE('',#4957,#4957,#4959,.T.);
#4957 = VERTEX_POINT('',#4958);
#4958 = CARTESIAN_POINT('',(5.5,2.5,25.65));
#4959 = SURFACE_CURVE('',#4960,(#4965,#4972),.PCURVE_S1.);
#4960 = CIRCLE('',#4961,1.15);
#4961 = AXIS2_PLACEMENT_3D('',#4962,#4963,#4964);
#4962 = CARTESIAN_POINT('',(5.5,2.5,24.5));
#4963 = DIRECTION('',(0.,1.,0.));
#4964 = DIRECTION('',(0.,-0.,1.));
#4965 = PCURVE('',#1884,#4966);
#4966 = DEFINITIONAL_REPRESENTATION('',(#4967),#4971);
#4967 = CIRCLE('',#4968,1.15);
#4968 = AXIS2_PLACEMENT_2D('',#4969,#4970);
#4969 = CARTESIAN_POINT('',(0.,0.));
#4970 = DIRECTION('',(1.,0.));
#4971 = ( GEOMETRIC_REPRESENTATION_CONTEXT(2) 
PARAMETRIC_REPRESENTATION_CONTEXT() REPRESENTATION_CONTEXT('2D SPACE',''
  ) );
#4972 = PCURVE('',#4973,#4978);
#4973 = CYLINDRICAL_SURFACE('',#4974,1.15);
#4974 = AXIS2_PLACEMENT_3D('',#4975,#4976,#4977);
#4975 = CARTESIAN_POINT('',(5.5,-1.,24.5));
#4976 = DIRECTION('',(0.,1.,0.));
#4977 = DIRECTION('',(0.,-0.,1.));
#4978 = DEFINITIONAL_REPRESENTATION('',(#4979),#4983);
#4979 = LINE('',#4980,#4981);
#4980 = CARTESIAN_POINT('',(0.,3.5));
#4981 = VECTOR('',#4982,1.);
#4982 = DIRECTION('',(1.,0.));
#4983 = ( GEOMETRIC_REPRESENTATION_CONTEXT(2) 
PARAMETRIC_REPRESENTATION_CONTEXT() REPRESENTATION_CONTEXT('2D SPACE',''
  ) );
#4984 = ADVANCED_FACE('',(#4985),#1960,.T.);
#4985 = FACE_BOUND('',#4986,.T.);
#4986 = EDGE_LOOP('',(#4987,#5009,#5010,#5011));
#4987 = ORIENTED_EDGE('',*,*,#4988,.F.);
#4988 = EDGE_CURVE('',#1922,#2655,#4989,.T.);
#4989 = SURFACE_CURVE('',#4990,(#4995,#5002),.PCURVE_S1.);
#4990 = CIRCLE('',#4991,3.5);
#4991 = AXIS2_PLACEMENT_3D('',#4992,#4993,#4994);
#4992 = CARTESIAN_POINT('',(5.5,77.5,24.5));
#4993 = DIRECTION('',(0.,1.,0.));
#4994 = DIRECTION('',(0.,-0.,1.));
#4995 = PCURVE('',#1960,#4996);
#4996 = DEFINITIONAL_REPRESENTATION('',(#4997),#5001);
#4997 = LINE('',#4998,#4999);
#4998 = CARTESIAN_POINT('',(0.,75.));
#4999 = VECTOR('',#5000,1.);
#5000 = DIRECTION('',(1.,0.));
#5001 = ( GEOMETRIC_REPRESENTATION_CONTEXT(2) 
PARAMETRIC_REPRESENTATION_CONTEXT() REPRESENTATION_CONTEXT('2D SPACE',''
  ) );
#5002 = PCURVE('',#1936,#5003);
#5003 = DEFINITIONAL_REPRESENTATION('',(#5004),#5008);
#5004 = CIRCLE('',#5005,3.5);
#5005 = AXIS2_PLACEMENT_2D('',#5006,#5007);
#5006 = CARTESIAN_POINT('',(0.,0.));
#5007 = DIRECTION('',(1.,0.));
#5008 = ( GEOMETRIC_REPRESENTATION_CONTEXT(2) 
PARAMETRIC_REPRESENTATION_CONTEXT() REPRESENTATION_CONTEXT('2D SPACE',''
  ) );
#5009 = ORIENTED_EDGE('',*,*,#1947,.F.);
#5010 = ORIENTED_EDGE('',*,*,#4909,.T.);
#5011 = ORIENTED_EDGE('',*,*,#2675,.T.);
#5012 = ADVANCED_FACE('',(#5013),#1910,.T.);
#5013 = FACE_BOUND('',#5014,.T.);
#5014 = EDGE_LOOP('',(#5015,#5016,#5038,#5039));
#5015 = ORIENTED_EDGE('',*,*,#1895,.T.);
#5016 = ORIENTED_EDGE('',*,*,#5017,.F.);
#5017 = EDGE_CURVE('',#2634,#1896,#5018,.T.);
#5018 = SURFACE_CURVE('',#5019,(#5024,#5031),.PCURVE_S1.);
#5019 = CIRCLE('',#5020,3.5);
#5020 = AXIS2_PLACEMENT_3D('',#5021,#5022,#5023);
#5021 = CARTESIAN_POINT('',(5.5,77.5,24.5));
#5022 = DIRECTION('',(0.,1.,0.));
#5023 = DIRECTION('',(0.,-0.,1.));
#5024 = PCURVE('',#1910,#5025);
#5025 = DEFINITIONAL_REPRESENTATION('',(#5026),#5030);
#5026 = LINE('',#5027,#5028);
#5027 = CARTESIAN_POINT('',(0.,75.));
#5028 = VECTOR('',#5029,1.);
#5029 = DIRECTION('',(1.,0.));
#5030 = ( GEOMETRIC_REPRESENTATION_CONTEXT(2) 
PARAMETRIC_REPRESENTATION_CONTEXT() REPRESENTATION_CONTEXT('2D SPACE',''
  ) );
#5031 = PCURVE('',#1936,#5032);
#5032 = DEFINITIONAL_REPRESENTATION('',(#5033),#5037);
#5033 = CIRCLE('',#5034,3.5);
#5034 = AXIS2_PLACEMENT_2D('',#5035,#5036);
#5035 = CARTESIAN_POINT('',(0.,0.));
#5036 = DIRECTION('',(1.,0.));
#5037 = ( GEOMETRIC_REPRESENTATION_CONTEXT(2) 
PARAMETRIC_REPRESENTATION_CONTEXT() REPRESENTATION_CONTEXT('2D SPACE',''
  ) );
#5038 = ORIENTED_EDGE('',*,*,#2633,.F.);
#5039 = ORIENTED_EDGE('',*,*,#4932,.T.);
#5040 = ADVANCED_FACE('',(#5041,#5047),#1936,.T.);
#5041 = FACE_BOUND('',#5042,.T.);
#5042 = EDGE_LOOP('',(#5043,#5044,#5045,#5046));
#5043 = ORIENTED_EDGE('',*,*,#1921,.F.);
#5044 = ORIENTED_EDGE('',*,*,#4988,.T.);
#5045 = ORIENTED_EDGE('',*,*,#2654,.T.);
#5046 = ORIENTED_EDGE('',*,*,#5017,.T.);
#5047 = FACE_BOUND('',#5048,.T.);
#5048 = EDGE_LOOP('',(#5049));
#5049 = ORIENTED_EDGE('',*,*,#5050,.F.);
#5050 = EDGE_CURVE('',#5051,#5051,#5053,.T.);
#5051 = VERTEX_POINT('',#5052);
#5052 = CARTESIAN_POINT('',(5.5,77.5,25.65));
#5053 = SURFACE_CURVE('',#5054,(#5059,#5066),.PCURVE_S1.);
#5054 = CIRCLE('',#5055,1.15);
#5055 = AXIS2_PLACEMENT_3D('',#5056,#5057,#5058);
#5056 = CARTESIAN_POINT('',(5.5,77.5,24.5));
#5057 = DIRECTION('',(0.,1.,0.));
#5058 = DIRECTION('',(0.,-0.,1.));
#5059 = PCURVE('',#1936,#5060);
#5060 = DEFINITIONAL_REPRESENTATION('',(#5061),#5065);
#5061 = CIRCLE('',#5062,1.15);
#5062 = AXIS2_PLACEMENT_2D('',#5063,#5064);
#5063 = CARTESIAN_POINT('',(0.,0.));
#5064 = DIRECTION('',(1.,0.));
#5065 = ( GEOMETRIC_REPRESENTATION_CONTEXT(2) 
PARAMETRIC_REPRESENTATION_CONTEXT() REPRESENTATION_CONTEXT('2D SPACE',''
  ) );
#5066 = PCURVE('',#4973,#5067);
#5067 = DEFINITIONAL_REPRESENTATION('',(#5068),#5072);
#5068 = LINE('',#5069,#5070);
#5069 = CARTESIAN_POINT('',(0.,78.5));
#5070 = VECTOR('',#5071,1.);
#5071 = DIRECTION('',(1.,0.));
#5072 = ( GEOMETRIC_REPRESENTATION_CONTEXT(2) 
PARAMETRIC_REPRESENTATION_CONTEXT() REPRESENTATION_CONTEXT('2D SPACE',''
  ) );
#5073 = ADVANCED_FACE('',(#5074,#5122),#1990,.F.);
#5074 = FACE_BOUND('',#5075,.F.);
#5075 = EDGE_LOOP('',(#5076,#5077,#5099,#5100));
#5076 = ORIENTED_EDGE('',*,*,#1973,.F.);
#5077 = ORIENTED_EDGE('',*,*,#5078,.T.);
#5078 = EDGE_CURVE('',#1974,#2215,#5079,.T.);
#5079 = SURFACE_CURVE('',#5080,(#5085,#5092),.PCURVE_S1.);
#5080 = CIRCLE('',#5081,3.5);
#5081 = AXIS2_PLACEMENT_3D('',#5082,#5083,#5084);
#5082 = CARTESIAN_POINT('',(102.5,2.5,24.5));
#5083 = DIRECTION('',(0.,1.,0.));
#5084 = DIRECTION('',(0.,-0.,1.));
#5085 = PCURVE('',#1990,#5086);
#5086 = DEFINITIONAL_REPRESENTATION('',(#5087),#5091);
#5087 = CIRCLE('',#5088,3.5);
#5088 = AXIS2_PLACEMENT_2D('',#5089,#5090);
#5089 = CARTESIAN_POINT('',(0.,0.));
#5090 = DIRECTION('',(1.,0.));
#5091 = ( GEOMETRIC_REPRESENTATION_CONTEXT(2) 
PARAMETRIC_REPRESENTATION_CONTEXT() REPRESENTATION_CONTEXT('2D SPACE',''
  ) );
#5092 = PCURVE('',#2066,#5093);
#5093 = DEFINITIONAL_REPRESENTATION('',(#5094),#5098);
#5094 = LINE('',#5095,#5096);
#5095 = CARTESIAN_POINT('',(0.,0.));
#5096 = VECTOR('',#5097,1.);
#5097 = DIRECTION('',(1.,0.));
#5098 = ( GEOMETRIC_REPRESENTATION_CONTEXT(2) 
PARAMETRIC_REPRESENTATION_CONTEXT() REPRESENTATION_CONTEXT('2D SPACE',''
  ) );
#5099 = ORIENTED_EDGE('',*,*,#2212,.F.);
#5100 = ORIENTED_EDGE('',*,*,#5101,.T.);
#5101 = EDGE_CURVE('',#2213,#1976,#5102,.T.);
#5102 = SURFACE_CURVE('',#5103,(#5108,#5115),.PCURVE_S1.);
#5103 = CIRCLE('',#5104,3.5);
#5104 = AXIS2_PLACEMENT_3D('',#5105,#5106,#5107);
#5105 = CARTESIAN_POINT('',(102.5,2.5,24.5));
#5106 = DIRECTION('',(0.,1.,0.));
#5107 = DIRECTION('',(0.,-0.,1.));
#5108 = PCURVE('',#1990,#5109);
#5109 = DEFINITIONAL_REPRESENTATION('',(#5110),#5114);
#5110 = CIRCLE('',#5111,3.5);
#5111 = AXIS2_PLACEMENT_2D('',#5112,#5113);
#5112 = CARTESIAN_POINT('',(0.,0.));
#5113 = DIRECTION('',(1.,0.));
#5114 = ( GEOMETRIC_REPRESENTATION_CONTEXT(2) 
PARAMETRIC_REPRESENTATION_CONTEXT() REPRESENTATION_CONTEXT('2D SPACE',''
  ) );
#5115 = PCURVE('',#2016,#5116);
#5116 = DEFINITIONAL_REPRESENTATION('',(#5117),#5121);
#5117 = LINE('',#5118,#5119);
#5118 = CARTESIAN_POINT('',(0.,0.));
#5119 = VECTOR('',#5120,1.);
#5120 = DIRECTION('',(1.,0.));
#5121 = ( GEOMETRIC_REPRESENTATION_CONTEXT(2) 
PARAMETRIC_REPRESENTATION_CONTEXT() REPRESENTATION_CONTEXT('2D SPACE',''
  ) );
#5122 = FACE_BOUND('',#5123,.F.);
#5123 = EDGE_LOOP('',(#5124));
#5124 = ORIENTED_EDGE('',*,*,#5125,.F.);
#5125 = EDGE_CURVE('',#5126,#5126,#5128,.T.);
#5126 = VERTEX_POINT('',#5127);
#5127 = CARTESIAN_POINT('',(102.5,2.5,25.65));
#5128 = SURFACE_CURVE('',#5129,(#5134,#5141),.PCURVE_S1.);
#5129 = CIRCLE('',#5130,1.15);
#5130 = AXIS2_PLACEMENT_3D('',#5131,#5132,#5133);
#5131 = CARTESIAN_POINT('',(102.5,2.5,24.5));
#5132 = DIRECTION('',(0.,1.,0.));
#5133 = DIRECTION('',(0.,-0.,1.));
#5134 = PCURVE('',#1990,#5135);
#5135 = DEFINITIONAL_REPRESENTATION('',(#5136),#5140);
#5136 = CIRCLE('',#5137,1.15);
#5137 = AXIS2_PLACEMENT_2D('',#5138,#5139);
#5138 = CARTESIAN_POINT('',(0.,0.));
#5139 = DIRECTION('',(1.,0.));
#5140 = ( GEOMETRIC_REPRESENTATION_CONTEXT(2) 
PARAMETRIC_REPRESENTATION_CONTEXT() REPRESENTATION_CONTEXT('2D SPACE',''
  ) );
#5141 = PCURVE('',#5142,#5147);
#5142 = CYLINDRICAL_SURFACE('',#5143,1.15);
#5143 = AXIS2_PLACEMENT_3D('',#5144,#5145,#5146);
#5144 = CARTESIAN_POINT('',(102.5,-1.,24.5));
#5145 = DIRECTION('',(0.,1.,0.));
#5146 = DIRECTION('',(0.,-0.,1.));
#5147 = DEFINITIONAL_REPRESENTATION('',(#5148),#5152);
#5148 = LINE('',#5149,#5150);
#5149 = CARTESIAN_POINT('',(0.,3.5));
#5150 = VECTOR('',#5151,1.);
#5151 = DIRECTION('',(1.,0.));
#5152 = ( GEOMETRIC_REPRESENTATION_CONTEXT(2) 
PARAMETRIC_REPRESENTATION_CONTEXT() REPRESENTATION_CONTEXT('2D SPACE',''
  ) );
#5153 = ADVANCED_FACE('',(#5154),#2066,.T.);
#5154 = FACE_BOUND('',#5155,.T.);
#5155 = EDGE_LOOP('',(#5156,#5178,#5179,#5180));
#5156 = ORIENTED_EDGE('',*,*,#5157,.F.);
#5157 = EDGE_CURVE('',#2028,#2236,#5158,.T.);
#5158 = SURFACE_CURVE('',#5159,(#5164,#5171),.PCURVE_S1.);
#5159 = CIRCLE('',#5160,3.5);
#5160 = AXIS2_PLACEMENT_3D('',#5161,#5162,#5163);
#5161 = CARTESIAN_POINT('',(102.5,77.5,24.5));
#5162 = DIRECTION('',(0.,1.,0.));
#5163 = DIRECTION('',(0.,-0.,1.));
#5164 = PCURVE('',#2066,#5165);
#5165 = DEFINITIONAL_REPRESENTATION('',(#5166),#5170);
#5166 = LINE('',#5167,#5168);
#5167 = CARTESIAN_POINT('',(0.,75.));
#5168 = VECTOR('',#5169,1.);
#5169 = DIRECTION('',(1.,0.));
#5170 = ( GEOMETRIC_REPRESENTATION_CONTEXT(2) 
PARAMETRIC_REPRESENTATION_CONTEXT() REPRESENTATION_CONTEXT('2D SPACE',''
  ) );
#5171 = PCURVE('',#2042,#5172);
#5172 = DEFINITIONAL_REPRESENTATION('',(#5173),#5177);
#5173 = CIRCLE('',#5174,3.5);
#5174 = AXIS2_PLACEMENT_2D('',#5175,#5176);
#5175 = CARTESIAN_POINT('',(0.,0.));
#5176 = DIRECTION('',(1.,0.));
#5177 = ( GEOMETRIC_REPRESENTATION_CONTEXT(2) 
PARAMETRIC_REPRESENTATION_CONTEXT() REPRESENTATION_CONTEXT('2D SPACE',''
  ) );
#5178 = ORIENTED_EDGE('',*,*,#2053,.F.);
#5179 = ORIENTED_EDGE('',*,*,#5078,.T.);
#5180 = ORIENTED_EDGE('',*,*,#2235,.T.);
#5181 = ADVANCED_FACE('',(#5182,#5209),#2042,.T.);
#5182 = FACE_BOUND('',#5183,.T.);
#5183 = EDGE_LOOP('',(#5184,#5185,#5186,#5187));
#5184 = ORIENTED_EDGE('',*,*,#2027,.F.);
#5185 = ORIENTED_EDGE('',*,*,#5157,.T.);
#5186 = ORIENTED_EDGE('',*,*,#2256,.F.);
#5187 = ORIENTED_EDGE('',*,*,#5188,.T.);
#5188 = EDGE_CURVE('',#2257,#2002,#5189,.T.);
#5189 = SURFACE_CURVE('',#5190,(#5195,#5202),.PCURVE_S1.);
#5190 = CIRCLE('',#5191,3.5);
#5191 = AXIS2_PLACEMENT_3D('',#5192,#5193,#5194);
#5192 = CARTESIAN_POINT('',(102.5,77.5,24.5));
#5193 = DIRECTION('',(0.,1.,0.));
#5194 = DIRECTION('',(0.,-0.,1.));
#5195 = PCURVE('',#2042,#5196);
#5196 = DEFINITIONAL_REPRESENTATION('',(#5197),#5201);
#5197 = CIRCLE('',#5198,3.5);
#5198 = AXIS2_PLACEMENT_2D('',#5199,#5200);
#5199 = CARTESIAN_POINT('',(0.,0.));
#5200 = DIRECTION('',(1.,0.));
#5201 = ( GEOMETRIC_REPRESENTATION_CONTEXT(2) 
PARAMETRIC_REPRESENTATION_CONTEXT() REPRESENTATION_CONTEXT('2D SPACE',''
  ) );
#5202 = PCURVE('',#2016,#5203);
#5203 = DEFINITIONAL_REPRESENTATION('',(#5204),#5208);
#5204 = LINE('',#5205,#5206);
#5205 = CARTESIAN_POINT('',(0.,75.));
#5206 = VECTOR('',#5207,1.);
#5207 = DIRECTION('',(1.,0.));
#5208 = ( GEOMETRIC_REPRESENTATION_CONTEXT(2) 
PARAMETRIC_REPRESENTATION_CONTEXT() REPRESENTATION_CONTEXT('2D SPACE',''
  ) );
#5209 = FACE_BOUND('',#5210,.T.);
#5210 = EDGE_LOOP('',(#5211));
#5211 = ORIENTED_EDGE('',*,*,#5212,.F.);
#5212 = EDGE_CURVE('',#5213,#5213,#5215,.T.);
#5213 = VERTEX_POINT('',#5214);
#5214 = CARTESIAN_POINT('',(102.5,77.5,25.65));
#5215 = SURFACE_CURVE('',#5216,(#5221,#5228),.PCURVE_S1.);
#5216 = CIRCLE('',#5217,1.15);
#5217 = AXIS2_PLACEMENT_3D('',#5218,#5219,#5220);
#5218 = CARTESIAN_POINT('',(102.5,77.5,24.5));
#5219 = DIRECTION('',(0.,1.,0.));
#5220 = DIRECTION('',(0.,-0.,1.));
#5221 = PCURVE('',#2042,#5222);
#5222 = DEFINITIONAL_REPRESENTATION('',(#5223),#5227);
#5223 = CIRCLE('',#5224,1.15);
#5224 = AXIS2_PLACEMENT_2D('',#5225,#5226);
#5225 = CARTESIAN_POINT('',(0.,0.));
#5226 = DIRECTION('',(1.,0.));
#5227 = ( GEOMETRIC_REPRESENTATION_CONTEXT(2) 
PARAMETRIC_REPRESENTATION_CONTEXT() REPRESENTATION_CONTEXT('2D SPACE',''
  ) );
#5228 = PCURVE('',#5142,#5229);
#5229 = DEFINITIONAL_REPRESENTATION('',(#5230),#5234);
#5230 = LINE('',#5231,#5232);
#5231 = CARTESIAN_POINT('',(0.,78.5));
#5232 = VECTOR('',#5233,1.);
#5233 = DIRECTION('',(1.,0.));
#5234 = ( GEOMETRIC_REPRESENTATION_CONTEXT(2) 
PARAMETRIC_REPRESENTATION_CONTEXT() REPRESENTATION_CONTEXT('2D SPACE',''
  ) );
#5235 = ADVANCED_FACE('',(#5236),#2016,.T.);
#5236 = FACE_BOUND('',#5237,.T.);
#5237 = EDGE_LOOP('',(#5238,#5239,#5240,#5241));
#5238 = ORIENTED_EDGE('',*,*,#2001,.T.);
#5239 = ORIENTED_EDGE('',*,*,#5188,.F.);
#5240 = ORIENTED_EDGE('',*,*,#2277,.F.);
#5241 = ORIENTED_EDGE('',*,*,#5101,.T.);
#5242 = ADVANCED_FACE('',(#5243,#5295),#2123,.F.);
#5243 = FACE_BOUND('',#5244,.F.);
#5244 = EDGE_LOOP('',(#5245,#5246,#5272,#5273));
#5245 = ORIENTED_EDGE('',*,*,#2431,.T.);
#5246 = ORIENTED_EDGE('',*,*,#5247,.F.);
#5247 = EDGE_CURVE('',#2109,#2434,#5248,.T.);
#5248 = SURFACE_CURVE('',#5249,(#5254,#5265),.PCURVE_S1.);
#5249 = CIRCLE('',#5250,3.5);
#5250 = AXIS2_PLACEMENT_3D('',#5251,#5252,#5253);
#5251 = CARTESIAN_POINT('',(102.5,2.5,5.5));
#5252 = DIRECTION('',(0.,-1.,0.));
#5253 = DIRECTION('',(0.857142857143,0.,0.515078753638));
#5254 = PCURVE('',#2123,#5255);
#5255 = DEFINITIONAL_REPRESENTATION('',(#5256),#5264);
#5256 = ( BOUNDED_CURVE() B_SPLINE_CURVE(2,(#5257,#5258,#5259,#5260,
#5261,#5262,#5263),.UNSPECIFIED.,.T.,.F.) B_SPLINE_CURVE_WITH_KNOTS((1,2
    ,2,2,2,1),(-2.094395102393,0.,2.094395102393,4.188790204786,
6.28318530718,8.377580409573),.UNSPECIFIED.) CURVE() 
GEOMETRIC_REPRESENTATION_ITEM() RATIONAL_B_SPLINE_CURVE((1.,0.5,1.,0.5,
1.,0.5,1.)) REPRESENTATION_ITEM('') );
#5257 = CARTESIAN_POINT('',(1.802775637732,3.));
#5258 = CARTESIAN_POINT('',(6.998928060439,-0.122498999199));
#5259 = CARTESIAN_POINT('',(1.696688392487,-3.0612494996));
#5260 = CARTESIAN_POINT('',(-3.605551275464,-6.));
#5261 = CARTESIAN_POINT('',(-3.499464030219,6.12494995996E-02));
#5262 = CARTESIAN_POINT('',(-3.393376784975,6.122498999199));
#5263 = CARTESIAN_POINT('',(1.802775637732,3.));
#5264 = ( GEOMETRIC_REPRESENTATION_CONTEXT(2) 
PARAMETRIC_REPRESENTATION_CONTEXT() REPRESENTATION_CONTEXT('2D SPACE',''
  ) );
#5265 = PCURVE('',#2149,#5266);
#5266 = DEFINITIONAL_REPRESENTATION('',(#5267),#5271);
#5267 = LINE('',#5268,#5269);
#5268 = CARTESIAN_POINT('',(7.312882108017,0.));
#5269 = VECTOR('',#5270,1.);
#5270 = DIRECTION('',(-1.,-0.));
#5271 = ( GEOMETRIC_REPRESENTATION_CONTEXT(2) 
PARAMETRIC_REPRESENTATION_CONTEXT() REPRESENTATION_CONTEXT('2D SPACE',''
  ) );
#5272 = ORIENTED_EDGE('',*,*,#2106,.F.);
#5273 = ORIENTED_EDGE('',*,*,#5274,.T.);
#5274 = EDGE_CURVE('',#2107,#2432,#5275,.T.);
#5275 = SURFACE_CURVE('',#5276,(#5281,#5288),.PCURVE_S1.);
#5276 = CIRCLE('',#5277,3.5);
#5277 = AXIS2_PLACEMENT_3D('',#5278,#5279,#5280);
#5278 = CARTESIAN_POINT('',(102.5,2.5,5.5));
#5279 = DIRECTION('',(0.,1.,0.));
#5280 = DIRECTION('',(0.,-0.,1.));
#5281 = PCURVE('',#2123,#5282);
#5282 = DEFINITIONAL_REPRESENTATION('',(#5283),#5287);
#5283 = CIRCLE('',#5284,3.5);
#5284 = AXIS2_PLACEMENT_2D('',#5285,#5286);
#5285 = CARTESIAN_POINT('',(0.,0.));
#5286 = DIRECTION('',(1.,0.));
#5287 = ( GEOMETRIC_REPRESENTATION_CONTEXT(2) 
PARAMETRIC_REPRESENTATION_CONTEXT() REPRESENTATION_CONTEXT('2D SPACE',''
  ) );
#5288 = PCURVE('',#2199,#5289);
#5289 = DEFINITIONAL_REPRESENTATION('',(#5290),#5294);
#5290 = LINE('',#5291,#5292);
#5291 = CARTESIAN_POINT('',(0.,0.));
#5292 = VECTOR('',#5293,1.);
#5293 = DIRECTION('',(1.,0.));
#5294 = ( GEOMETRIC_REPRESENTATION_CONTEXT(2) 
PARAMETRIC_REPRESENTATION_CONTEXT() REPRESENTATION_CONTEXT('2D SPACE',''
  ) );
#5295 = FACE_BOUND('',#5296,.F.);
#5296 = EDGE_LOOP('',(#5297));
#5297 = ORIENTED_EDGE('',*,*,#5298,.F.);
#5298 = EDGE_CURVE('',#5299,#5299,#5301,.T.);
#5299 = VERTEX_POINT('',#5300);
#5300 = CARTESIAN_POINT('',(102.5,2.5,6.65));
#5301 = SURFACE_CURVE('',#5302,(#5307,#5314),.PCURVE_S1.);
#5302 = CIRCLE('',#5303,1.15);
#5303 = AXIS2_PLACEMENT_3D('',#5304,#5305,#5306);
#5304 = CARTESIAN_POINT('',(102.5,2.5,5.5));
#5305 = DIRECTION('',(0.,1.,0.));
#5306 = DIRECTION('',(0.,-0.,1.));
#5307 = PCURVE('',#2123,#5308);
#5308 = DEFINITIONAL_REPRESENTATION('',(#5309),#5313);
#5309 = CIRCLE('',#5310,1.15);
#5310 = AXIS2_PLACEMENT_2D('',#5311,#5312);
#5311 = CARTESIAN_POINT('',(0.,0.));
#5312 = DIRECTION('',(1.,0.));
#5313 = ( GEOMETRIC_REPRESENTATION_CONTEXT(2) 
PARAMETRIC_REPRESENTATION_CONTEXT() REPRESENTATION_CONTEXT('2D SPACE',''
  ) );
#5314 = PCURVE('',#5315,#5320);
#5315 = CYLINDRICAL_SURFACE('',#5316,1.15);
#5316 = AXIS2_PLACEMENT_3D('',#5317,#5318,#5319);
#5317 = CARTESIAN_POINT('',(102.5,-1.,5.5));
#5318 = DIRECTION('',(0.,1.,0.));
#5319 = DIRECTION('',(0.,-0.,1.));
#5320 = DEFINITIONAL_REPRESENTATION('',(#5321),#5325);
#5321 = LINE('',#5322,#5323);
#5322 = CARTESIAN_POINT('',(0.,3.5));
#5323 = VECTOR('',#5324,1.);
#5324 = DIRECTION('',(1.,0.));
#5325 = ( GEOMETRIC_REPRESENTATION_CONTEXT(2) 
PARAMETRIC_REPRESENTATION_CONTEXT() REPRESENTATION_CONTEXT('2D SPACE',''
  ) );
#5326 = ADVANCED_FACE('',(#5327),#2199,.T.);
#5327 = FACE_BOUND('',#5328,.T.);
#5328 = EDGE_LOOP('',(#5329,#5351,#5352,#5353));
#5329 = ORIENTED_EDGE('',*,*,#5330,.F.);
#5330 = EDGE_CURVE('',#2161,#2476,#5331,.T.);
#5331 = SURFACE_CURVE('',#5332,(#5337,#5344),.PCURVE_S1.);
#5332 = CIRCLE('',#5333,3.5);
#5333 = AXIS2_PLACEMENT_3D('',#5334,#5335,#5336);
#5334 = CARTESIAN_POINT('',(102.5,77.5,5.5));
#5335 = DIRECTION('',(0.,1.,0.));
#5336 = DIRECTION('',(0.,-0.,1.));
#5337 = PCURVE('',#2199,#5338);
#5338 = DEFINITIONAL_REPRESENTATION('',(#5339),#5343);
#5339 = LINE('',#5340,#5341);
#5340 = CARTESIAN_POINT('',(0.,75.));
#5341 = VECTOR('',#5342,1.);
#5342 = DIRECTION('',(1.,0.));
#5343 = ( GEOMETRIC_REPRESENTATION_CONTEXT(2) 
PARAMETRIC_REPRESENTATION_CONTEXT() REPRESENTATION_CONTEXT('2D SPACE',''
  ) );
#5344 = PCURVE('',#2175,#5345);
#5345 = DEFINITIONAL_REPRESENTATION('',(#5346),#5350);
#5346 = CIRCLE('',#5347,3.5);
#5347 = AXIS2_PLACEMENT_2D('',#5348,#5349);
#5348 = CARTESIAN_POINT('',(0.,0.));
#5349 = DIRECTION('',(1.,0.));
#5350 = ( GEOMETRIC_REPRESENTATION_CONTEXT(2) 
PARAMETRIC_REPRESENTATION_CONTEXT() REPRESENTATION_CONTEXT('2D SPACE',''
  ) );
#5351 = ORIENTED_EDGE('',*,*,#2186,.F.);
#5352 = ORIENTED_EDGE('',*,*,#5274,.T.);
#5353 = ORIENTED_EDGE('',*,*,#2496,.T.);
#5354 = ADVANCED_FACE('',(#5355),#2149,.T.);
#5355 = FACE_BOUND('',#5356,.T.);
#5356 = EDGE_LOOP('',(#5357,#5379,#5380,#5381));
#5357 = ORIENTED_EDGE('',*,*,#5358,.F.);
#5358 = EDGE_CURVE('',#2455,#2135,#5359,.T.);
#5359 = SURFACE_CURVE('',#5360,(#5365,#5372),.PCURVE_S1.);
#5360 = CIRCLE('',#5361,3.5);
#5361 = AXIS2_PLACEMENT_3D('',#5362,#5363,#5364);
#5362 = CARTESIAN_POINT('',(102.5,77.5,5.5));
#5363 = DIRECTION('',(0.,1.,0.));
#5364 = DIRECTION('',(-0.515078753638,0.,-0.857142857143));
#5365 = PCURVE('',#2149,#5366);
#5366 = DEFINITIONAL_REPRESENTATION('',(#5367),#5371);
#5367 = LINE('',#5368,#5369);
#5368 = CARTESIAN_POINT('',(3.682692179547,75.));
#5369 = VECTOR('',#5370,1.);
#5370 = DIRECTION('',(1.,0.));
#5371 = ( GEOMETRIC_REPRESENTATION_CONTEXT(2) 
PARAMETRIC_REPRESENTATION_CONTEXT() REPRESENTATION_CONTEXT('2D SPACE',''
  ) );
#5372 = PCURVE('',#2175,#5373);
#5373 = DEFINITIONAL_REPRESENTATION('',(#5374),#5378);
#5374 = CIRCLE('',#5375,3.5);
#5375 = AXIS2_PLACEMENT_2D('',#5376,#5377);
#5376 = CARTESIAN_POINT('',(0.,0.));
#5377 = DIRECTION('',(-0.857142857143,-0.515078753638));
#5378 = ( GEOMETRIC_REPRESENTATION_CONTEXT(2) 
PARAMETRIC_REPRESENTATION_CONTEXT() REPRESENTATION_CONTEXT('2D SPACE',''
  ) );
#5379 = ORIENTED_EDGE('',*,*,#2454,.F.);
#5380 = ORIENTED_EDGE('',*,*,#5247,.F.);
#5381 = ORIENTED_EDGE('',*,*,#2134,.T.);
#5382 = ADVANCED_FACE('',(#5383,#5389),#2175,.T.);
#5383 = FACE_BOUND('',#5384,.T.);
#5384 = EDGE_LOOP('',(#5385,#5386,#5387,#5388));
#5385 = ORIENTED_EDGE('',*,*,#5358,.T.);
#5386 = ORIENTED_EDGE('',*,*,#2160,.F.);
#5387 = ORIENTED_EDGE('',*,*,#5330,.T.);
#5388 = ORIENTED_EDGE('',*,*,#2475,.T.);
#5389 = FACE_BOUND('',#5390,.T.);
#5390 = EDGE_LOOP('',(#5391));
#5391 = ORIENTED_EDGE('',*,*,#5392,.F.);
#5392 = EDGE_CURVE('',#5393,#5393,#5395,.T.);
#5393 = VERTEX_POINT('',#5394);
#5394 = CARTESIAN_POINT('',(102.5,77.5,6.65));
#5395 = SURFACE_CURVE('',#5396,(#5401,#5408),.PCURVE_S1.);
#5396 = CIRCLE('',#5397,1.15);
#5397 = AXIS2_PLACEMENT_3D('',#5398,#5399,#5400);
#5398 = CARTESIAN_POINT('',(102.5,77.5,5.5));
#5399 = DIRECTION('',(0.,1.,0.));
#5400 = DIRECTION('',(0.,-0.,1.));
#5401 = PCURVE('',#2175,#5402);
#5402 = DEFINITIONAL_REPRESENTATION('',(#5403),#5407);
#5403 = CIRCLE('',#5404,1.15);
#5404 = AXIS2_PLACEMENT_2D('',#5405,#5406);
#5405 = CARTESIAN_POINT('',(0.,0.));
#5406 = DIRECTION('',(1.,0.));
#5407 = ( GEOMETRIC_REPRESENTATION_CONTEXT(2) 
PARAMETRIC_REPRESENTATION_CONTEXT() REPRESENTATION_CONTEXT('2D SPACE',''
  ) );
#5408 = PCURVE('',#5315,#5409);
#5409 = DEFINITIONAL_REPRESENTATION('',(#5410),#5414);
#5410 = LINE('',#5411,#5412);
#5411 = CARTESIAN_POINT('',(0.,78.5));
#5412 = VECTOR('',#5413,1.);
#5413 = DIRECTION('',(1.,0.));
#5414 = ( GEOMETRIC_REPRESENTATION_CONTEXT(2) 
PARAMETRIC_REPRESENTATION_CONTEXT() REPRESENTATION_CONTEXT('2D SPACE',''
  ) );
#5415 = ADVANCED_FACE('',(#5416,#5468),#2342,.F.);
#5416 = FACE_BOUND('',#5417,.F.);
#5417 = EDGE_LOOP('',(#5418,#5419,#5445,#5446));
#5418 = ORIENTED_EDGE('',*,*,#2524,.T.);
#5419 = ORIENTED_EDGE('',*,*,#5420,.F.);
#5420 = EDGE_CURVE('',#2326,#2527,#5421,.T.);
#5421 = SURFACE_CURVE('',#5422,(#5427,#5438),.PCURVE_S1.);
#5422 = CIRCLE('',#5423,3.5);
#5423 = AXIS2_PLACEMENT_3D('',#5424,#5425,#5426);
#5424 = CARTESIAN_POINT('',(5.5,2.5,5.5));
#5425 = DIRECTION('',(0.,-1.,0.));
#5426 = DIRECTION('',(0.515078753638,0.,-0.857142857143));
#5427 = PCURVE('',#2342,#5428);
#5428 = DEFINITIONAL_REPRESENTATION('',(#5429),#5437);
#5429 = ( BOUNDED_CURVE() B_SPLINE_CURVE(2,(#5430,#5431,#5432,#5433,
#5434,#5435,#5436),.UNSPECIFIED.,.T.,.F.) B_SPLINE_CURVE_WITH_KNOTS((1,2
    ,2,2,2,1),(-2.094395102393,0.,2.094395102393,4.188790204786,
6.28318530718,8.377580409573),.UNSPECIFIED.) CURVE() 
GEOMETRIC_REPRESENTATION_ITEM() RATIONAL_B_SPLINE_CURVE((1.,0.5,1.,0.5,
1.,0.5,1.)) REPRESENTATION_ITEM('') );
#5430 = CARTESIAN_POINT('',(-3.,1.802775637732));
#5431 = CARTESIAN_POINT('',(0.122498999199,6.998928060439));
#5432 = CARTESIAN_POINT('',(3.0612494996,1.696688392487));
#5433 = CARTESIAN_POINT('',(6.,-3.605551275464));
#5434 = CARTESIAN_POINT('',(-6.12494995996E-02,-3.499464030219));
#5435 = CARTESIAN_POINT('',(-6.122498999199,-3.393376784975));
#5436 = CARTESIAN_POINT('',(-3.,1.802775637732));
#5437 = ( GEOMETRIC_REPRESENTATION_CONTEXT(2) 
PARAMETRIC_REPRESENTATION_CONTEXT() REPRESENTATION_CONTEXT('2D SPACE',''
  ) );
#5438 = PCURVE('',#2418,#5439);
#5439 = DEFINITIONAL_REPRESENTATION('',(#5440),#5444);
#5440 = LINE('',#5441,#5442);
#5441 = CARTESIAN_POINT('',(8.883678434812,0.));
#5442 = VECTOR('',#5443,1.);
#5443 = DIRECTION('',(-1.,-0.));
#5444 = ( GEOMETRIC_REPRESENTATION_CONTEXT(2) 
PARAMETRIC_REPRESENTATION_CONTEXT() REPRESENTATION_CONTEXT('2D SPACE',''
  ) );
#5445 = ORIENTED_EDGE('',*,*,#2325,.T.);
#5446 = ORIENTED_EDGE('',*,*,#5447,.T.);
#5447 = EDGE_CURVE('',#2328,#2525,#5448,.T.);
#5448 = SURFACE_CURVE('',#5449,(#5454,#5461),.PCURVE_S1.);
#5449 = CIRCLE('',#5450,3.5);
#5450 = AXIS2_PLACEMENT_3D('',#5451,#5452,#5453);
#5451 = CARTESIAN_POINT('',(5.5,2.5,5.5));
#5452 = DIRECTION('',(0.,1.,0.));
#5453 = DIRECTION('',(0.,-0.,1.));
#5454 = PCURVE('',#2342,#5455);
#5455 = DEFINITIONAL_REPRESENTATION('',(#5456),#5460);
#5456 = CIRCLE('',#5457,3.5);
#5457 = AXIS2_PLACEMENT_2D('',#5458,#5459);
#5458 = CARTESIAN_POINT('',(0.,0.));
#5459 = DIRECTION('',(1.,0.));
#5460 = ( GEOMETRIC_REPRESENTATION_CONTEXT(2) 
PARAMETRIC_REPRESENTATION_CONTEXT() REPRESENTATION_CONTEXT('2D SPACE',''
  ) );
#5461 = PCURVE('',#2368,#5462);
#5462 = DEFINITIONAL_REPRESENTATION('',(#5463),#5467);
#5463 = LINE('',#5464,#5465);
#5464 = CARTESIAN_POINT('',(0.,0.));
#5465 = VECTOR('',#5466,1.);
#5466 = DIRECTION('',(1.,0.));
#5467 = ( GEOMETRIC_REPRESENTATION_CONTEXT(2) 
PARAMETRIC_REPRESENTATION_CONTEXT() REPRESENTATION_CONTEXT('2D SPACE',''
  ) );
#5468 = FACE_BOUND('',#5469,.F.);
#5469 = EDGE_LOOP('',(#5470));
#5470 = ORIENTED_EDGE('',*,*,#5471,.F.);
#5471 = EDGE_CURVE('',#5472,#5472,#5474,.T.);
#5472 = VERTEX_POINT('',#5473);
#5473 = CARTESIAN_POINT('',(5.5,2.5,6.65));
#5474 = SURFACE_CURVE('',#5475,(#5480,#5487),.PCURVE_S1.);
#5475 = CIRCLE('',#5476,1.15);
#5476 = AXIS2_PLACEMENT_3D('',#5477,#5478,#5479);
#5477 = CARTESIAN_POINT('',(5.5,2.5,5.5));
#5478 = DIRECTION('',(0.,1.,0.));
#5479 = DIRECTION('',(0.,-0.,1.));
#5480 = PCURVE('',#2342,#5481);
#5481 = DEFINITIONAL_REPRESENTATION('',(#5482),#5486);
#5482 = CIRCLE('',#5483,1.15);
#5483 = AXIS2_PLACEMENT_2D('',#5484,#5485);
#5484 = CARTESIAN_POINT('',(0.,0.));
#5485 = DIRECTION('',(1.,0.));
#5486 = ( GEOMETRIC_REPRESENTATION_CONTEXT(2) 
PARAMETRIC_REPRESENTATION_CONTEXT() REPRESENTATION_CONTEXT('2D SPACE',''
  ) );
#5487 = PCURVE('',#5488,#5493);
#5488 = CYLINDRICAL_SURFACE('',#5489,1.15);
#5489 = AXIS2_PLACEMENT_3D('',#5490,#5491,#5492);
#5490 = CARTESIAN_POINT('',(5.5,-1.,5.5));
#5491 = DIRECTION('',(0.,1.,0.));
#5492 = DIRECTION('',(0.,-0.,1.));
#5493 = DEFINITIONAL_REPRESENTATION('',(#5494),#5498);
#5494 = LINE('',#5495,#5496);
#5495 = CARTESIAN_POINT('',(0.,3.5));
#5496 = VECTOR('',#5497,1.);
#5497 = DIRECTION('',(1.,0.));
#5498 = ( GEOMETRIC_REPRESENTATION_CONTEXT(2) 
PARAMETRIC_REPRESENTATION_CONTEXT() REPRESENTATION_CONTEXT('2D SPACE',''
  ) );
#5499 = ADVANCED_FACE('',(#5500),#2418,.T.);
#5500 = FACE_BOUND('',#5501,.T.);
#5501 = EDGE_LOOP('',(#5502,#5528,#5529,#5530));
#5502 = ORIENTED_EDGE('',*,*,#5503,.T.);
#5503 = EDGE_CURVE('',#2380,#2548,#5504,.T.);
#5504 = SURFACE_CURVE('',#5505,(#5510,#5517),.PCURVE_S1.);
#5505 = CIRCLE('',#5506,3.5);
#5506 = AXIS2_PLACEMENT_3D('',#5507,#5508,#5509);
#5507 = CARTESIAN_POINT('',(5.5,77.5,5.5));
#5508 = DIRECTION('',(0.,-1.,0.));
#5509 = DIRECTION('',(0.515078753638,0.,-0.857142857143));
#5510 = PCURVE('',#2418,#5511);
#5511 = DEFINITIONAL_REPRESENTATION('',(#5512),#5516);
#5512 = LINE('',#5513,#5514);
#5513 = CARTESIAN_POINT('',(8.883678434812,75.));
#5514 = VECTOR('',#5515,1.);
#5515 = DIRECTION('',(-1.,-0.));
#5516 = ( GEOMETRIC_REPRESENTATION_CONTEXT(2) 
PARAMETRIC_REPRESENTATION_CONTEXT() REPRESENTATION_CONTEXT('2D SPACE',''
  ) );
#5517 = PCURVE('',#2394,#5518);
#5518 = DEFINITIONAL_REPRESENTATION('',(#5519),#5527);
#5519 = ( BOUNDED_CURVE() B_SPLINE_CURVE(2,(#5520,#5521,#5522,#5523,
#5524,#5525,#5526),.UNSPECIFIED.,.T.,.F.) B_SPLINE_CURVE_WITH_KNOTS((1,2
    ,2,2,2,1),(-2.094395102393,0.,2.094395102393,4.188790204786,
6.28318530718,8.377580409573),.UNSPECIFIED.) CURVE() 
GEOMETRIC_REPRESENTATION_ITEM() RATIONAL_B_SPLINE_CURVE((1.,0.5,1.,0.5,
1.,0.5,1.)) REPRESENTATION_ITEM('') );
#5520 = CARTESIAN_POINT('',(-3.,1.802775637732));
#5521 = CARTESIAN_POINT('',(0.122498999199,6.998928060439));
#5522 = CARTESIAN_POINT('',(3.0612494996,1.696688392487));
#5523 = CARTESIAN_POINT('',(6.,-3.605551275464));
#5524 = CARTESIAN_POINT('',(-6.12494995996E-02,-3.499464030219));
#5525 = CARTESIAN_POINT('',(-6.122498999199,-3.393376784975));
#5526 = CARTESIAN_POINT('',(-3.,1.802775637732));
#5527 = ( GEOMETRIC_REPRESENTATION_CONTEXT(2) 
PARAMETRIC_REPRESENTATION_CONTEXT() REPRESENTATION_CONTEXT('2D SPACE',''
  ) );
#5528 = ORIENTED_EDGE('',*,*,#2547,.F.);
#5529 = ORIENTED_EDGE('',*,*,#5420,.F.);
#5530 = ORIENTED_EDGE('',*,*,#2405,.T.);
#5531 = ADVANCED_FACE('',(#5532),#2368,.T.);
#5532 = FACE_BOUND('',#5533,.T.);
#5533 = EDGE_LOOP('',(#5534,#5556,#5557,#5558));
#5534 = ORIENTED_EDGE('',*,*,#5535,.F.);
#5535 = EDGE_CURVE('',#2354,#2569,#5536,.T.);
#5536 = SURFACE_CURVE('',#5537,(#5542,#5549),.PCURVE_S1.);
#5537 = CIRCLE('',#5538,3.5);
#5538 = AXIS2_PLACEMENT_3D('',#5539,#5540,#5541);
#5539 = CARTESIAN_POINT('',(5.5,77.5,5.5));
#5540 = DIRECTION('',(0.,1.,0.));
#5541 = DIRECTION('',(0.,-0.,1.));
#5542 = PCURVE('',#2368,#5543);
#5543 = DEFINITIONAL_REPRESENTATION('',(#5544),#5548);
#5544 = LINE('',#5545,#5546);
#5545 = CARTESIAN_POINT('',(0.,75.));
#5546 = VECTOR('',#5547,1.);
#5547 = DIRECTION('',(1.,0.));
#5548 = ( GEOMETRIC_REPRESENTATION_CONTEXT(2) 
PARAMETRIC_REPRESENTATION_CONTEXT() REPRESENTATION_CONTEXT('2D SPACE',''
  ) );
#5549 = PCURVE('',#2394,#5550);
#5550 = DEFINITIONAL_REPRESENTATION('',(#5551),#5555);
#5551 = CIRCLE('',#5552,3.5);
#5552 = AXIS2_PLACEMENT_2D('',#5553,#5554);
#5553 = CARTESIAN_POINT('',(0.,0.));
#5554 = DIRECTION('',(1.,0.));
#5555 = ( GEOMETRIC_REPRESENTATION_CONTEXT(2) 
PARAMETRIC_REPRESENTATION_CONTEXT() REPRESENTATION_CONTEXT('2D SPACE',''
  ) );
#5556 = ORIENTED_EDGE('',*,*,#2353,.F.);
#5557 = ORIENTED_EDGE('',*,*,#5447,.T.);
#5558 = ORIENTED_EDGE('',*,*,#2589,.T.);
#5559 = ADVANCED_FACE('',(#5560,#5566),#2394,.T.);
#5560 = FACE_BOUND('',#5561,.T.);
#5561 = EDGE_LOOP('',(#5562,#5563,#5564,#5565));
#5562 = ORIENTED_EDGE('',*,*,#2568,.T.);
#5563 = ORIENTED_EDGE('',*,*,#5503,.F.);
#5564 = ORIENTED_EDGE('',*,*,#2379,.T.);
#5565 = ORIENTED_EDGE('',*,*,#5535,.T.);
#5566 = FACE_BOUND('',#5567,.T.);
#5567 = EDGE_LOOP('',(#5568));
#5568 = ORIENTED_EDGE('',*,*,#5569,.F.);
#5569 = EDGE_CURVE('',#5570,#5570,#5572,.T.);
#5570 = VERTEX_POINT('',#5571);
#5571 = CARTESIAN_POINT('',(5.5,77.5,6.65));
#5572 = SURFACE_CURVE('',#5573,(#5578,#5585),.PCURVE_S1.);
#5573 = CIRCLE('',#5574,1.15);
#5574 = AXIS2_PLACEMENT_3D('',#5575,#5576,#5577);
#5575 = CARTESIAN_POINT('',(5.5,77.5,5.5));
#5576 = DIRECTION('',(0.,1.,0.));
#5577 = DIRECTION('',(0.,-0.,1.));
#5578 = PCURVE('',#2394,#5579);
#5579 = DEFINITIONAL_REPRESENTATION('',(#5580),#5584);
#5580 = CIRCLE('',#5581,1.15);
#5581 = AXIS2_PLACEMENT_2D('',#5582,#5583);
#5582 = CARTESIAN_POINT('',(0.,0.));
#5583 = DIRECTION('',(1.,0.));
#5584 = ( GEOMETRIC_REPRESENTATION_CONTEXT(2) 
PARAMETRIC_REPRESENTATION_CONTEXT() REPRESENTATION_CONTEXT('2D SPACE',''
  ) );
#5585 = PCURVE('',#5488,#5586);
#5586 = DEFINITIONAL_REPRESENTATION('',(#5587),#5591);
#5587 = LINE('',#5588,#5589);
#5588 = CARTESIAN_POINT('',(0.,78.5));
#5589 = VECTOR('',#5590,1.);
#5590 = DIRECTION('',(1.,0.));
#5591 = ( GEOMETRIC_REPRESENTATION_CONTEXT(2) 
PARAMETRIC_REPRESENTATION_CONTEXT() REPRESENTATION_CONTEXT('2D SPACE',''
  ) );
#5592 = ADVANCED_FACE('',(#5593),#2736,.T.);
#5593 = FACE_BOUND('',#5594,.T.);
#5594 = EDGE_LOOP('',(#5595,#5596,#5597,#5598));
#5595 = ORIENTED_EDGE('',*,*,#2720,.F.);
#5596 = ORIENTED_EDGE('',*,*,#2822,.T.);
#5597 = ORIENTED_EDGE('',*,*,#2872,.T.);
#5598 = ORIENTED_EDGE('',*,*,#2773,.F.);
#5599 = ADVANCED_FACE('',(#5600),#2937,.T.);
#5600 = FACE_BOUND('',#5601,.T.);
#5601 = EDGE_LOOP('',(#5602,#5603,#5604,#5605));
#5602 = ORIENTED_EDGE('',*,*,#2921,.F.);
#5603 = ORIENTED_EDGE('',*,*,#3023,.T.);
#5604 = ORIENTED_EDGE('',*,*,#3073,.T.);
#5605 = ORIENTED_EDGE('',*,*,#2974,.F.);
#5606 = ADVANCED_FACE('',(#5607),#3138,.T.);
#5607 = FACE_BOUND('',#5608,.T.);
#5608 = EDGE_LOOP('',(#5609,#5610,#5611,#5612));
#5609 = ORIENTED_EDGE('',*,*,#3122,.F.);
#5610 = ORIENTED_EDGE('',*,*,#3224,.T.);
#5611 = ORIENTED_EDGE('',*,*,#3274,.T.);
#5612 = ORIENTED_EDGE('',*,*,#3175,.F.);
#5613 = ADVANCED_FACE('',(#5614),#3339,.T.);
#5614 = FACE_BOUND('',#5615,.T.);
#5615 = EDGE_LOOP('',(#5616,#5617,#5618,#5619));
#5616 = ORIENTED_EDGE('',*,*,#3323,.F.);
#5617 = ORIENTED_EDGE('',*,*,#3425,.T.);
#5618 = ORIENTED_EDGE('',*,*,#3475,.T.);
#5619 = ORIENTED_EDGE('',*,*,#3376,.F.);
#5620 = ADVANCED_FACE('',(#5621),#3540,.T.);
#5621 = FACE_BOUND('',#5622,.T.);
#5622 = EDGE_LOOP('',(#5623,#5624,#5625,#5626));
#5623 = ORIENTED_EDGE('',*,*,#3524,.F.);
#5624 = ORIENTED_EDGE('',*,*,#3626,.T.);
#5625 = ORIENTED_EDGE('',*,*,#3676,.T.);
#5626 = ORIENTED_EDGE('',*,*,#3577,.F.);
#5627 = ADVANCED_FACE('',(#5628),#3741,.T.);
#5628 = FACE_BOUND('',#5629,.T.);
#5629 = EDGE_LOOP('',(#5630,#5631,#5632,#5633));
#5630 = ORIENTED_EDGE('',*,*,#3725,.F.);
#5631 = ORIENTED_EDGE('',*,*,#3827,.T.);
#5632 = ORIENTED_EDGE('',*,*,#3877,.T.);
#5633 = ORIENTED_EDGE('',*,*,#3778,.F.);
#5634 = ADVANCED_FACE('',(#5635),#3942,.T.);
#5635 = FACE_BOUND('',#5636,.T.);
#5636 = EDGE_LOOP('',(#5637,#5638,#5639,#5640));
#5637 = ORIENTED_EDGE('',*,*,#3926,.F.);
#5638 = ORIENTED_EDGE('',*,*,#4028,.T.);
#5639 = ORIENTED_EDGE('',*,*,#4078,.T.);
#5640 = ORIENTED_EDGE('',*,*,#3979,.F.);
#5641 = ADVANCED_FACE('',(#5642),#4143,.T.);
#5642 = FACE_BOUND('',#5643,.T.);
#5643 = EDGE_LOOP('',(#5644,#5645,#5646,#5647));
#5644 = ORIENTED_EDGE('',*,*,#4127,.F.);
#5645 = ORIENTED_EDGE('',*,*,#4229,.T.);
#5646 = ORIENTED_EDGE('',*,*,#4279,.T.);
#5647 = ORIENTED_EDGE('',*,*,#4180,.F.);
#5648 = ADVANCED_FACE('',(#5649),#4344,.T.);
#5649 = FACE_BOUND('',#5650,.T.);
#5650 = EDGE_LOOP('',(#5651,#5652,#5653,#5654));
#5651 = ORIENTED_EDGE('',*,*,#4328,.F.);
#5652 = ORIENTED_EDGE('',*,*,#4430,.T.);
#5653 = ORIENTED_EDGE('',*,*,#4480,.T.);
#5654 = ORIENTED_EDGE('',*,*,#4381,.F.);
#5655 = ADVANCED_FACE('',(#5656),#4545,.T.);
#5656 = FACE_BOUND('',#5657,.T.);
#5657 = EDGE_LOOP('',(#5658,#5659,#5660,#5661));
#5658 = ORIENTED_EDGE('',*,*,#4529,.F.);
#5659 = ORIENTED_EDGE('',*,*,#4631,.T.);
#5660 = ORIENTED_EDGE('',*,*,#4681,.T.);
#5661 = ORIENTED_EDGE('',*,*,#4582,.F.);
#5662 = ADVANCED_FACE('',(#5663),#4746,.T.);
#5663 = FACE_BOUND('',#5664,.T.);
#5664 = EDGE_LOOP('',(#5665,#5666,#5667,#5668));
#5665 = ORIENTED_EDGE('',*,*,#4730,.F.);
#5666 = ORIENTED_EDGE('',*,*,#4783,.T.);
#5667 = ORIENTED_EDGE('',*,*,#4833,.T.);
#5668 = ORIENTED_EDGE('',*,*,#4881,.F.);
#5669 = ADVANCED_FACE('',(#5670),#4973,.F.);
#5670 = FACE_BOUND('',#5671,.F.);
#5671 = EDGE_LOOP('',(#5672,#5673,#5694,#5695));
#5672 = ORIENTED_EDGE('',*,*,#5050,.F.);
#5673 = ORIENTED_EDGE('',*,*,#5674,.F.);
#5674 = EDGE_CURVE('',#4957,#5051,#5675,.T.);
#5675 = SEAM_CURVE('',#5676,(#5680,#5687),.PCURVE_S1.);
#5676 = LINE('',#5677,#5678);
#5677 = CARTESIAN_POINT('',(5.5,-1.,25.65));
#5678 = VECTOR('',#5679,1.);
#5679 = DIRECTION('',(0.,1.,0.));
#5680 = PCURVE('',#4973,#5681);
#5681 = DEFINITIONAL_REPRESENTATION('',(#5682),#5686);
#5682 = LINE('',#5683,#5684);
#5683 = CARTESIAN_POINT('',(6.28318530718,-0.));
#5684 = VECTOR('',#5685,1.);
#5685 = DIRECTION('',(0.,1.));
#5686 = ( GEOMETRIC_REPRESENTATION_CONTEXT(2) 
PARAMETRIC_REPRESENTATION_CONTEXT() REPRESENTATION_CONTEXT('2D SPACE',''
  ) );
#5687 = PCURVE('',#4973,#5688);
#5688 = DEFINITIONAL_REPRESENTATION('',(#5689),#5693);
#5689 = LINE('',#5690,#5691);
#5690 = CARTESIAN_POINT('',(0.,-0.));
#5691 = VECTOR('',#5692,1.);
#5692 = DIRECTION('',(0.,1.));
#5693 = ( GEOMETRIC_REPRESENTATION_CONTEXT(2) 
PARAMETRIC_REPRESENTATION_CONTEXT() REPRESENTATION_CONTEXT('2D SPACE',''
  ) );
#5694 = ORIENTED_EDGE('',*,*,#4956,.T.);
#5695 = ORIENTED_EDGE('',*,*,#5674,.T.);
#5696 = ADVANCED_FACE('',(#5697),#5142,.F.);
#5697 = FACE_BOUND('',#5698,.F.);
#5698 = EDGE_LOOP('',(#5699,#5700,#5721,#5722));
#5699 = ORIENTED_EDGE('',*,*,#5212,.F.);
#5700 = ORIENTED_EDGE('',*,*,#5701,.F.);
#5701 = EDGE_CURVE('',#5126,#5213,#5702,.T.);
#5702 = SEAM_CURVE('',#5703,(#5707,#5714),.PCURVE_S1.);
#5703 = LINE('',#5704,#5705);
#5704 = CARTESIAN_POINT('',(102.5,-1.,25.65));
#5705 = VECTOR('',#5706,1.);
#5706 = DIRECTION('',(0.,1.,0.));
#5707 = PCURVE('',#5142,#5708);
#5708 = DEFINITIONAL_REPRESENTATION('',(#5709),#5713);
#5709 = LINE('',#5710,#5711);
#5710 = CARTESIAN_POINT('',(6.28318530718,-0.));
#5711 = VECTOR('',#5712,1.);
#5712 = DIRECTION('',(0.,1.));
#5713 = ( GEOMETRIC_REPRESENTATION_CONTEXT(2) 
PARAMETRIC_REPRESENTATION_CONTEXT() REPRESENTATION_CONTEXT('2D SPACE',''
  ) );
#5714 = PCURVE('',#5142,#5715);
#5715 = DEFINITIONAL_REPRESENTATION('',(#5716),#5720);
#5716 = LINE('',#5717,#5718);
#5717 = CARTESIAN_POINT('',(0.,-0.));
#5718 = VECTOR('',#5719,1.);
#5719 = DIRECTION('',(0.,1.));
#5720 = ( GEOMETRIC_REPRESENTATION_CONTEXT(2) 
PARAMETRIC_REPRESENTATION_CONTEXT() REPRESENTATION_CONTEXT('2D SPACE',''
  ) );
#5721 = ORIENTED_EDGE('',*,*,#5125,.T.);
#5722 = ORIENTED_EDGE('',*,*,#5701,.T.);
#5723 = ADVANCED_FACE('',(#5724),#5315,.F.);
#5724 = FACE_BOUND('',#5725,.F.);
#5725 = EDGE_LOOP('',(#5726,#5727,#5748,#5749));
#5726 = ORIENTED_EDGE('',*,*,#5392,.F.);
#5727 = ORIENTED_EDGE('',*,*,#5728,.F.);
#5728 = EDGE_CURVE('',#5299,#5393,#5729,.T.);
#5729 = SEAM_CURVE('',#5730,(#5734,#5741),.PCURVE_S1.);
#5730 = LINE('',#5731,#5732);
#5731 = CARTESIAN_POINT('',(102.5,-1.,6.65));
#5732 = VECTOR('',#5733,1.);
#5733 = DIRECTION('',(0.,1.,0.));
#5734 = PCURVE('',#5315,#5735);
#5735 = DEFINITIONAL_REPRESENTATION('',(#5736),#5740);
#5736 = LINE('',#5737,#5738);
#5737 = CARTESIAN_POINT('',(6.28318530718,-0.));
#5738 = VECTOR('',#5739,1.);
#5739 = DIRECTION('',(0.,1.));
#5740 = ( GEOMETRIC_REPRESENTATION_CONTEXT(2) 
PARAMETRIC_REPRESENTATION_CONTEXT() REPRESENTATION_CONTEXT('2D SPACE',''
  ) );
#5741 = PCURVE('',#5315,#5742);
#5742 = DEFINITIONAL_REPRESENTATION('',(#5743),#5747);
#5743 = LINE('',#5744,#5745);
#5744 = CARTESIAN_POINT('',(0.,-0.));
#5745 = VECTOR('',#5746,1.);
#5746 = DIRECTION('',(0.,1.));
#5747 = ( GEOMETRIC_REPRESENTATION_CONTEXT(2) 
PARAMETRIC_REPRESENTATION_CONTEXT() REPRESENTATION_CONTEXT('2D SPACE',''
  ) );
#5748 = ORIENTED_EDGE('',*,*,#5298,.T.);
#5749 = ORIENTED_EDGE('',*,*,#5728,.T.);
#5750 = ADVANCED_FACE('',(#5751),#5488,.F.);
#5751 = FACE_BOUND('',#5752,.F.);
#5752 = EDGE_LOOP('',(#5753,#5754,#5775,#5776));
#5753 = ORIENTED_EDGE('',*,*,#5569,.F.);
#5754 = ORIENTED_EDGE('',*,*,#5755,.F.);
#5755 = EDGE_CURVE('',#5472,#5570,#5756,.T.);
#5756 = SEAM_CURVE('',#5757,(#5761,#5768),.PCURVE_S1.);
#5757 = LINE('',#5758,#5759);
#5758 = CARTESIAN_POINT('',(5.5,-1.,6.65));
#5759 = VECTOR('',#5760,1.);
#5760 = DIRECTION('',(0.,1.,0.));
#5761 = PCURVE('',#5488,#5762);
#5762 = DEFINITIONAL_REPRESENTATION('',(#5763),#5767);
#5763 = LINE('',#5764,#5765);
#5764 = CARTESIAN_POINT('',(6.28318530718,-0.));
#5765 = VECTOR('',#5766,1.);
#5766 = DIRECTION('',(0.,1.));
#5767 = ( GEOMETRIC_REPRESENTATION_CONTEXT(2) 
PARAMETRIC_REPRESENTATION_CONTEXT() REPRESENTATION_CONTEXT('2D SPACE',''
  ) );
#5768 = PCURVE('',#5488,#5769);
#5769 = DEFINITIONAL_REPRESENTATION('',(#5770),#5774);
#5770 = LINE('',#5771,#5772);
#5771 = CARTESIAN_POINT('',(0.,-0.));
#5772 = VECTOR('',#5773,1.);
#5773 = DIRECTION('',(0.,1.));
#5774 = ( GEOMETRIC_REPRESENTATION_CONTEXT(2) 
PARAMETRIC_REPRESENTATION_CONTEXT() REPRESENTATION_CONTEXT('2D SPACE',''
  ) );
#5775 = ORIENTED_EDGE('',*,*,#5471,.T.);
#5776 = ORIENTED_EDGE('',*,*,#5755,.T.);
#5777 = ( GEOMETRIC_REPRESENTATION_CONTEXT(3) 
GLOBAL_UNCERTAINTY_ASSIGNED_CONTEXT((#5781)) 
GLOBAL_UNIT_ASSIGNED_CONTEXT((#5778,#5779,#5780)) REPRESENTATION_CONTEXT
('Context #1','3D Context with UNIT and UNCERTAINTY') );
#5778 = ( LENGTH_UNIT() NAMED_UNIT(*) SI_UNIT(.MILLI.,.METRE.) );
#5779 = ( NAMED_UNIT(*) PLANE_ANGLE_UNIT() SI_UNIT($,.RADIAN.) );
#5780 = ( NAMED_UNIT(*) SI_UNIT($,.STERADIAN.) SOLID_ANGLE_UNIT() );
#5781 = UNCERTAINTY_MEASURE_WITH_UNIT(LENGTH_MEASURE(1.E-07),#5778,
  'distance_accuracy_value','confusion accuracy');
#5782 = CONTEXT_DEPENDENT_SHAPE_REPRESENTATION(#5783,#5785);
#5783 = ( REPRESENTATION_RELATIONSHIP('','',#40,#10) 
REPRESENTATION_RELATIONSHIP_WITH_TRANSFORMATION(#5784) 
SHAPE_REPRESENTATION_RELATIONSHIP() );
#5784 = ITEM_DEFINED_TRANSFORMATION('','',#11,#15);
#5785 = PRODUCT_DEFINITION_SHAPE('Placement','Placement of an item',
  #5786);
#5786 = NEXT_ASSEMBLY_USAGE_OCCURRENCE('1','shell','',#5,#35,$);
#5787 = PRODUCT_RELATED_PRODUCT_CATEGORY('part',$,(#37));
#5788 = SHAPE_DEFINITION_REPRESENTATION(#5789,#5795);
#5789 = PRODUCT_DEFINITION_SHAPE('','',#5790);
#5790 = PRODUCT_DEFINITION('design','',#5791,#5794);
#5791 = PRODUCT_DEFINITION_FORMATION('','',#5792);
#5792 = PRODUCT('front_panel','front_panel','',(#5793));
#5793 = PRODUCT_CONTEXT('',#2,'mechanical');
#5794 = PRODUCT_DEFINITION_CONTEXT('part definition',#2,'design');
#5795 = ADVANCED_BREP_SHAPE_REPRESENTATION('',(#11,#5796),#6966);
#5796 = MANIFOLD_SOLID_BREP('',#5797);
#5797 = CLOSED_SHELL('',(#5798,#5918,#6304,#6353,#6662,#6689,#6696,#6723
    ,#6750,#6777,#6804,#6831,#6858,#6885,#6912,#6939));
#5798 = ADVANCED_FACE('',(#5799),#5813,.F.);
#5799 = FACE_BOUND('',#5800,.F.);
#5800 = EDGE_LOOP('',(#5801,#5836,#5864,#5892));
#5801 = ORIENTED_EDGE('',*,*,#5802,.F.);
#5802 = EDGE_CURVE('',#5803,#5805,#5807,.T.);
#5803 = VERTEX_POINT('',#5804);
#5804 = CARTESIAN_POINT('',(2.75,0.,2.75));
#5805 = VERTEX_POINT('',#5806);
#5806 = CARTESIAN_POINT('',(2.75,0.,27.25));
#5807 = SURFACE_CURVE('',#5808,(#5812,#5824),.PCURVE_S1.);
#5808 = LINE('',#5809,#5810);
#5809 = CARTESIAN_POINT('',(2.75,0.,2.75));
#5810 = VECTOR('',#5811,1.);
#5811 = DIRECTION('',(0.,0.,1.));
#5812 = PCURVE('',#5813,#5818);
#5813 = PLANE('',#5814);
#5814 = AXIS2_PLACEMENT_3D('',#5815,#5816,#5817);
#5815 = CARTESIAN_POINT('',(2.75,0.,2.75));
#5816 = DIRECTION('',(1.,0.,0.));
#5817 = DIRECTION('',(0.,0.,1.));
#5818 = DEFINITIONAL_REPRESENTATION('',(#5819),#5823);
#5819 = LINE('',#5820,#5821);
#5820 = CARTESIAN_POINT('',(0.,0.));
#5821 = VECTOR('',#5822,1.);
#5822 = DIRECTION('',(1.,0.));
#5823 = ( GEOMETRIC_REPRESENTATION_CONTEXT(2) 
PARAMETRIC_REPRESENTATION_CONTEXT() REPRESENTATION_CONTEXT('2D SPACE',''
  ) );
#5824 = PCURVE('',#5825,#5830);
#5825 = PLANE('',#5826);
#5826 = AXIS2_PLACEMENT_3D('',#5827,#5828,#5829);
#5827 = CARTESIAN_POINT('',(2.75,0.,2.75));
#5828 = DIRECTION('',(0.,1.,0.));
#5829 = DIRECTION('',(0.,0.,1.));
#5830 = DEFINITIONAL_REPRESENTATION('',(#5831),#5835);
#5831 = LINE('',#5832,#5833);
#5832 = CARTESIAN_POINT('',(0.,0.));
#5833 = VECTOR('',#5834,1.);
#5834 = DIRECTION('',(1.,0.));
#5835 = ( GEOMETRIC_REPRESENTATION_CONTEXT(2) 
PARAMETRIC_REPRESENTATION_CONTEXT() REPRESENTATION_CONTEXT('2D SPACE',''
  ) );
#5836 = ORIENTED_EDGE('',*,*,#5837,.T.);
#5837 = EDGE_CURVE('',#5803,#5838,#5840,.T.);
#5838 = VERTEX_POINT('',#5839);
#5839 = CARTESIAN_POINT('',(2.75,2.5,2.75));
#5840 = SURFACE_CURVE('',#5841,(#5845,#5852),.PCURVE_S1.);
#5841 = LINE('',#5842,#5843);
#5842 = CARTESIAN_POINT('',(2.75,0.,2.75));
#5843 = VECTOR('',#5844,1.);
#5844 = DIRECTION('',(0.,1.,0.));
#5845 = PCURVE('',#5813,#5846);
#5846 = DEFINITIONAL_REPRESENTATION('',(#5847),#5851);
#5847 = LINE('',#5848,#5849);
#5848 = CARTESIAN_POINT('',(0.,0.));
#5849 = VECTOR('',#5850,1.);
#5850 = DIRECTION('',(0.,-1.));
#5851 = ( GEOMETRIC_REPRESENTATION_CONTEXT(2) 
PARAMETRIC_REPRESENTATION_CONTEXT() REPRESENTATION_CONTEXT('2D SPACE',''
  ) );
#5852 = PCURVE('',#5853,#5858);
#5853 = PLANE('',#5854);
#5854 = AXIS2_PLACEMENT_3D('',#5855,#5856,#5857);
#5855 = CARTESIAN_POINT('',(2.75,0.,2.75));
#5856 = DIRECTION('',(0.,0.,1.));
#5857 = DIRECTION('',(1.,0.,0.));
#5858 = DEFINITIONAL_REPRESENTATION('',(#5859),#5863);
#5859 = LINE('',#5860,#5861);
#5860 = CARTESIAN_POINT('',(0.,0.));
#5861 = VECTOR('',#5862,1.);
#5862 = DIRECTION('',(0.,1.));
#5863 = ( GEOMETRIC_REPRESENTATION_CONTEXT(2) 
PARAMETRIC_REPRESENTATION_CONTEXT() REPRESENTATION_CONTEXT('2D SPACE',''
  ) );
#5864 = ORIENTED_EDGE('',*,*,#5865,.T.);
#5865 = EDGE_CURVE('',#5838,#5866,#5868,.T.);
#5866 = VERTEX_POINT('',#5867);
#5867 = CARTESIAN_POINT('',(2.75,2.5,27.25));
#5868 = SURFACE_CURVE('',#5869,(#5873,#5880),.PCURVE_S1.);
#5869 = LINE('',#5870,#5871);
#5870 = CARTESIAN_POINT('',(2.75,2.5,2.75));
#5871 = VECTOR('',#5872,1.);
#5872 = DIRECTION('',(0.,0.,1.));
#5873 = PCURVE('',#5813,#5874);
#5874 = DEFINITIONAL_REPRESENTATION('',(#5875),#5879);
#5875 = LINE('',#5876,#5877);
#5876 = CARTESIAN_POINT('',(0.,-2.5));
#5877 = VECTOR('',#5878,1.);
#5878 = DIRECTION('',(1.,0.));
#5879 = ( GEOMETRIC_REPRESENTATION_CONTEXT(2) 
PARAMETRIC_REPRESENTATION_CONTEXT() REPRESENTATION_CONTEXT('2D SPACE',''
  ) );
#5880 = PCURVE('',#5881,#5886);
#5881 = PLANE('',#5882);
#5882 = AXIS2_PLACEMENT_3D('',#5883,#5884,#5885);
#5883 = CARTESIAN_POINT('',(2.75,2.5,2.75));
#5884 = DIRECTION('',(0.,1.,0.));
#5885 = DIRECTION('',(0.,0.,1.));
#5886 = DEFINITIONAL_REPRESENTATION('',(#5887),#5891);
#5887 = LINE('',#5888,#5889);
#5888 = CARTESIAN_POINT('',(0.,0.));
#5889 = VECTOR('',#5890,1.);
#5890 = DIRECTION('',(1.,0.));
#5891 = ( GEOMETRIC_REPRESENTATION_CONTEXT(2) 
PARAMETRIC_REPRESENTATION_CONTEXT() REPRESENTATION_CONTEXT('2D SPACE',''
  ) );
#5892 = ORIENTED_EDGE('',*,*,#5893,.F.);
#5893 = EDGE_CURVE('',#5805,#5866,#5894,.T.);
#5894 = SURFACE_CURVE('',#5895,(#5899,#5906),.PCURVE_S1.);
#5895 = LINE('',#5896,#5897);
#5896 = CARTESIAN_POINT('',(2.75,0.,27.25));
#5897 = VECTOR('',#5898,1.);
#5898 = DIRECTION('',(0.,1.,0.));
#5899 = PCURVE('',#5813,#5900);
#5900 = DEFINITIONAL_REPRESENTATION('',(#5901),#5905);
#5901 = LINE('',#5902,#5903);
#5902 = CARTESIAN_POINT('',(24.5,0.));
#5903 = VECTOR('',#5904,1.);
#5904 = DIRECTION('',(0.,-1.));
#5905 = ( GEOMETRIC_REPRESENTATION_CONTEXT(2) 
PARAMETRIC_REPRESENTATION_CONTEXT() REPRESENTATION_CONTEXT('2D SPACE',''
  ) );
#5906 = PCURVE('',#5907,#5912);
#5907 = PLANE('',#5908);
#5908 = AXIS2_PLACEMENT_3D('',#5909,#5910,#5911);
#5909 = CARTESIAN_POINT('',(2.75,0.,27.25));
#5910 = DIRECTION('',(0.,0.,1.));
#5911 = DIRECTION('',(1.,0.,0.));
#5912 = DEFINITIONAL_REPRESENTATION('',(#5913),#5917);
#5913 = LINE('',#5914,#5915);
#5914 = CARTESIAN_POINT('',(0.,0.));
#5915 = VECTOR('',#5916,1.);
#5916 = DIRECTION('',(0.,1.));
#5917 = ( GEOMETRIC_REPRESENTATION_CONTEXT(2) 
PARAMETRIC_REPRESENTATION_CONTEXT() REPRESENTATION_CONTEXT('2D SPACE',''
  ) );
#5918 = ADVANCED_FACE('',(#5919,#5994,#6025,#6056,#6087,#6118,#6149,
    #6180,#6211,#6242,#6273),#5825,.F.);
#5919 = FACE_BOUND('',#5920,.F.);
#5920 = EDGE_LOOP('',(#5921,#5944,#5945,#5968));
#5921 = ORIENTED_EDGE('',*,*,#5922,.F.);
#5922 = EDGE_CURVE('',#5803,#5923,#5925,.T.);
#5923 = VERTEX_POINT('',#5924);
#5924 = CARTESIAN_POINT('',(105.25,0.,2.75));
#5925 = SURFACE_CURVE('',#5926,(#5930,#5937),.PCURVE_S1.);
#5926 = LINE('',#5927,#5928);
#5927 = CARTESIAN_POINT('',(2.75,0.,2.75));
#5928 = VECTOR('',#5929,1.);
#5929 = DIRECTION('',(1.,0.,0.));
#5930 = PCURVE('',#5825,#5931);
#5931 = DEFINITIONAL_REPRESENTATION('',(#5932),#5936);
#5932 = LINE('',#5933,#5934);
#5933 = CARTESIAN_POINT('',(0.,0.));
#5934 = VECTOR('',#5935,1.);
#5935 = DIRECTION('',(0.,1.));
#5936 = ( GEOMETRIC_REPRESENTATION_CONTEXT(2) 
PARAMETRIC_REPRESENTATION_CONTEXT() REPRESENTATION_CONTEXT('2D SPACE',''
  ) );
#5937 = PCURVE('',#5853,#5938);
#5938 = DEFINITIONAL_REPRESENTATION('',(#5939),#5943);
#5939 = LINE('',#5940,#5941);
#5940 = CARTESIAN_POINT('',(0.,0.));
#5941 = VECTOR('',#5942,1.);
#5942 = DIRECTION('',(1.,0.));
#5943 = ( GEOMETRIC_REPRESENTATION_CONTEXT(2) 
PARAMETRIC_REPRESENTATION_CONTEXT() REPRESENTATION_CONTEXT('2D SPACE',''
  ) );
#5944 = ORIENTED_EDGE('',*,*,#5802,.T.);
#5945 = ORIENTED_EDGE('',*,*,#5946,.T.);
#5946 = EDGE_CURVE('',#5805,#5947,#5949,.T.);
#5947 = VERTEX_POINT('',#5948);
#5948 = CARTESIAN_POINT('',(105.25,0.,27.25));
#5949 = SURFACE_CURVE('',#5950,(#5954,#5961),.PCURVE_S1.);
#5950 = LINE('',#5951,#5952);
#5951 = CARTESIAN_POINT('',(2.75,0.,27.25));
#5952 = VECTOR('',#5953,1.);
#5953 = DIRECTION('',(1.,0.,0.));
#5954 = PCURVE('',#5825,#5955);
#5955 = DEFINITIONAL_REPRESENTATION('',(#5956),#5960);
#5956 = LINE('',#5957,#5958);
#5957 = CARTESIAN_POINT('',(24.5,0.));
#5958 = VECTOR('',#5959,1.);
#5959 = DIRECTION('',(0.,1.));
#5960 = ( GEOMETRIC_REPRESENTATION_CONTEXT(2) 
PARAMETRIC_REPRESENTATION_CONTEXT() REPRESENTATION_CONTEXT('2D SPACE',''
  ) );
#5961 = PCURVE('',#5907,#5962);
#5962 = DEFINITIONAL_REPRESENTATION('',(#5963),#5967);
#5963 = LINE('',#5964,#5965);
#5964 = CARTESIAN_POINT('',(0.,0.));
#5965 = VECTOR('',#5966,1.);
#5966 = DIRECTION('',(1.,0.));
#5967 = ( GEOMETRIC_REPRESENTATION_CONTEXT(2) 
PARAMETRIC_REPRESENTATION_CONTEXT() REPRESENTATION_CONTEXT('2D SPACE',''
  ) );
#5968 = ORIENTED_EDGE('',*,*,#5969,.F.);
#5969 = EDGE_CURVE('',#5923,#5947,#5970,.T.);
#5970 = SURFACE_CURVE('',#5971,(#5975,#5982),.PCURVE_S1.);
#5971 = LINE('',#5972,#5973);
#5972 = CARTESIAN_POINT('',(105.25,0.,2.75));
#5973 = VECTOR('',#5974,1.);
#5974 = DIRECTION('',(0.,0.,1.));
#5975 = PCURVE('',#5825,#5976);
#5976 = DEFINITIONAL_REPRESENTATION('',(#5977),#5981);
#5977 = LINE('',#5978,#5979);
#5978 = CARTESIAN_POINT('',(0.,102.5));
#5979 = VECTOR('',#5980,1.);
#5980 = DIRECTION('',(1.,0.));
#5981 = ( GEOMETRIC_REPRESENTATION_CONTEXT(2) 
PARAMETRIC_REPRESENTATION_CONTEXT() REPRESENTATION_CONTEXT('2D SPACE',''
  ) );
#5982 = PCURVE('',#5983,#5988);
#5983 = PLANE('',#5984);
#5984 = AXIS2_PLACEMENT_3D('',#5985,#5986,#5987);
#5985 = CARTESIAN_POINT('',(105.25,0.,2.75));
#5986 = DIRECTION('',(1.,0.,0.));
#5987 = DIRECTION('',(0.,0.,1.));
#5988 = DEFINITIONAL_REPRESENTATION('',(#5989),#5993);
#5989 = LINE('',#5990,#5991);
#5990 = CARTESIAN_POINT('',(0.,0.));
#5991 = VECTOR('',#5992,1.);
#5992 = DIRECTION('',(1.,0.));
#5993 = ( GEOMETRIC_REPRESENTATION_CONTEXT(2) 
PARAMETRIC_REPRESENTATION_CONTEXT() REPRESENTATION_CONTEXT('2D SPACE',''
  ) );
#5994 = FACE_BOUND('',#5995,.F.);
#5995 = EDGE_LOOP('',(#5996));
#5996 = ORIENTED_EDGE('',*,*,#5997,.F.);
#5997 = EDGE_CURVE('',#5998,#5998,#6000,.T.);
#5998 = VERTEX_POINT('',#5999);
#5999 = CARTESIAN_POINT('',(5.5,0.,7.1));
#6000 = SURFACE_CURVE('',#6001,(#6006,#6013),.PCURVE_S1.);
#6001 = CIRCLE('',#6002,1.6);
#6002 = AXIS2_PLACEMENT_3D('',#6003,#6004,#6005);
#6003 = CARTESIAN_POINT('',(5.5,0.,5.5));
#6004 = DIRECTION('',(0.,1.,0.));
#6005 = DIRECTION('',(0.,-0.,1.));
#6006 = PCURVE('',#5825,#6007);
#6007 = DEFINITIONAL_REPRESENTATION('',(#6008),#6012);
#6008 = CIRCLE('',#6009,1.6);
#6009 = AXIS2_PLACEMENT_2D('',#6010,#6011);
#6010 = CARTESIAN_POINT('',(2.75,2.75));
#6011 = DIRECTION('',(1.,0.));
#6012 = ( GEOMETRIC_REPRESENTATION_CONTEXT(2) 
PARAMETRIC_REPRESENTATION_CONTEXT() REPRESENTATION_CONTEXT('2D SPACE',''
  ) );
#6013 = PCURVE('',#6014,#6019);
#6014 = CYLINDRICAL_SURFACE('',#6015,1.6);
#6015 = AXIS2_PLACEMENT_3D('',#6016,#6017,#6018);
#6016 = CARTESIAN_POINT('',(5.5,-1.,5.5));
#6017 = DIRECTION('',(0.,1.,0.));
#6018 = DIRECTION('',(0.,-0.,1.));
#6019 = DEFINITIONAL_REPRESENTATION('',(#6020),#6024);
#6020 = LINE('',#6021,#6022);
#6021 = CARTESIAN_POINT('',(0.,1.));
#6022 = VECTOR('',#6023,1.);
#6023 = DIRECTION('',(1.,0.));
#6024 = ( GEOMETRIC_REPRESENTATION_CONTEXT(2) 
PARAMETRIC_REPRESENTATION_CONTEXT() REPRESENTATION_CONTEXT('2D SPACE',''
  ) );
#6025 = FACE_BOUND('',#6026,.F.);
#6026 = EDGE_LOOP('',(#6027));
#6027 = ORIENTED_EDGE('',*,*,#6028,.F.);
#6028 = EDGE_CURVE('',#6029,#6029,#6031,.T.);
#6029 = VERTEX_POINT('',#6030);
#6030 = CARTESIAN_POINT('',(13.,0.,12.25));
#6031 = SURFACE_CURVE('',#6032,(#6037,#6044),.PCURVE_S1.);
#6032 = CIRCLE('',#6033,3.25);
#6033 = AXIS2_PLACEMENT_3D('',#6034,#6035,#6036);
#6034 = CARTESIAN_POINT('',(13.,0.,9.));
#6035 = DIRECTION('',(0.,1.,0.));
#6036 = DIRECTION('',(0.,-0.,1.));
#6037 = PCURVE('',#5825,#6038);
#6038 = DEFINITIONAL_REPRESENTATION('',(#6039),#6043);
#6039 = CIRCLE('',#6040,3.25);
#6040 = AXIS2_PLACEMENT_2D('',#6041,#6042);
#6041 = CARTESIAN_POINT('',(6.25,10.25));
#6042 = DIRECTION('',(1.,0.));
#6043 = ( GEOMETRIC_REPRESENTATION_CONTEXT(2) 
PARAMETRIC_REPRESENTATION_CONTEXT() REPRESENTATION_CONTEXT('2D SPACE',''
  ) );
#6044 = PCURVE('',#6045,#6050);
#6045 = CYLINDRICAL_SURFACE('',#6046,3.25);
#6046 = AXIS2_PLACEMENT_3D('',#6047,#6048,#6049);
#6047 = CARTESIAN_POINT('',(13.,-1.,9.));
#6048 = DIRECTION('',(0.,1.,0.));
#6049 = DIRECTION('',(0.,-0.,1.));
#6050 = DEFINITIONAL_REPRESENTATION('',(#6051),#6055);
#6051 = LINE('',#6052,#6053);
#6052 = CARTESIAN_POINT('',(0.,1.));
#6053 = VECTOR('',#6054,1.);
#6054 = DIRECTION('',(1.,0.));
#6055 = ( GEOMETRIC_REPRESENTATION_CONTEXT(2) 
PARAMETRIC_REPRESENTATION_CONTEXT() REPRESENTATION_CONTEXT('2D SPACE',''
  ) );
#6056 = FACE_BOUND('',#6057,.F.);
#6057 = EDGE_LOOP('',(#6058));
#6058 = ORIENTED_EDGE('',*,*,#6059,.F.);
#6059 = EDGE_CURVE('',#6060,#6060,#6062,.T.);
#6060 = VERTEX_POINT('',#6061);
#6061 = CARTESIAN_POINT('',(34.,0.,18.5));
#6062 = SURFACE_CURVE('',#6063,(#6068,#6075),.PCURVE_S1.);
#6063 = CIRCLE('',#6064,3.5);
#6064 = AXIS2_PLACEMENT_3D('',#6065,#6066,#6067);
#6065 = CARTESIAN_POINT('',(34.,0.,15.));
#6066 = DIRECTION('',(0.,1.,0.));
#6067 = DIRECTION('',(0.,-0.,1.));
#6068 = PCURVE('',#5825,#6069);
#6069 = DEFINITIONAL_REPRESENTATION('',(#6070),#6074);
#6070 = CIRCLE('',#6071,3.5);
#6071 = AXIS2_PLACEMENT_2D('',#6072,#6073);
#6072 = CARTESIAN_POINT('',(12.25,31.25));
#6073 = DIRECTION('',(1.,0.));
#6074 = ( GEOMETRIC_REPRESENTATION_CONTEXT(2) 
PARAMETRIC_REPRESENTATION_CONTEXT() REPRESENTATION_CONTEXT('2D SPACE',''
  ) );
#6075 = PCURVE('',#6076,#6081);
#6076 = CYLINDRICAL_SURFACE('',#6077,3.5);
#6077 = AXIS2_PLACEMENT_3D('',#6078,#6079,#6080);
#6078 = CARTESIAN_POINT('',(34.,-1.,15.));
#6079 = DIRECTION('',(0.,1.,0.));
#6080 = DIRECTION('',(0.,-0.,1.));
#6081 = DEFINITIONAL_REPRESENTATION('',(#6082),#6086);
#6082 = LINE('',#6083,#6084);
#6083 = CARTESIAN_POINT('',(0.,1.));
#6084 = VECTOR('',#6085,1.);
#6085 = DIRECTION('',(1.,0.));
#6086 = ( GEOMETRIC_REPRESENTATION_CONTEXT(2) 
PARAMETRIC_REPRESENTATION_CONTEXT() REPRESENTATION_CONTEXT('2D SPACE',''
  ) );
#6087 = FACE_BOUND('',#6088,.F.);
#6088 = EDGE_LOOP('',(#6089));
#6089 = ORIENTED_EDGE('',*,*,#6090,.F.);
#6090 = EDGE_CURVE('',#6091,#6091,#6093,.T.);
#6091 = VERTEX_POINT('',#6092);
#6092 = CARTESIAN_POINT('',(13.,0.,24.6));
#6093 = SURFACE_CURVE('',#6094,(#6099,#6106),.PCURVE_S1.);
#6094 = CIRCLE('',#6095,2.6);
#6095 = AXIS2_PLACEMENT_3D('',#6096,#6097,#6098);
#6096 = CARTESIAN_POINT('',(13.,0.,22.));
#6097 = DIRECTION('',(0.,1.,0.));
#6098 = DIRECTION('',(0.,-0.,1.));
#6099 = PCURVE('',#5825,#6100);
#6100 = DEFINITIONAL_REPRESENTATION('',(#6101),#6105);
#6101 = CIRCLE('',#6102,2.6);
#6102 = AXIS2_PLACEMENT_2D('',#6103,#6104);
#6103 = CARTESIAN_POINT('',(19.25,10.25));
#6104 = DIRECTION('',(1.,0.));
#6105 = ( GEOMETRIC_REPRESENTATION_CONTEXT(2) 
PARAMETRIC_REPRESENTATION_CONTEXT() REPRESENTATION_CONTEXT('2D SPACE',''
  ) );
#6106 = PCURVE('',#6107,#6112);
#6107 = CYLINDRICAL_SURFACE('',#6108,2.6);
#6108 = AXIS2_PLACEMENT_3D('',#6109,#6110,#6111);
#6109 = CARTESIAN_POINT('',(13.,-1.,22.));
#6110 = DIRECTION('',(0.,1.,0.));
#6111 = DIRECTION('',(0.,-0.,1.));
#6112 = DEFINITIONAL_REPRESENTATION('',(#6113),#6117);
#6113 = LINE('',#6114,#6115);
#6114 = CARTESIAN_POINT('',(0.,1.));
#6115 = VECTOR('',#6116,1.);
#6116 = DIRECTION('',(1.,0.));
#6117 = ( GEOMETRIC_REPRESENTATION_CONTEXT(2) 
PARAMETRIC_REPRESENTATION_CONTEXT() REPRESENTATION_CONTEXT('2D SPACE',''
  ) );
#6118 = FACE_BOUND('',#6119,.F.);
#6119 = EDGE_LOOP('',(#6120));
#6120 = ORIENTED_EDGE('',*,*,#6121,.F.);
#6121 = EDGE_CURVE('',#6122,#6122,#6124,.T.);
#6122 = VERTEX_POINT('',#6123);
#6123 = CARTESIAN_POINT('',(5.5,0.,26.1));
#6124 = SURFACE_CURVE('',#6125,(#6130,#6137),.PCURVE_S1.);
#6125 = CIRCLE('',#6126,1.6);
#6126 = AXIS2_PLACEMENT_3D('',#6127,#6128,#6129);
#6127 = CARTESIAN_POINT('',(5.5,0.,24.5));
#6128 = DIRECTION('',(0.,1.,0.));
#6129 = DIRECTION('',(0.,-0.,1.));
#6130 = PCURVE('',#5825,#6131);
#6131 = DEFINITIONAL_REPRESENTATION('',(#6132),#6136);
#6132 = CIRCLE('',#6133,1.6);
#6133 = AXIS2_PLACEMENT_2D('',#6134,#6135);
#6134 = CARTESIAN_POINT('',(21.75,2.75));
#6135 = DIRECTION('',(1.,0.));
#6136 = ( GEOMETRIC_REPRESENTATION_CONTEXT(2) 
PARAMETRIC_REPRESENTATION_CONTEXT() REPRESENTATION_CONTEXT('2D SPACE',''
  ) );
#6137 = PCURVE('',#6138,#6143);
#6138 = CYLINDRICAL_SURFACE('',#6139,1.6);
#6139 = AXIS2_PLACEMENT_3D('',#6140,#6141,#6142);
#6140 = CARTESIAN_POINT('',(5.5,-1.,24.5));
#6141 = DIRECTION('',(0.,1.,0.));
#6142 = DIRECTION('',(0.,-0.,1.));
#6143 = DEFINITIONAL_REPRESENTATION('',(#6144),#6148);
#6144 = LINE('',#6145,#6146);
#6145 = CARTESIAN_POINT('',(0.,1.));
#6146 = VECTOR('',#6147,1.);
#6147 = DIRECTION('',(1.,0.));
#6148 = ( GEOMETRIC_REPRESENTATION_CONTEXT(2) 
PARAMETRIC_REPRESENTATION_CONTEXT() REPRESENTATION_CONTEXT('2D SPACE',''
  ) );
#6149 = FACE_BOUND('',#6150,.F.);
#6150 = EDGE_LOOP('',(#6151));
#6151 = ORIENTED_EDGE('',*,*,#6152,.F.);
#6152 = EDGE_CURVE('',#6153,#6153,#6155,.T.);
#6153 = VERTEX_POINT('',#6154);
#6154 = CARTESIAN_POINT('',(54.,0.,18.5));
#6155 = SURFACE_CURVE('',#6156,(#6161,#6168),.PCURVE_S1.);
#6156 = CIRCLE('',#6157,3.5);
#6157 = AXIS2_PLACEMENT_3D('',#6158,#6159,#6160);
#6158 = CARTESIAN_POINT('',(54.,0.,15.));
#6159 = DIRECTION('',(0.,1.,0.));
#6160 = DIRECTION('',(0.,-0.,1.));
#6161 = PCURVE('',#5825,#6162);
#6162 = DEFINITIONAL_REPRESENTATION('',(#6163),#6167);
#6163 = CIRCLE('',#6164,3.5);
#6164 = AXIS2_PLACEMENT_2D('',#6165,#6166);
#6165 = CARTESIAN_POINT('',(12.25,51.25));
#6166 = DIRECTION('',(1.,0.));
#6167 = ( GEOMETRIC_REPRESENTATION_CONTEXT(2) 
PARAMETRIC_REPRESENTATION_CONTEXT() REPRESENTATION_CONTEXT('2D SPACE',''
  ) );
#6168 = PCURVE('',#6169,#6174);
#6169 = CYLINDRICAL_SURFACE('',#6170,3.5);
#6170 = AXIS2_PLACEMENT_3D('',#6171,#6172,#6173);
#6171 = CARTESIAN_POINT('',(54.,-1.,15.));
#6172 = DIRECTION('',(0.,1.,0.));
#6173 = DIRECTION('',(0.,-0.,1.));
#6174 = DEFINITIONAL_REPRESENTATION('',(#6175),#6179);
#6175 = LINE('',#6176,#6177);
#6176 = CARTESIAN_POINT('',(0.,1.));
#6177 = VECTOR('',#6178,1.);
#6178 = DIRECTION('',(1.,0.));
#6179 = ( GEOMETRIC_REPRESENTATION_CONTEXT(2) 
PARAMETRIC_REPRESENTATION_CONTEXT() REPRESENTATION_CONTEXT('2D SPACE',''
  ) );
#6180 = FACE_BOUND('',#6181,.F.);
#6181 = EDGE_LOOP('',(#6182));
#6182 = ORIENTED_EDGE('',*,*,#6183,.F.);
#6183 = EDGE_CURVE('',#6184,#6184,#6186,.T.);
#6184 = VERTEX_POINT('',#6185);
#6185 = CARTESIAN_POINT('',(74.,0.,18.5));
#6186 = SURFACE_CURVE('',#6187,(#6192,#6199),.PCURVE_S1.);
#6187 = CIRCLE('',#6188,3.5);
#6188 = AXIS2_PLACEMENT_3D('',#6189,#6190,#6191);
#6189 = CARTESIAN_POINT('',(74.,0.,15.));
#6190 = DIRECTION('',(0.,1.,0.));
#6191 = DIRECTION('',(0.,-0.,1.));
#6192 = PCURVE('',#5825,#6193);
#6193 = DEFINITIONAL_REPRESENTATION('',(#6194),#6198);
#6194 = CIRCLE('',#6195,3.5);
#6195 = AXIS2_PLACEMENT_2D('',#6196,#6197);
#6196 = CARTESIAN_POINT('',(12.25,71.25));
#6197 = DIRECTION('',(1.,0.));
#6198 = ( GEOMETRIC_REPRESENTATION_CONTEXT(2) 
PARAMETRIC_REPRESENTATION_CONTEXT() REPRESENTATION_CONTEXT('2D SPACE',''
  ) );
#6199 = PCURVE('',#6200,#6205);
#6200 = CYLINDRICAL_SURFACE('',#6201,3.5);
#6201 = AXIS2_PLACEMENT_3D('',#6202,#6203,#6204);
#6202 = CARTESIAN_POINT('',(74.,-1.,15.));
#6203 = DIRECTION('',(0.,1.,0.));
#6204 = DIRECTION('',(0.,-0.,1.));
#6205 = DEFINITIONAL_REPRESENTATION('',(#6206),#6210);
#6206 = LINE('',#6207,#6208);
#6207 = CARTESIAN_POINT('',(0.,1.));
#6208 = VECTOR('',#6209,1.);
#6209 = DIRECTION('',(1.,0.));
#6210 = ( GEOMETRIC_REPRESENTATION_CONTEXT(2) 
PARAMETRIC_REPRESENTATION_CONTEXT() REPRESENTATION_CONTEXT('2D SPACE',''
  ) );
#6211 = FACE_BOUND('',#6212,.F.);
#6212 = EDGE_LOOP('',(#6213));
#6213 = ORIENTED_EDGE('',*,*,#6214,.F.);
#6214 = EDGE_CURVE('',#6215,#6215,#6217,.T.);
#6215 = VERTEX_POINT('',#6216);
#6216 = CARTESIAN_POINT('',(102.5,0.,7.1));
#6217 = SURFACE_CURVE('',#6218,(#6223,#6230),.PCURVE_S1.);
#6218 = CIRCLE('',#6219,1.6);
#6219 = AXIS2_PLACEMENT_3D('',#6220,#6221,#6222);
#6220 = CARTESIAN_POINT('',(102.5,0.,5.5));
#6221 = DIRECTION('',(0.,1.,0.));
#6222 = DIRECTION('',(0.,-0.,1.));
#6223 = PCURVE('',#5825,#6224);
#6224 = DEFINITIONAL_REPRESENTATION('',(#6225),#6229);
#6225 = CIRCLE('',#6226,1.6);
#6226 = AXIS2_PLACEMENT_2D('',#6227,#6228);
#6227 = CARTESIAN_POINT('',(2.75,99.75));
#6228 = DIRECTION('',(1.,0.));
#6229 = ( GEOMETRIC_REPRESENTATION_CONTEXT(2) 
PARAMETRIC_REPRESENTATION_CONTEXT() REPRESENTATION_CONTEXT('2D SPACE',''
  ) );
#6230 = PCURVE('',#6231,#6236);
#6231 = CYLINDRICAL_SURFACE('',#6232,1.6);
#6232 = AXIS2_PLACEMENT_3D('',#6233,#6234,#6235);
#6233 = CARTESIAN_POINT('',(102.5,-1.,5.5));
#6234 = DIRECTION('',(0.,1.,0.));
#6235 = DIRECTION('',(0.,-0.,1.));
#6236 = DEFINITIONAL_REPRESENTATION('',(#6237),#6241);
#6237 = LINE('',#6238,#6239);
#6238 = CARTESIAN_POINT('',(0.,1.));
#6239 = VECTOR('',#6240,1.);
#6240 = DIRECTION('',(1.,0.));
#6241 = ( GEOMETRIC_REPRESENTATION_CONTEXT(2) 
PARAMETRIC_REPRESENTATION_CONTEXT() REPRESENTATION_CONTEXT('2D SPACE',''
  ) );
#6242 = FACE_BOUND('',#6243,.F.);
#6243 = EDGE_LOOP('',(#6244));
#6244 = ORIENTED_EDGE('',*,*,#6245,.F.);
#6245 = EDGE_CURVE('',#6246,#6246,#6248,.T.);
#6246 = VERTEX_POINT('',#6247);
#6247 = CARTESIAN_POINT('',(96.,0.,12.25));
#6248 = SURFACE_CURVE('',#6249,(#6254,#6261),.PCURVE_S1.);
#6249 = CIRCLE('',#6250,3.25);
#6250 = AXIS2_PLACEMENT_3D('',#6251,#6252,#6253);
#6251 = CARTESIAN_POINT('',(96.,0.,9.));
#6252 = DIRECTION('',(0.,1.,0.));
#6253 = DIRECTION('',(0.,-0.,1.));
#6254 = PCURVE('',#5825,#6255);
#6255 = DEFINITIONAL_REPRESENTATION('',(#6256),#6260);
#6256 = CIRCLE('',#6257,3.25);
#6257 = AXIS2_PLACEMENT_2D('',#6258,#6259);
#6258 = CARTESIAN_POINT('',(6.25,93.25));
#6259 = DIRECTION('',(1.,0.));
#6260 = ( GEOMETRIC_REPRESENTATION_CONTEXT(2) 
PARAMETRIC_REPRESENTATION_CONTEXT() REPRESENTATION_CONTEXT('2D SPACE',''
  ) );
#6261 = PCURVE('',#6262,#6267);
#6262 = CYLINDRICAL_SURFACE('',#6263,3.25);
#6263 = AXIS2_PLACEMENT_3D('',#6264,#6265,#6266);
#6264 = CARTESIAN_POINT('',(96.,-1.,9.));
#6265 = DIRECTION('',(0.,1.,0.));
#6266 = DIRECTION('',(0.,-0.,1.));
#6267 = DEFINITIONAL_REPRESENTATION('',(#6268),#6272);
#6268 = LINE('',#6269,#6270);
#6269 = CARTESIAN_POINT('',(0.,1.));
#6270 = VECTOR('',#6271,1.);
#6271 = DIRECTION('',(1.,0.));
#6272 = ( GEOMETRIC_REPRESENTATION_CONTEXT(2) 
PARAMETRIC_REPRESENTATION_CONTEXT() REPRESENTATION_CONTEXT('2D SPACE',''
  ) );
#6273 = FACE_BOUND('',#6274,.F.);
#6274 = EDGE_LOOP('',(#6275));
#6275 = ORIENTED_EDGE('',*,*,#6276,.F.);
#6276 = EDGE_CURVE('',#6277,#6277,#6279,.T.);
#6277 = VERTEX_POINT('',#6278);
#6278 = CARTESIAN_POINT('',(102.5,0.,26.1));
#6279 = SURFACE_CURVE('',#6280,(#6285,#6292),.PCURVE_S1.);
#6280 = CIRCLE('',#6281,1.6);
#6281 = AXIS2_PLACEMENT_3D('',#6282,#6283,#6284);
#6282 = CARTESIAN_POINT('',(102.5,0.,24.5));
#6283 = DIRECTION('',(0.,1.,0.));
#6284 = DIRECTION('',(0.,-0.,1.));
#6285 = PCURVE('',#5825,#6286);
#6286 = DEFINITIONAL_REPRESENTATION('',(#6287),#6291);
#6287 = CIRCLE('',#6288,1.6);
#6288 = AXIS2_PLACEMENT_2D('',#6289,#6290);
#6289 = CARTESIAN_POINT('',(21.75,99.75));
#6290 = DIRECTION('',(1.,0.));
#6291 = ( GEOMETRIC_REPRESENTATION_CONTEXT(2) 
PARAMETRIC_REPRESENTATION_CONTEXT() REPRESENTATION_CONTEXT('2D SPACE',''
  ) );
#6292 = PCURVE('',#6293,#6298);
#6293 = CYLINDRICAL_SURFACE('',#6294,1.6);
#6294 = AXIS2_PLACEMENT_3D('',#6295,#6296,#6297);
#6295 = CARTESIAN_POINT('',(102.5,-1.,24.5));
#6296 = DIRECTION('',(0.,1.,0.));
#6297 = DIRECTION('',(0.,-0.,1.));
#6298 = DEFINITIONAL_REPRESENTATION('',(#6299),#6303);
#6299 = LINE('',#6300,#6301);
#6300 = CARTESIAN_POINT('',(0.,1.));
#6301 = VECTOR('',#6302,1.);
#6302 = DIRECTION('',(1.,0.));
#6303 = ( GEOMETRIC_REPRESENTATION_CONTEXT(2) 
PARAMETRIC_REPRESENTATION_CONTEXT() REPRESENTATION_CONTEXT('2D SPACE',''
  ) );
#6304 = ADVANCED_FACE('',(#6305),#5907,.T.);
#6305 = FACE_BOUND('',#6306,.T.);
#6306 = EDGE_LOOP('',(#6307,#6308,#6309,#6332));
#6307 = ORIENTED_EDGE('',*,*,#5893,.F.);
#6308 = ORIENTED_EDGE('',*,*,#5946,.T.);
#6309 = ORIENTED_EDGE('',*,*,#6310,.T.);
#6310 = EDGE_CURVE('',#5947,#6311,#6313,.T.);
#6311 = VERTEX_POINT('',#6312);
#6312 = CARTESIAN_POINT('',(105.25,2.5,27.25));
#6313 = SURFACE_CURVE('',#6314,(#6318,#6325),.PCURVE_S1.);
#6314 = LINE('',#6315,#6316);
#6315 = CARTESIAN_POINT('',(105.25,0.,27.25));
#6316 = VECTOR('',#6317,1.);
#6317 = DIRECTION('',(0.,1.,0.));
#6318 = PCURVE('',#5907,#6319);
#6319 = DEFINITIONAL_REPRESENTATION('',(#6320),#6324);
#6320 = LINE('',#6321,#6322);
#6321 = CARTESIAN_POINT('',(102.5,0.));
#6322 = VECTOR('',#6323,1.);
#6323 = DIRECTION('',(0.,1.));
#6324 = ( GEOMETRIC_REPRESENTATION_CONTEXT(2) 
PARAMETRIC_REPRESENTATION_CONTEXT() REPRESENTATION_CONTEXT('2D SPACE',''
  ) );
#6325 = PCURVE('',#5983,#6326);
#6326 = DEFINITIONAL_REPRESENTATION('',(#6327),#6331);
#6327 = LINE('',#6328,#6329);
#6328 = CARTESIAN_POINT('',(24.5,0.));
#6329 = VECTOR('',#6330,1.);
#6330 = DIRECTION('',(0.,-1.));
#6331 = ( GEOMETRIC_REPRESENTATION_CONTEXT(2) 
PARAMETRIC_REPRESENTATION_CONTEXT() REPRESENTATION_CONTEXT('2D SPACE',''
  ) );
#6332 = ORIENTED_EDGE('',*,*,#6333,.F.);
#6333 = EDGE_CURVE('',#5866,#6311,#6334,.T.);
#6334 = SURFACE_CURVE('',#6335,(#6339,#6346),.PCURVE_S1.);
#6335 = LINE('',#6336,#6337);
#6336 = CARTESIAN_POINT('',(2.75,2.5,27.25));
#6337 = VECTOR('',#6338,1.);
#6338 = DIRECTION('',(1.,0.,0.));
#6339 = PCURVE('',#5907,#6340);
#6340 = DEFINITIONAL_REPRESENTATION('',(#6341),#6345);
#6341 = LINE('',#6342,#6343);
#6342 = CARTESIAN_POINT('',(0.,2.5));
#6343 = VECTOR('',#6344,1.);
#6344 = DIRECTION('',(1.,0.));
#6345 = ( GEOMETRIC_REPRESENTATION_CONTEXT(2) 
PARAMETRIC_REPRESENTATION_CONTEXT() REPRESENTATION_CONTEXT('2D SPACE',''
  ) );
#6346 = PCURVE('',#5881,#6347);
#6347 = DEFINITIONAL_REPRESENTATION('',(#6348),#6352);
#6348 = LINE('',#6349,#6350);
#6349 = CARTESIAN_POINT('',(24.5,0.));
#6350 = VECTOR('',#6351,1.);
#6351 = DIRECTION('',(0.,1.));
#6352 = ( GEOMETRIC_REPRESENTATION_CONTEXT(2) 
PARAMETRIC_REPRESENTATION_CONTEXT() REPRESENTATION_CONTEXT('2D SPACE',''
  ) );
#6353 = ADVANCED_FACE('',(#6354,#6402,#6428,#6454,#6480,#6506,#6532,
    #6558,#6584,#6610,#6636),#5881,.T.);
#6354 = FACE_BOUND('',#6355,.T.);
#6355 = EDGE_LOOP('',(#6356,#6379,#6380,#6381));
#6356 = ORIENTED_EDGE('',*,*,#6357,.F.);
#6357 = EDGE_CURVE('',#5838,#6358,#6360,.T.);
#6358 = VERTEX_POINT('',#6359);
#6359 = CARTESIAN_POINT('',(105.25,2.5,2.75));
#6360 = SURFACE_CURVE('',#6361,(#6365,#6372),.PCURVE_S1.);
#6361 = LINE('',#6362,#6363);
#6362 = CARTESIAN_POINT('',(2.75,2.5,2.75));
#6363 = VECTOR('',#6364,1.);
#6364 = DIRECTION('',(1.,0.,0.));
#6365 = PCURVE('',#5881,#6366);
#6366 = DEFINITIONAL_REPRESENTATION('',(#6367),#6371);
#6367 = LINE('',#6368,#6369);
#6368 = CARTESIAN_POINT('',(0.,0.));
#6369 = VECTOR('',#6370,1.);
#6370 = DIRECTION('',(0.,1.));
#6371 = ( GEOMETRIC_REPRESENTATION_CONTEXT(2) 
PARAMETRIC_REPRESENTATION_CONTEXT() REPRESENTATION_CONTEXT('2D SPACE',''
  ) );
#6372 = PCURVE('',#5853,#6373);
#6373 = DEFINITIONAL_REPRESENTATION('',(#6374),#6378);
#6374 = LINE('',#6375,#6376);
#6375 = CARTESIAN_POINT('',(0.,2.5));
#6376 = VECTOR('',#6377,1.);
#6377 = DIRECTION('',(1.,0.));
#6378 = ( GEOMETRIC_REPRESENTATION_CONTEXT(2) 
PARAMETRIC_REPRESENTATION_CONTEXT() REPRESENTATION_CONTEXT('2D SPACE',''
  ) );
#6379 = ORIENTED_EDGE('',*,*,#5865,.T.);
#6380 = ORIENTED_EDGE('',*,*,#6333,.T.);
#6381 = ORIENTED_EDGE('',*,*,#6382,.F.);
#6382 = EDGE_CURVE('',#6358,#6311,#6383,.T.);
#6383 = SURFACE_CURVE('',#6384,(#6388,#6395),.PCURVE_S1.);
#6384 = LINE('',#6385,#6386);
#6385 = CARTESIAN_POINT('',(105.25,2.5,2.75));
#6386 = VECTOR('',#6387,1.);
#6387 = DIRECTION('',(0.,0.,1.));
#6388 = PCURVE('',#5881,#6389);
#6389 = DEFINITIONAL_REPRESENTATION('',(#6390),#6394);
#6390 = LINE('',#6391,#6392);
#6391 = CARTESIAN_POINT('',(0.,102.5));
#6392 = VECTOR('',#6393,1.);
#6393 = DIRECTION('',(1.,0.));
#6394 = ( GEOMETRIC_REPRESENTATION_CONTEXT(2) 
PARAMETRIC_REPRESENTATION_CONTEXT() REPRESENTATION_CONTEXT('2D SPACE',''
  ) );
#6395 = PCURVE('',#5983,#6396);
#6396 = DEFINITIONAL_REPRESENTATION('',(#6397),#6401);
#6397 = LINE('',#6398,#6399);
#6398 = CARTESIAN_POINT('',(0.,-2.5));
#6399 = VECTOR('',#6400,1.);
#6400 = DIRECTION('',(1.,0.));
#6401 = ( GEOMETRIC_REPRESENTATION_CONTEXT(2) 
PARAMETRIC_REPRESENTATION_CONTEXT() REPRESENTATION_CONTEXT('2D SPACE',''
  ) );
#6402 = FACE_BOUND('',#6403,.T.);
#6403 = EDGE_LOOP('',(#6404));
#6404 = ORIENTED_EDGE('',*,*,#6405,.F.);
#6405 = EDGE_CURVE('',#6406,#6406,#6408,.T.);
#6406 = VERTEX_POINT('',#6407);
#6407 = CARTESIAN_POINT('',(5.5,2.5,7.1));
#6408 = SURFACE_CURVE('',#6409,(#6414,#6421),.PCURVE_S1.);
#6409 = CIRCLE('',#6410,1.6);
#6410 = AXIS2_PLACEMENT_3D('',#6411,#6412,#6413);
#6411 = CARTESIAN_POINT('',(5.5,2.5,5.5));
#6412 = DIRECTION('',(0.,1.,0.));
#6413 = DIRECTION('',(0.,-0.,1.));
#6414 = PCURVE('',#5881,#6415);
#6415 = DEFINITIONAL_REPRESENTATION('',(#6416),#6420);
#6416 = CIRCLE('',#6417,1.6);
#6417 = AXIS2_PLACEMENT_2D('',#6418,#6419);
#6418 = CARTESIAN_POINT('',(2.75,2.75));
#6419 = DIRECTION('',(1.,0.));
#6420 = ( GEOMETRIC_REPRESENTATION_CONTEXT(2) 
PARAMETRIC_REPRESENTATION_CONTEXT() REPRESENTATION_CONTEXT('2D SPACE',''
  ) );
#6421 = PCURVE('',#6014,#6422);
#6422 = DEFINITIONAL_REPRESENTATION('',(#6423),#6427);
#6423 = LINE('',#6424,#6425);
#6424 = CARTESIAN_POINT('',(0.,3.5));
#6425 = VECTOR('',#6426,1.);
#6426 = DIRECTION('',(1.,0.));
#6427 = ( GEOMETRIC_REPRESENTATION_CONTEXT(2) 
PARAMETRIC_REPRESENTATION_CONTEXT() REPRESENTATION_CONTEXT('2D SPACE',''
  ) );
#6428 = FACE_BOUND('',#6429,.T.);
#6429 = EDGE_LOOP('',(#6430));
#6430 = ORIENTED_EDGE('',*,*,#6431,.F.);
#6431 = EDGE_CURVE('',#6432,#6432,#6434,.T.);
#6432 = VERTEX_POINT('',#6433);
#6433 = CARTESIAN_POINT('',(13.,2.5,12.25));
#6434 = SURFACE_CURVE('',#6435,(#6440,#6447),.PCURVE_S1.);
#6435 = CIRCLE('',#6436,3.25);
#6436 = AXIS2_PLACEMENT_3D('',#6437,#6438,#6439);
#6437 = CARTESIAN_POINT('',(13.,2.5,9.));
#6438 = DIRECTION('',(0.,1.,0.));
#6439 = DIRECTION('',(0.,-0.,1.));
#6440 = PCURVE('',#5881,#6441);
#6441 = DEFINITIONAL_REPRESENTATION('',(#6442),#6446);
#6442 = CIRCLE('',#6443,3.25);
#6443 = AXIS2_PLACEMENT_2D('',#6444,#6445);
#6444 = CARTESIAN_POINT('',(6.25,10.25));
#6445 = DIRECTION('',(1.,0.));
#6446 = ( GEOMETRIC_REPRESENTATION_CONTEXT(2) 
PARAMETRIC_REPRESENTATION_CONTEXT() REPRESENTATION_CONTEXT('2D SPACE',''
  ) );
#6447 = PCURVE('',#6045,#6448);
#6448 = DEFINITIONAL_REPRESENTATION('',(#6449),#6453);
#6449 = LINE('',#6450,#6451);
#6450 = CARTESIAN_POINT('',(0.,3.5));
#6451 = VECTOR('',#6452,1.);
#6452 = DIRECTION('',(1.,0.));
#6453 = ( GEOMETRIC_REPRESENTATION_CONTEXT(2) 
PARAMETRIC_REPRESENTATION_CONTEXT() REPRESENTATION_CONTEXT('2D SPACE',''
  ) );
#6454 = FACE_BOUND('',#6455,.T.);
#6455 = EDGE_LOOP('',(#6456));
#6456 = ORIENTED_EDGE('',*,*,#6457,.F.);
#6457 = EDGE_CURVE('',#6458,#6458,#6460,.T.);
#6458 = VERTEX_POINT('',#6459);
#6459 = CARTESIAN_POINT('',(34.,2.5,18.5));
#6460 = SURFACE_CURVE('',#6461,(#6466,#6473),.PCURVE_S1.);
#6461 = CIRCLE('',#6462,3.5);
#6462 = AXIS2_PLACEMENT_3D('',#6463,#6464,#6465);
#6463 = CARTESIAN_POINT('',(34.,2.5,15.));
#6464 = DIRECTION('',(0.,1.,0.));
#6465 = DIRECTION('',(0.,-0.,1.));
#6466 = PCURVE('',#5881,#6467);
#6467 = DEFINITIONAL_REPRESENTATION('',(#6468),#6472);
#6468 = CIRCLE('',#6469,3.5);
#6469 = AXIS2_PLACEMENT_2D('',#6470,#6471);
#6470 = CARTESIAN_POINT('',(12.25,31.25));
#6471 = DIRECTION('',(1.,0.));
#6472 = ( GEOMETRIC_REPRESENTATION_CONTEXT(2) 
PARAMETRIC_REPRESENTATION_CONTEXT() REPRESENTATION_CONTEXT('2D SPACE',''
  ) );
#6473 = PCURVE('',#6076,#6474);
#6474 = DEFINITIONAL_REPRESENTATION('',(#6475),#6479);
#6475 = LINE('',#6476,#6477);
#6476 = CARTESIAN_POINT('',(0.,3.5));
#6477 = VECTOR('',#6478,1.);
#6478 = DIRECTION('',(1.,0.));
#6479 = ( GEOMETRIC_REPRESENTATION_CONTEXT(2) 
PARAMETRIC_REPRESENTATION_CONTEXT() REPRESENTATION_CONTEXT('2D SPACE',''
  ) );
#6480 = FACE_BOUND('',#6481,.T.);
#6481 = EDGE_LOOP('',(#6482));
#6482 = ORIENTED_EDGE('',*,*,#6483,.F.);
#6483 = EDGE_CURVE('',#6484,#6484,#6486,.T.);
#6484 = VERTEX_POINT('',#6485);
#6485 = CARTESIAN_POINT('',(13.,2.5,24.6));
#6486 = SURFACE_CURVE('',#6487,(#6492,#6499),.PCURVE_S1.);
#6487 = CIRCLE('',#6488,2.6);
#6488 = AXIS2_PLACEMENT_3D('',#6489,#6490,#6491);
#6489 = CARTESIAN_POINT('',(13.,2.5,22.));
#6490 = DIRECTION('',(0.,1.,0.));
#6491 = DIRECTION('',(0.,-0.,1.));
#6492 = PCURVE('',#5881,#6493);
#6493 = DEFINITIONAL_REPRESENTATION('',(#6494),#6498);
#6494 = CIRCLE('',#6495,2.6);
#6495 = AXIS2_PLACEMENT_2D('',#6496,#6497);
#6496 = CARTESIAN_POINT('',(19.25,10.25));
#6497 = DIRECTION('',(1.,0.));
#6498 = ( GEOMETRIC_REPRESENTATION_CONTEXT(2) 
PARAMETRIC_REPRESENTATION_CONTEXT() REPRESENTATION_CONTEXT('2D SPACE',''
  ) );
#6499 = PCURVE('',#6107,#6500);
#6500 = DEFINITIONAL_REPRESENTATION('',(#6501),#6505);
#6501 = LINE('',#6502,#6503);
#6502 = CARTESIAN_POINT('',(0.,3.5));
#6503 = VECTOR('',#6504,1.);
#6504 = DIRECTION('',(1.,0.));
#6505 = ( GEOMETRIC_REPRESENTATION_CONTEXT(2) 
PARAMETRIC_REPRESENTATION_CONTEXT() REPRESENTATION_CONTEXT('2D SPACE',''
  ) );
#6506 = FACE_BOUND('',#6507,.T.);
#6507 = EDGE_LOOP('',(#6508));
#6508 = ORIENTED_EDGE('',*,*,#6509,.F.);
#6509 = EDGE_CURVE('',#6510,#6510,#6512,.T.);
#6510 = VERTEX_POINT('',#6511);
#6511 = CARTESIAN_POINT('',(5.5,2.5,26.1));
#6512 = SURFACE_CURVE('',#6513,(#6518,#6525),.PCURVE_S1.);
#6513 = CIRCLE('',#6514,1.6);
#6514 = AXIS2_PLACEMENT_3D('',#6515,#6516,#6517);
#6515 = CARTESIAN_POINT('',(5.5,2.5,24.5));
#6516 = DIRECTION('',(0.,1.,0.));
#6517 = DIRECTION('',(0.,-0.,1.));
#6518 = PCURVE('',#5881,#6519);
#6519 = DEFINITIONAL_REPRESENTATION('',(#6520),#6524);
#6520 = CIRCLE('',#6521,1.6);
#6521 = AXIS2_PLACEMENT_2D('',#6522,#6523);
#6522 = CARTESIAN_POINT('',(21.75,2.75));
#6523 = DIRECTION('',(1.,0.));
#6524 = ( GEOMETRIC_REPRESENTATION_CONTEXT(2) 
PARAMETRIC_REPRESENTATION_CONTEXT() REPRESENTATION_CONTEXT('2D SPACE',''
  ) );
#6525 = PCURVE('',#6138,#6526);
#6526 = DEFINITIONAL_REPRESENTATION('',(#6527),#6531);
#6527 = LINE('',#6528,#6529);
#6528 = CARTESIAN_POINT('',(0.,3.5));
#6529 = VECTOR('',#6530,1.);
#6530 = DIRECTION('',(1.,0.));
#6531 = ( GEOMETRIC_REPRESENTATION_CONTEXT(2) 
PARAMETRIC_REPRESENTATION_CONTEXT() REPRESENTATION_CONTEXT('2D SPACE',''
  ) );
#6532 = FACE_BOUND('',#6533,.T.);
#6533 = EDGE_LOOP('',(#6534));
#6534 = ORIENTED_EDGE('',*,*,#6535,.F.);
#6535 = EDGE_CURVE('',#6536,#6536,#6538,.T.);
#6536 = VERTEX_POINT('',#6537);
#6537 = CARTESIAN_POINT('',(54.,2.5,18.5));
#6538 = SURFACE_CURVE('',#6539,(#6544,#6551),.PCURVE_S1.);
#6539 = CIRCLE('',#6540,3.5);
#6540 = AXIS2_PLACEMENT_3D('',#6541,#6542,#6543);
#6541 = CARTESIAN_POINT('',(54.,2.5,15.));
#6542 = DIRECTION('',(0.,1.,0.));
#6543 = DIRECTION('',(0.,-0.,1.));
#6544 = PCURVE('',#5881,#6545);
#6545 = DEFINITIONAL_REPRESENTATION('',(#6546),#6550);
#6546 = CIRCLE('',#6547,3.5);
#6547 = AXIS2_PLACEMENT_2D('',#6548,#6549);
#6548 = CARTESIAN_POINT('',(12.25,51.25));
#6549 = DIRECTION('',(1.,0.));
#6550 = ( GEOMETRIC_REPRESENTATION_CONTEXT(2) 
PARAMETRIC_REPRESENTATION_CONTEXT() REPRESENTATION_CONTEXT('2D SPACE',''
  ) );
#6551 = PCURVE('',#6169,#6552);
#6552 = DEFINITIONAL_REPRESENTATION('',(#6553),#6557);
#6553 = LINE('',#6554,#6555);
#6554 = CARTESIAN_POINT('',(0.,3.5));
#6555 = VECTOR('',#6556,1.);
#6556 = DIRECTION('',(1.,0.));
#6557 = ( GEOMETRIC_REPRESENTATION_CONTEXT(2) 
PARAMETRIC_REPRESENTATION_CONTEXT() REPRESENTATION_CONTEXT('2D SPACE',''
  ) );
#6558 = FACE_BOUND('',#6559,.T.);
#6559 = EDGE_LOOP('',(#6560));
#6560 = ORIENTED_EDGE('',*,*,#6561,.F.);
#6561 = EDGE_CURVE('',#6562,#6562,#6564,.T.);
#6562 = VERTEX_POINT('',#6563);
#6563 = CARTESIAN_POINT('',(74.,2.5,18.5));
#6564 = SURFACE_CURVE('',#6565,(#6570,#6577),.PCURVE_S1.);
#6565 = CIRCLE('',#6566,3.5);
#6566 = AXIS2_PLACEMENT_3D('',#6567,#6568,#6569);
#6567 = CARTESIAN_POINT('',(74.,2.5,15.));
#6568 = DIRECTION('',(0.,1.,0.));
#6569 = DIRECTION('',(0.,-0.,1.));
#6570 = PCURVE('',#5881,#6571);
#6571 = DEFINITIONAL_REPRESENTATION('',(#6572),#6576);
#6572 = CIRCLE('',#6573,3.5);
#6573 = AXIS2_PLACEMENT_2D('',#6574,#6575);
#6574 = CARTESIAN_POINT('',(12.25,71.25));
#6575 = DIRECTION('',(1.,0.));
#6576 = ( GEOMETRIC_REPRESENTATION_CONTEXT(2) 
PARAMETRIC_REPRESENTATION_CONTEXT() REPRESENTATION_CONTEXT('2D SPACE',''
  ) );
#6577 = PCURVE('',#6200,#6578);
#6578 = DEFINITIONAL_REPRESENTATION('',(#6579),#6583);
#6579 = LINE('',#6580,#6581);
#6580 = CARTESIAN_POINT('',(0.,3.5));
#6581 = VECTOR('',#6582,1.);
#6582 = DIRECTION('',(1.,0.));
#6583 = ( GEOMETRIC_REPRESENTATION_CONTEXT(2) 
PARAMETRIC_REPRESENTATION_CONTEXT() REPRESENTATION_CONTEXT('2D SPACE',''
  ) );
#6584 = FACE_BOUND('',#6585,.T.);
#6585 = EDGE_LOOP('',(#6586));
#6586 = ORIENTED_EDGE('',*,*,#6587,.F.);
#6587 = EDGE_CURVE('',#6588,#6588,#6590,.T.);
#6588 = VERTEX_POINT('',#6589);
#6589 = CARTESIAN_POINT('',(102.5,2.5,7.1));
#6590 = SURFACE_CURVE('',#6591,(#6596,#6603),.PCURVE_S1.);
#6591 = CIRCLE('',#6592,1.6);
#6592 = AXIS2_PLACEMENT_3D('',#6593,#6594,#6595);
#6593 = CARTESIAN_POINT('',(102.5,2.5,5.5));
#6594 = DIRECTION('',(0.,1.,0.));
#6595 = DIRECTION('',(0.,-0.,1.));
#6596 = PCURVE('',#5881,#6597);
#6597 = DEFINITIONAL_REPRESENTATION('',(#6598),#6602);
#6598 = CIRCLE('',#6599,1.6);
#6599 = AXIS2_PLACEMENT_2D('',#6600,#6601);
#6600 = CARTESIAN_POINT('',(2.75,99.75));
#6601 = DIRECTION('',(1.,0.));
#6602 = ( GEOMETRIC_REPRESENTATION_CONTEXT(2) 
PARAMETRIC_REPRESENTATION_CONTEXT() REPRESENTATION_CONTEXT('2D SPACE',''
  ) );
#6603 = PCURVE('',#6231,#6604);
#6604 = DEFINITIONAL_REPRESENTATION('',(#6605),#6609);
#6605 = LINE('',#6606,#6607);
#6606 = CARTESIAN_POINT('',(0.,3.5));
#6607 = VECTOR('',#6608,1.);
#6608 = DIRECTION('',(1.,0.));
#6609 = ( GEOMETRIC_REPRESENTATION_CONTEXT(2) 
PARAMETRIC_REPRESENTATION_CONTEXT() REPRESENTATION_CONTEXT('2D SPACE',''
  ) );
#6610 = FACE_BOUND('',#6611,.T.);
#6611 = EDGE_LOOP('',(#6612));
#6612 = ORIENTED_EDGE('',*,*,#6613,.F.);
#6613 = EDGE_CURVE('',#6614,#6614,#6616,.T.);
#6614 = VERTEX_POINT('',#6615);
#6615 = CARTESIAN_POINT('',(96.,2.5,12.25));
#6616 = SURFACE_CURVE('',#6617,(#6622,#6629),.PCURVE_S1.);
#6617 = CIRCLE('',#6618,3.25);
#6618 = AXIS2_PLACEMENT_3D('',#6619,#6620,#6621);
#6619 = CARTESIAN_POINT('',(96.,2.5,9.));
#6620 = DIRECTION('',(0.,1.,0.));
#6621 = DIRECTION('',(0.,-0.,1.));
#6622 = PCURVE('',#5881,#6623);
#6623 = DEFINITIONAL_REPRESENTATION('',(#6624),#6628);
#6624 = CIRCLE('',#6625,3.25);
#6625 = AXIS2_PLACEMENT_2D('',#6626,#6627);
#6626 = CARTESIAN_POINT('',(6.25,93.25));
#6627 = DIRECTION('',(1.,0.));
#6628 = ( GEOMETRIC_REPRESENTATION_CONTEXT(2) 
PARAMETRIC_REPRESENTATION_CONTEXT() REPRESENTATION_CONTEXT('2D SPACE',''
  ) );
#6629 = PCURVE('',#6262,#6630);
#6630 = DEFINITIONAL_REPRESENTATION('',(#6631),#6635);
#6631 = LINE('',#6632,#6633);
#6632 = CARTESIAN_POINT('',(0.,3.5));
#6633 = VECTOR('',#6634,1.);
#6634 = DIRECTION('',(1.,0.));
#6635 = ( GEOMETRIC_REPRESENTATION_CONTEXT(2) 
PARAMETRIC_REPRESENTATION_CONTEXT() REPRESENTATION_CONTEXT('2D SPACE',''
  ) );
#6636 = FACE_BOUND('',#6637,.T.);
#6637 = EDGE_LOOP('',(#6638));
#6638 = ORIENTED_EDGE('',*,*,#6639,.F.);
#6639 = EDGE_CURVE('',#6640,#6640,#6642,.T.);
#6640 = VERTEX_POINT('',#6641);
#6641 = CARTESIAN_POINT('',(102.5,2.5,26.1));
#6642 = SURFACE_CURVE('',#6643,(#6648,#6655),.PCURVE_S1.);
#6643 = CIRCLE('',#6644,1.6);
#6644 = AXIS2_PLACEMENT_3D('',#6645,#6646,#6647);
#6645 = CARTESIAN_POINT('',(102.5,2.5,24.5));
#6646 = DIRECTION('',(0.,1.,0.));
#6647 = DIRECTION('',(0.,-0.,1.));
#6648 = PCURVE('',#5881,#6649);
#6649 = DEFINITIONAL_REPRESENTATION('',(#6650),#6654);
#6650 = CIRCLE('',#6651,1.6);
#6651 = AXIS2_PLACEMENT_2D('',#6652,#6653);
#6652 = CARTESIAN_POINT('',(21.75,99.75));
#6653 = DIRECTION('',(1.,0.));
#6654 = ( GEOMETRIC_REPRESENTATION_CONTEXT(2) 
PARAMETRIC_REPRESENTATION_CONTEXT() REPRESENTATION_CONTEXT('2D SPACE',''
  ) );
#6655 = PCURVE('',#6293,#6656);
#6656 = DEFINITIONAL_REPRESENTATION('',(#6657),#6661);
#6657 = LINE('',#6658,#6659);
#6658 = CARTESIAN_POINT('',(0.,3.5));
#6659 = VECTOR('',#6660,1.);
#6660 = DIRECTION('',(1.,0.));
#6661 = ( GEOMETRIC_REPRESENTATION_CONTEXT(2) 
PARAMETRIC_REPRESENTATION_CONTEXT() REPRESENTATION_CONTEXT('2D SPACE',''
  ) );
#6662 = ADVANCED_FACE('',(#6663),#5853,.F.);
#6663 = FACE_BOUND('',#6664,.F.);
#6664 = EDGE_LOOP('',(#6665,#6666,#6667,#6688));
#6665 = ORIENTED_EDGE('',*,*,#5837,.F.);
#6666 = ORIENTED_EDGE('',*,*,#5922,.T.);
#6667 = ORIENTED_EDGE('',*,*,#6668,.T.);
#6668 = EDGE_CURVE('',#5923,#6358,#6669,.T.);
#6669 = SURFACE_CURVE('',#6670,(#6674,#6681),.PCURVE_S1.);
#6670 = LINE('',#6671,#6672);
#6671 = CARTESIAN_POINT('',(105.25,0.,2.75));
#6672 = VECTOR('',#6673,1.);
#6673 = DIRECTION('',(0.,1.,0.));
#6674 = PCURVE('',#5853,#6675);
#6675 = DEFINITIONAL_REPRESENTATION('',(#6676),#6680);
#6676 = LINE('',#6677,#6678);
#6677 = CARTESIAN_POINT('',(102.5,0.));
#6678 = VECTOR('',#6679,1.);
#6679 = DIRECTION('',(0.,1.));
#6680 = ( GEOMETRIC_REPRESENTATION_CONTEXT(2) 
PARAMETRIC_REPRESENTATION_CONTEXT() REPRESENTATION_CONTEXT('2D SPACE',''
  ) );
#6681 = PCURVE('',#5983,#6682);
#6682 = DEFINITIONAL_REPRESENTATION('',(#6683),#6687);
#6683 = LINE('',#6684,#6685);
#6684 = CARTESIAN_POINT('',(0.,0.));
#6685 = VECTOR('',#6686,1.);
#6686 = DIRECTION('',(0.,-1.));
#6687 = ( GEOMETRIC_REPRESENTATION_CONTEXT(2) 
PARAMETRIC_REPRESENTATION_CONTEXT() REPRESENTATION_CONTEXT('2D SPACE',''
  ) );
#6688 = ORIENTED_EDGE('',*,*,#6357,.F.);
#6689 = ADVANCED_FACE('',(#6690),#5983,.T.);
#6690 = FACE_BOUND('',#6691,.T.);
#6691 = EDGE_LOOP('',(#6692,#6693,#6694,#6695));
#6692 = ORIENTED_EDGE('',*,*,#5969,.F.);
#6693 = ORIENTED_EDGE('',*,*,#6668,.T.);
#6694 = ORIENTED_EDGE('',*,*,#6382,.T.);
#6695 = ORIENTED_EDGE('',*,*,#6310,.F.);
#6696 = ADVANCED_FACE('',(#6697),#6014,.F.);
#6697 = FACE_BOUND('',#6698,.F.);
#6698 = EDGE_LOOP('',(#6699,#6700,#6721,#6722));
#6699 = ORIENTED_EDGE('',*,*,#6405,.F.);
#6700 = ORIENTED_EDGE('',*,*,#6701,.F.);
#6701 = EDGE_CURVE('',#5998,#6406,#6702,.T.);
#6702 = SEAM_CURVE('',#6703,(#6707,#6714),.PCURVE_S1.);
#6703 = LINE('',#6704,#6705);
#6704 = CARTESIAN_POINT('',(5.5,-1.,7.1));
#6705 = VECTOR('',#6706,1.);
#6706 = DIRECTION('',(0.,1.,0.));
#6707 = PCURVE('',#6014,#6708);
#6708 = DEFINITIONAL_REPRESENTATION('',(#6709),#6713);
#6709 = LINE('',#6710,#6711);
#6710 = CARTESIAN_POINT('',(6.28318530718,-0.));
#6711 = VECTOR('',#6712,1.);
#6712 = DIRECTION('',(0.,1.));
#6713 = ( GEOMETRIC_REPRESENTATION_CONTEXT(2) 
PARAMETRIC_REPRESENTATION_CONTEXT() REPRESENTATION_CONTEXT('2D SPACE',''
  ) );
#6714 = PCURVE('',#6014,#6715);
#6715 = DEFINITIONAL_REPRESENTATION('',(#6716),#6720);
#6716 = LINE('',#6717,#6718);
#6717 = CARTESIAN_POINT('',(0.,-0.));
#6718 = VECTOR('',#6719,1.);
#6719 = DIRECTION('',(0.,1.));
#6720 = ( GEOMETRIC_REPRESENTATION_CONTEXT(2) 
PARAMETRIC_REPRESENTATION_CONTEXT() REPRESENTATION_CONTEXT('2D SPACE',''
  ) );
#6721 = ORIENTED_EDGE('',*,*,#5997,.T.);
#6722 = ORIENTED_EDGE('',*,*,#6701,.T.);
#6723 = ADVANCED_FACE('',(#6724),#6045,.F.);
#6724 = FACE_BOUND('',#6725,.F.);
#6725 = EDGE_LOOP('',(#6726,#6727,#6748,#6749));
#6726 = ORIENTED_EDGE('',*,*,#6431,.F.);
#6727 = ORIENTED_EDGE('',*,*,#6728,.F.);
#6728 = EDGE_CURVE('',#6029,#6432,#6729,.T.);
#6729 = SEAM_CURVE('',#6730,(#6734,#6741),.PCURVE_S1.);
#6730 = LINE('',#6731,#6732);
#6731 = CARTESIAN_POINT('',(13.,-1.,12.25));
#6732 = VECTOR('',#6733,1.);
#6733 = DIRECTION('',(0.,1.,0.));
#6734 = PCURVE('',#6045,#6735);
#6735 = DEFINITIONAL_REPRESENTATION('',(#6736),#6740);
#6736 = LINE('',#6737,#6738);
#6737 = CARTESIAN_POINT('',(6.28318530718,-0.));
#6738 = VECTOR('',#6739,1.);
#6739 = DIRECTION('',(0.,1.));
#6740 = ( GEOMETRIC_REPRESENTATION_CONTEXT(2) 
PARAMETRIC_REPRESENTATION_CONTEXT() REPRESENTATION_CONTEXT('2D SPACE',''
  ) );
#6741 = PCURVE('',#6045,#6742);
#6742 = DEFINITIONAL_REPRESENTATION('',(#6743),#6747);
#6743 = LINE('',#6744,#6745);
#6744 = CARTESIAN_POINT('',(0.,-0.));
#6745 = VECTOR('',#6746,1.);
#6746 = DIRECTION('',(0.,1.));
#6747 = ( GEOMETRIC_REPRESENTATION_CONTEXT(2) 
PARAMETRIC_REPRESENTATION_CONTEXT() REPRESENTATION_CONTEXT('2D SPACE',''
  ) );
#6748 = ORIENTED_EDGE('',*,*,#6028,.T.);
#6749 = ORIENTED_EDGE('',*,*,#6728,.T.);
#6750 = ADVANCED_FACE('',(#6751),#6076,.F.);
#6751 = FACE_BOUND('',#6752,.F.);
#6752 = EDGE_LOOP('',(#6753,#6754,#6775,#6776));
#6753 = ORIENTED_EDGE('',*,*,#6457,.F.);
#6754 = ORIENTED_EDGE('',*,*,#6755,.F.);
#6755 = EDGE_CURVE('',#6060,#6458,#6756,.T.);
#6756 = SEAM_CURVE('',#6757,(#6761,#6768),.PCURVE_S1.);
#6757 = LINE('',#6758,#6759);
#6758 = CARTESIAN_POINT('',(34.,-1.,18.5));
#6759 = VECTOR('',#6760,1.);
#6760 = DIRECTION('',(0.,1.,0.));
#6761 = PCURVE('',#6076,#6762);
#6762 = DEFINITIONAL_REPRESENTATION('',(#6763),#6767);
#6763 = LINE('',#6764,#6765);
#6764 = CARTESIAN_POINT('',(6.28318530718,-0.));
#6765 = VECTOR('',#6766,1.);
#6766 = DIRECTION('',(0.,1.));
#6767 = ( GEOMETRIC_REPRESENTATION_CONTEXT(2) 
PARAMETRIC_REPRESENTATION_CONTEXT() REPRESENTATION_CONTEXT('2D SPACE',''
  ) );
#6768 = PCURVE('',#6076,#6769);
#6769 = DEFINITIONAL_REPRESENTATION('',(#6770),#6774);
#6770 = LINE('',#6771,#6772);
#6771 = CARTESIAN_POINT('',(0.,-0.));
#6772 = VECTOR('',#6773,1.);
#6773 = DIRECTION('',(0.,1.));
#6774 = ( GEOMETRIC_REPRESENTATION_CONTEXT(2) 
PARAMETRIC_REPRESENTATION_CONTEXT() REPRESENTATION_CONTEXT('2D SPACE',''
  ) );
#6775 = ORIENTED_EDGE('',*,*,#6059,.T.);
#6776 = ORIENTED_EDGE('',*,*,#6755,.T.);
#6777 = ADVANCED_FACE('',(#6778),#6107,.F.);
#6778 = FACE_BOUND('',#6779,.F.);
#6779 = EDGE_LOOP('',(#6780,#6781,#6802,#6803));
#6780 = ORIENTED_EDGE('',*,*,#6483,.F.);
#6781 = ORIENTED_EDGE('',*,*,#6782,.F.);
#6782 = EDGE_CURVE('',#6091,#6484,#6783,.T.);
#6783 = SEAM_CURVE('',#6784,(#6788,#6795),.PCURVE_S1.);
#6784 = LINE('',#6785,#6786);
#6785 = CARTESIAN_POINT('',(13.,-1.,24.6));
#6786 = VECTOR('',#6787,1.);
#6787 = DIRECTION('',(0.,1.,0.));
#6788 = PCURVE('',#6107,#6789);
#6789 = DEFINITIONAL_REPRESENTATION('',(#6790),#6794);
#6790 = LINE('',#6791,#6792);
#6791 = CARTESIAN_POINT('',(6.28318530718,-0.));
#6792 = VECTOR('',#6793,1.);
#6793 = DIRECTION('',(0.,1.));
#6794 = ( GEOMETRIC_REPRESENTATION_CONTEXT(2) 
PARAMETRIC_REPRESENTATION_CONTEXT() REPRESENTATION_CONTEXT('2D SPACE',''
  ) );
#6795 = PCURVE('',#6107,#6796);
#6796 = DEFINITIONAL_REPRESENTATION('',(#6797),#6801);
#6797 = LINE('',#6798,#6799);
#6798 = CARTESIAN_POINT('',(0.,-0.));
#6799 = VECTOR('',#6800,1.);
#6800 = DIRECTION('',(0.,1.));
#6801 = ( GEOMETRIC_REPRESENTATION_CONTEXT(2) 
PARAMETRIC_REPRESENTATION_CONTEXT() REPRESENTATION_CONTEXT('2D SPACE',''
  ) );
#6802 = ORIENTED_EDGE('',*,*,#6090,.T.);
#6803 = ORIENTED_EDGE('',*,*,#6782,.T.);
#6804 = ADVANCED_FACE('',(#6805),#6138,.F.);
#6805 = FACE_BOUND('',#6806,.F.);
#6806 = EDGE_LOOP('',(#6807,#6808,#6829,#6830));
#6807 = ORIENTED_EDGE('',*,*,#6509,.F.);
#6808 = ORIENTED_EDGE('',*,*,#6809,.F.);
#6809 = EDGE_CURVE('',#6122,#6510,#6810,.T.);
#6810 = SEAM_CURVE('',#6811,(#6815,#6822),.PCURVE_S1.);
#6811 = LINE('',#6812,#6813);
#6812 = CARTESIAN_POINT('',(5.5,-1.,26.1));
#6813 = VECTOR('',#6814,1.);
#6814 = DIRECTION('',(0.,1.,0.));
#6815 = PCURVE('',#6138,#6816);
#6816 = DEFINITIONAL_REPRESENTATION('',(#6817),#6821);
#6817 = LINE('',#6818,#6819);
#6818 = CARTESIAN_POINT('',(6.28318530718,-0.));
#6819 = VECTOR('',#6820,1.);
#6820 = DIRECTION('',(0.,1.));
#6821 = ( GEOMETRIC_REPRESENTATION_CONTEXT(2) 
PARAMETRIC_REPRESENTATION_CONTEXT() REPRESENTATION_CONTEXT('2D SPACE',''
  ) );
#6822 = PCURVE('',#6138,#6823);
#6823 = DEFINITIONAL_REPRESENTATION('',(#6824),#6828);
#6824 = LINE('',#6825,#6826);
#6825 = CARTESIAN_POINT('',(0.,-0.));
#6826 = VECTOR('',#6827,1.);
#6827 = DIRECTION('',(0.,1.));
#6828 = ( GEOMETRIC_REPRESENTATION_CONTEXT(2) 
PARAMETRIC_REPRESENTATION_CONTEXT() REPRESENTATION_CONTEXT('2D SPACE',''
  ) );
#6829 = ORIENTED_EDGE('',*,*,#6121,.T.);
#6830 = ORIENTED_EDGE('',*,*,#6809,.T.);
#6831 = ADVANCED_FACE('',(#6832),#6169,.F.);
#6832 = FACE_BOUND('',#6833,.F.);
#6833 = EDGE_LOOP('',(#6834,#6835,#6856,#6857));
#6834 = ORIENTED_EDGE('',*,*,#6535,.F.);
#6835 = ORIENTED_EDGE('',*,*,#6836,.F.);
#6836 = EDGE_CURVE('',#6153,#6536,#6837,.T.);
#6837 = SEAM_CURVE('',#6838,(#6842,#6849),.PCURVE_S1.);
#6838 = LINE('',#6839,#6840);
#6839 = CARTESIAN_POINT('',(54.,-1.,18.5));
#6840 = VECTOR('',#6841,1.);
#6841 = DIRECTION('',(0.,1.,0.));
#6842 = PCURVE('',#6169,#6843);
#6843 = DEFINITIONAL_REPRESENTATION('',(#6844),#6848);
#6844 = LINE('',#6845,#6846);
#6845 = CARTESIAN_POINT('',(6.28318530718,-0.));
#6846 = VECTOR('',#6847,1.);
#6847 = DIRECTION('',(0.,1.));
#6848 = ( GEOMETRIC_REPRESENTATION_CONTEXT(2) 
PARAMETRIC_REPRESENTATION_CONTEXT() REPRESENTATION_CONTEXT('2D SPACE',''
  ) );
#6849 = PCURVE('',#6169,#6850);
#6850 = DEFINITIONAL_REPRESENTATION('',(#6851),#6855);
#6851 = LINE('',#6852,#6853);
#6852 = CARTESIAN_POINT('',(0.,-0.));
#6853 = VECTOR('',#6854,1.);
#6854 = DIRECTION('',(0.,1.));
#6855 = ( GEOMETRIC_REPRESENTATION_CONTEXT(2) 
PARAMETRIC_REPRESENTATION_CONTEXT() REPRESENTATION_CONTEXT('2D SPACE',''
  ) );
#6856 = ORIENTED_EDGE('',*,*,#6152,.T.);
#6857 = ORIENTED_EDGE('',*,*,#6836,.T.);
#6858 = ADVANCED_FACE('',(#6859),#6200,.F.);
#6859 = FACE_BOUND('',#6860,.F.);
#6860 = EDGE_LOOP('',(#6861,#6862,#6883,#6884));
#6861 = ORIENTED_EDGE('',*,*,#6561,.F.);
#6862 = ORIENTED_EDGE('',*,*,#6863,.F.);
#6863 = EDGE_CURVE('',#6184,#6562,#6864,.T.);
#6864 = SEAM_CURVE('',#6865,(#6869,#6876),.PCURVE_S1.);
#6865 = LINE('',#6866,#6867);
#6866 = CARTESIAN_POINT('',(74.,-1.,18.5));
#6867 = VECTOR('',#6868,1.);
#6868 = DIRECTION('',(0.,1.,0.));
#6869 = PCURVE('',#6200,#6870);
#6870 = DEFINITIONAL_REPRESENTATION('',(#6871),#6875);
#6871 = LINE('',#6872,#6873);
#6872 = CARTESIAN_POINT('',(6.28318530718,-0.));
#6873 = VECTOR('',#6874,1.);
#6874 = DIRECTION('',(0.,1.));
#6875 = ( GEOMETRIC_REPRESENTATION_CONTEXT(2) 
PARAMETRIC_REPRESENTATION_CONTEXT() REPRESENTATION_CONTEXT('2D SPACE',''
  ) );
#6876 = PCURVE('',#6200,#6877);
#6877 = DEFINITIONAL_REPRESENTATION('',(#6878),#6882);
#6878 = LINE('',#6879,#6880);
#6879 = CARTESIAN_POINT('',(0.,-0.));
#6880 = VECTOR('',#6881,1.);
#6881 = DIRECTION('',(0.,1.));
#6882 = ( GEOMETRIC_REPRESENTATION_CONTEXT(2) 
PARAMETRIC_REPRESENTATION_CONTEXT() REPRESENTATION_CONTEXT('2D SPACE',''
  ) );
#6883 = ORIENTED_EDGE('',*,*,#6183,.T.);
#6884 = ORIENTED_EDGE('',*,*,#6863,.T.);
#6885 = ADVANCED_FACE('',(#6886),#6231,.F.);
#6886 = FACE_BOUND('',#6887,.F.);
#6887 = EDGE_LOOP('',(#6888,#6889,#6910,#6911));
#6888 = ORIENTED_EDGE('',*,*,#6587,.F.);
#6889 = ORIENTED_EDGE('',*,*,#6890,.F.);
#6890 = EDGE_CURVE('',#6215,#6588,#6891,.T.);
#6891 = SEAM_CURVE('',#6892,(#6896,#6903),.PCURVE_S1.);
#6892 = LINE('',#6893,#6894);
#6893 = CARTESIAN_POINT('',(102.5,-1.,7.1));
#6894 = VECTOR('',#6895,1.);
#6895 = DIRECTION('',(0.,1.,0.));
#6896 = PCURVE('',#6231,#6897);
#6897 = DEFINITIONAL_REPRESENTATION('',(#6898),#6902);
#6898 = LINE('',#6899,#6900);
#6899 = CARTESIAN_POINT('',(6.28318530718,-0.));
#6900 = VECTOR('',#6901,1.);
#6901 = DIRECTION('',(0.,1.));
#6902 = ( GEOMETRIC_REPRESENTATION_CONTEXT(2) 
PARAMETRIC_REPRESENTATION_CONTEXT() REPRESENTATION_CONTEXT('2D SPACE',''
  ) );
#6903 = PCURVE('',#6231,#6904);
#6904 = DEFINITIONAL_REPRESENTATION('',(#6905),#6909);
#6905 = LINE('',#6906,#6907);
#6906 = CARTESIAN_POINT('',(0.,-0.));
#6907 = VECTOR('',#6908,1.);
#6908 = DIRECTION('',(0.,1.));
#6909 = ( GEOMETRIC_REPRESENTATION_CONTEXT(2) 
PARAMETRIC_REPRESENTATION_CONTEXT() REPRESENTATION_CONTEXT('2D SPACE',''
  ) );
#6910 = ORIENTED_EDGE('',*,*,#6214,.T.);
#6911 = ORIENTED_EDGE('',*,*,#6890,.T.);
#6912 = ADVANCED_FACE('',(#6913),#6262,.F.);
#6913 = FACE_BOUND('',#6914,.F.);
#6914 = EDGE_LOOP('',(#6915,#6916,#6937,#6938));
#6915 = ORIENTED_EDGE('',*,*,#6613,.F.);
#6916 = ORIENTED_EDGE('',*,*,#6917,.F.);
#6917 = EDGE_CURVE('',#6246,#6614,#6918,.T.);
#6918 = SEAM_CURVE('',#6919,(#6923,#6930),.PCURVE_S1.);
#6919 = LINE('',#6920,#6921);
#6920 = CARTESIAN_POINT('',(96.,-1.,12.25));
#6921 = VECTOR('',#6922,1.);
#6922 = DIRECTION('',(0.,1.,0.));
#6923 = PCURVE('',#6262,#6924);
#6924 = DEFINITIONAL_REPRESENTATION('',(#6925),#6929);
#6925 = LINE('',#6926,#6927);
#6926 = CARTESIAN_POINT('',(6.28318530718,-0.));
#6927 = VECTOR('',#6928,1.);
#6928 = DIRECTION('',(0.,1.));
#6929 = ( GEOMETRIC_REPRESENTATION_CONTEXT(2) 
PARAMETRIC_REPRESENTATION_CONTEXT() REPRESENTATION_CONTEXT('2D SPACE',''
  ) );
#6930 = PCURVE('',#6262,#6931);
#6931 = DEFINITIONAL_REPRESENTATION('',(#6932),#6936);
#6932 = LINE('',#6933,#6934);
#6933 = CARTESIAN_POINT('',(0.,-0.));
#6934 = VECTOR('',#6935,1.);
#6935 = DIRECTION('',(0.,1.));
#6936 = ( GEOMETRIC_REPRESENTATION_CONTEXT(2) 
PARAMETRIC_REPRESENTATION_CONTEXT() REPRESENTATION_CONTEXT('2D SPACE',''
  ) );
#6937 = ORIENTED_EDGE('',*,*,#6245,.T.);
#6938 = ORIENTED_EDGE('',*,*,#6917,.T.);
#6939 = ADVANCED_FACE('',(#6940),#6293,.F.);
#6940 = FACE_BOUND('',#6941,.F.);
#6941 = EDGE_LOOP('',(#6942,#6943,#6964,#6965));
#6942 = ORIENTED_EDGE('',*,*,#6639,.F.);
#6943 = ORIENTED_EDGE('',*,*,#6944,.F.);
#6944 = EDGE_CURVE('',#6277,#6640,#6945,.T.);
#6945 = SEAM_CURVE('',#6946,(#6950,#6957),.PCURVE_S1.);
#6946 = LINE('',#6947,#6948);
#6947 = CARTESIAN_POINT('',(102.5,-1.,26.1));
#6948 = VECTOR('',#6949,1.);
#6949 = DIRECTION('',(0.,1.,0.));
#6950 = PCURVE('',#6293,#6951);
#6951 = DEFINITIONAL_REPRESENTATION('',(#6952),#6956);
#6952 = LINE('',#6953,#6954);
#6953 = CARTESIAN_POINT('',(6.28318530718,-0.));
#6954 = VECTOR('',#6955,1.);
#6955 = DIRECTION('',(0.,1.));
#6956 = ( GEOMETRIC_REPRESENTATION_CONTEXT(2) 
PARAMETRIC_REPRESENTATION_CONTEXT() REPRESENTATION_CONTEXT('2D SPACE',''
  ) );
#6957 = PCURVE('',#6293,#6958);
#6958 = DEFINITIONAL_REPRESENTATION('',(#6959),#6963);
#6959 = LINE('',#6960,#6961);
#6960 = CARTESIAN_POINT('',(0.,-0.));
#6961 = VECTOR('',#6962,1.);
#6962 = DIRECTION('',(0.,1.));
#6963 = ( GEOMETRIC_REPRESENTATION_CONTEXT(2) 
PARAMETRIC_REPRESENTATION_CONTEXT() REPRESENTATION_CONTEXT('2D SPACE',''
  ) );
#6964 = ORIENTED_EDGE('',*,*,#6276,.T.);
#6965 = ORIENTED_EDGE('',*,*,#6944,.T.);
#6966 = ( GEOMETRIC_REPRESENTATION_CONTEXT(3) 
GLOBAL_UNCERTAINTY_ASSIGNED_CONTEXT((#6970)) 
GLOBAL_UNIT_ASSIGNED_CONTEXT((#6967,#6968,#6969)) REPRESENTATION_CONTEXT
('Context #1','3D Context with UNIT and UNCERTAINTY') );
#6967 = ( LENGTH_UNIT() NAMED_UNIT(*) SI_UNIT(.MILLI.,.METRE.) );
#6968 = ( NAMED_UNIT(*) PLANE_ANGLE_UNIT() SI_UNIT($,.RADIAN.) );
#6969 = ( NAMED_UNIT(*) SI_UNIT($,.STERADIAN.) SOLID_ANGLE_UNIT() );
#6970 = UNCERTAINTY_MEASURE_WITH_UNIT(LENGTH_MEASURE(1.E-07),#6967,
  'distance_accuracy_value','confusion accuracy');
#6971 = CONTEXT_DEPENDENT_SHAPE_REPRESENTATION(#6972,#6974);
#6972 = ( REPRESENTATION_RELATIONSHIP('','',#5795,#10) 
REPRESENTATION_RELATIONSHIP_WITH_TRANSFORMATION(#6973) 
SHAPE_REPRESENTATION_RELATIONSHIP() );
#6973 = ITEM_DEFINED_TRANSFORMATION('','',#11,#19);
#6974 = PRODUCT_DEFINITION_SHAPE('Placement','Placement of an item',
  #6975);
#6975 = NEXT_ASSEMBLY_USAGE_OCCURRENCE('2','front_panel','',#5,#5790,$);
#6976 = PRODUCT_RELATED_PRODUCT_CATEGORY('part',$,(#5792));
#6977 = SHAPE_DEFINITION_REPRESENTATION(#6978,#6984);
#6978 = PRODUCT_DEFINITION_SHAPE('','',#6979);
#6979 = PRODUCT_DEFINITION('design','',#6980,#6983);
#6980 = PRODUCT_DEFINITION_FORMATION('','',#6981);
#6981 = PRODUCT('rear_panel','rear_panel','',(#6982));
#6982 = PRODUCT_CONTEXT('',#2,'mechanical');
#6983 = PRODUCT_DEFINITION_CONTEXT('part definition',#2,'design');
#6984 = ADVANCED_BREP_SHAPE_REPRESENTATION('',(#11,#6985),#7903);
#6985 = MANIFOLD_SOLID_BREP('',#6986);
#6986 = CLOSED_SHELL('',(#6987,#7107,#7400,#7449,#7680,#7707,#7714,#7741
    ,#7768,#7795,#7822,#7849,#7876));
#6987 = ADVANCED_FACE('',(#6988),#7002,.F.);
#6988 = FACE_BOUND('',#6989,.F.);
#6989 = EDGE_LOOP('',(#6990,#7025,#7053,#7081));
#6990 = ORIENTED_EDGE('',*,*,#6991,.F.);
#6991 = EDGE_CURVE('',#6992,#6994,#6996,.T.);
#6992 = VERTEX_POINT('',#6993);
#6993 = CARTESIAN_POINT('',(2.75,77.5,2.75));
#6994 = VERTEX_POINT('',#6995);
#6995 = CARTESIAN_POINT('',(2.75,77.5,27.25));
#6996 = SURFACE_CURVE('',#6997,(#7001,#7013),.PCURVE_S1.);
#6997 = LINE('',#6998,#6999);
#6998 = CARTESIAN_POINT('',(2.75,77.5,2.75));
#6999 = VECTOR('',#7000,1.);
#7000 = DIRECTION('',(0.,0.,1.));
#7001 = PCURVE('',#7002,#7007);
#7002 = PLANE('',#7003);
#7003 = AXIS2_PLACEMENT_3D('',#7004,#7005,#7006);
#7004 = CARTESIAN_POINT('',(2.75,77.5,2.75));
#7005 = DIRECTION('',(1.,0.,0.));
#7006 = DIRECTION('',(0.,0.,1.));
#7007 = DEFINITIONAL_REPRESENTATION('',(#7008),#7012);
#7008 = LINE('',#7009,#7010);
#7009 = CARTESIAN_POINT('',(0.,0.));
#7010 = VECTOR('',#7011,1.);
#7011 = DIRECTION('',(1.,0.));
#7012 = ( GEOMETRIC_REPRESENTATION_CONTEXT(2) 
PARAMETRIC_REPRESENTATION_CONTEXT() REPRESENTATION_CONTEXT('2D SPACE',''
  ) );
#7013 = PCURVE('',#7014,#7019);
#7014 = PLANE('',#7015);
#7015 = AXIS2_PLACEMENT_3D('',#7016,#7017,#7018);
#7016 = CARTESIAN_POINT('',(2.75,77.5,2.75));
#7017 = DIRECTION('',(0.,1.,0.));
#7018 = DIRECTION('',(0.,0.,1.));
#7019 = DEFINITIONAL_REPRESENTATION('',(#7020),#7024);
#7020 = LINE('',#7021,#7022);
#7021 = CARTESIAN_POINT('',(0.,0.));
#7022 = VECTOR('',#7023,1.);
#7023 = DIRECTION('',(1.,0.));
#7024 = ( GEOMETRIC_REPRESENTATION_CONTEXT(2) 
PARAMETRIC_REPRESENTATION_CONTEXT() REPRESENTATION_CONTEXT('2D SPACE',''
  ) );
#7025 = ORIENTED_EDGE('',*,*,#7026,.T.);
#7026 = EDGE_CURVE('',#6992,#7027,#7029,.T.);
#7027 = VERTEX_POINT('',#7028);
#7028 = CARTESIAN_POINT('',(2.75,80.,2.75));
#7029 = SURFACE_CURVE('',#7030,(#7034,#7041),.PCURVE_S1.);
#7030 = LINE('',#7031,#7032);
#7031 = CARTESIAN_POINT('',(2.75,77.5,2.75));
#7032 = VECTOR('',#7033,1.);
#7033 = DIRECTION('',(0.,1.,0.));
#7034 = PCURVE('',#7002,#7035);
#7035 = DEFINITIONAL_REPRESENTATION('',(#7036),#7040);
#7036 = LINE('',#7037,#7038);
#7037 = CARTESIAN_POINT('',(0.,0.));
#7038 = VECTOR('',#7039,1.);
#7039 = DIRECTION('',(0.,-1.));
#7040 = ( GEOMETRIC_REPRESENTATION_CONTEXT(2) 
PARAMETRIC_REPRESENTATION_CONTEXT() REPRESENTATION_CONTEXT('2D SPACE',''
  ) );
#7041 = PCURVE('',#7042,#7047);
#7042 = PLANE('',#7043);
#7043 = AXIS2_PLACEMENT_3D('',#7044,#7045,#7046);
#7044 = CARTESIAN_POINT('',(2.75,77.5,2.75));
#7045 = DIRECTION('',(0.,0.,1.));
#7046 = DIRECTION('',(1.,0.,0.));
#7047 = DEFINITIONAL_REPRESENTATION('',(#7048),#7052);
#7048 = LINE('',#7049,#7050);
#7049 = CARTESIAN_POINT('',(0.,0.));
#7050 = VECTOR('',#7051,1.);
#7051 = DIRECTION('',(0.,1.));
#7052 = ( GEOMETRIC_REPRESENTATION_CONTEXT(2) 
PARAMETRIC_REPRESENTATION_CONTEXT() REPRESENTATION_CONTEXT('2D SPACE',''
  ) );
#7053 = ORIENTED_EDGE('',*,*,#7054,.T.);
#7054 = EDGE_CURVE('',#7027,#7055,#7057,.T.);
#7055 = VERTEX_POINT('',#7056);
#7056 = CARTESIAN_POINT('',(2.75,80.,27.25));
#7057 = SURFACE_CURVE('',#7058,(#7062,#7069),.PCURVE_S1.);
#7058 = LINE('',#7059,#7060);
#7059 = CARTESIAN_POINT('',(2.75,80.,2.75));
#7060 = VECTOR('',#7061,1.);
#7061 = DIRECTION('',(0.,0.,1.));
#7062 = PCURVE('',#7002,#7063);
#7063 = DEFINITIONAL_REPRESENTATION('',(#7064),#7068);
#7064 = LINE('',#7065,#7066);
#7065 = CARTESIAN_POINT('',(0.,-2.5));
#7066 = VECTOR('',#7067,1.);
#7067 = DIRECTION('',(1.,0.));
#7068 = ( GEOMETRIC_REPRESENTATION_CONTEXT(2) 
PARAMETRIC_REPRESENTATION_CONTEXT() REPRESENTATION_CONTEXT('2D SPACE',''
  ) );
#7069 = PCURVE('',#7070,#7075);
#7070 = PLANE('',#7071);
#7071 = AXIS2_PLACEMENT_3D('',#7072,#7073,#7074);
#7072 = CARTESIAN_POINT('',(2.75,80.,2.75));
#7073 = DIRECTION('',(0.,1.,0.));
#7074 = DIRECTION('',(0.,0.,1.));
#7075 = DEFINITIONAL_REPRESENTATION('',(#7076),#7080);
#7076 = LINE('',#7077,#7078);
#7077 = CARTESIAN_POINT('',(0.,0.));
#7078 = VECTOR('',#7079,1.);
#7079 = DIRECTION('',(1.,0.));
#7080 = ( GEOMETRIC_REPRESENTATION_CONTEXT(2) 
PARAMETRIC_REPRESENTATION_CONTEXT() REPRESENTATION_CONTEXT('2D SPACE',''
  ) );
#7081 = ORIENTED_EDGE('',*,*,#7082,.F.);
#7082 = EDGE_CURVE('',#6994,#7055,#7083,.T.);
#7083 = SURFACE_CURVE('',#7084,(#7088,#7095),.PCURVE_S1.);
#7084 = LINE('',#7085,#7086);
#7085 = CARTESIAN_POINT('',(2.75,77.5,27.25));
#7086 = VECTOR('',#7087,1.);
#7087 = DIRECTION('',(0.,1.,0.));
#7088 = PCURVE('',#7002,#7089);
#7089 = DEFINITIONAL_REPRESENTATION('',(#7090),#7094);
#7090 = LINE('',#7091,#7092);
#7091 = CARTESIAN_POINT('',(24.5,0.));
#7092 = VECTOR('',#7093,1.);
#7093 = DIRECTION('',(0.,-1.));
#7094 = ( GEOMETRIC_REPRESENTATION_CONTEXT(2) 
PARAMETRIC_REPRESENTATION_CONTEXT() REPRESENTATION_CONTEXT('2D SPACE',''
  ) );
#7095 = PCURVE('',#7096,#7101);
#7096 = PLANE('',#7097);
#7097 = AXIS2_PLACEMENT_3D('',#7098,#7099,#7100);
#7098 = CARTESIAN_POINT('',(2.75,77.5,27.25));
#7099 = DIRECTION('',(0.,0.,1.));
#7100 = DIRECTION('',(1.,0.,0.));
#7101 = DEFINITIONAL_REPRESENTATION('',(#7102),#7106);
#7102 = LINE('',#7103,#7104);
#7103 = CARTESIAN_POINT('',(0.,0.));
#7104 = VECTOR('',#7105,1.);
#7105 = DIRECTION('',(0.,1.));
#7106 = ( GEOMETRIC_REPRESENTATION_CONTEXT(2) 
PARAMETRIC_REPRESENTATION_CONTEXT() REPRESENTATION_CONTEXT('2D SPACE',''
  ) );
#7107 = ADVANCED_FACE('',(#7108,#7183,#7214,#7245,#7276,#7307,#7338,
    #7369),#7014,.F.);
#7108 = FACE_BOUND('',#7109,.F.);
#7109 = EDGE_LOOP('',(#7110,#7133,#7134,#7157));
#7110 = ORIENTED_EDGE('',*,*,#7111,.F.);
#7111 = EDGE_CURVE('',#6992,#7112,#7114,.T.);
#7112 = VERTEX_POINT('',#7113);
#7113 = CARTESIAN_POINT('',(105.25,77.5,2.75));
#7114 = SURFACE_CURVE('',#7115,(#7119,#7126),.PCURVE_S1.);
#7115 = LINE('',#7116,#7117);
#7116 = CARTESIAN_POINT('',(2.75,77.5,2.75));
#7117 = VECTOR('',#7118,1.);
#7118 = DIRECTION('',(1.,0.,0.));
#7119 = PCURVE('',#7014,#7120);
#7120 = DEFINITIONAL_REPRESENTATION('',(#7121),#7125);
#7121 = LINE('',#7122,#7123);
#7122 = CARTESIAN_POINT('',(0.,0.));
#7123 = VECTOR('',#7124,1.);
#7124 = DIRECTION('',(0.,1.));
#7125 = ( GEOMETRIC_REPRESENTATION_CONTEXT(2) 
PARAMETRIC_REPRESENTATION_CONTEXT() REPRESENTATION_CONTEXT('2D SPACE',''
  ) );
#7126 = PCURVE('',#7042,#7127);
#7127 = DEFINITIONAL_REPRESENTATION('',(#7128),#7132);
#7128 = LINE('',#7129,#7130);
#7129 = CARTESIAN_POINT('',(0.,0.));
#7130 = VECTOR('',#7131,1.);
#7131 = DIRECTION('',(1.,0.));
#7132 = ( GEOMETRIC_REPRESENTATION_CONTEXT(2) 
PARAMETRIC_REPRESENTATION_CONTEXT() REPRESENTATION_CONTEXT('2D SPACE',''
  ) );
#7133 = ORIENTED_EDGE('',*,*,#6991,.T.);
#7134 = ORIENTED_EDGE('',*,*,#7135,.T.);
#7135 = EDGE_CURVE('',#6994,#7136,#7138,.T.);
#7136 = VERTEX_POINT('',#7137);
#7137 = CARTESIAN_POINT('',(105.25,77.5,27.25));
#7138 = SURFACE_CURVE('',#7139,(#7143,#7150),.PCURVE_S1.);
#7139 = LINE('',#7140,#7141);
#7140 = CARTESIAN_POINT('',(2.75,77.5,27.25));
#7141 = VECTOR('',#7142,1.);
#7142 = DIRECTION('',(1.,0.,0.));
#7143 = PCURVE('',#7014,#7144);
#7144 = DEFINITIONAL_REPRESENTATION('',(#7145),#7149);
#7145 = LINE('',#7146,#7147);
#7146 = CARTESIAN_POINT('',(24.5,0.));
#7147 = VECTOR('',#7148,1.);
#7148 = DIRECTION('',(0.,1.));
#7149 = ( GEOMETRIC_REPRESENTATION_CONTEXT(2) 
PARAMETRIC_REPRESENTATION_CONTEXT() REPRESENTATION_CONTEXT('2D SPACE',''
  ) );
#7150 = PCURVE('',#7096,#7151);
#7151 = DEFINITIONAL_REPRESENTATION('',(#7152),#7156);
#7152 = LINE('',#7153,#7154);
#7153 = CARTESIAN_POINT('',(0.,0.));
#7154 = VECTOR('',#7155,1.);
#7155 = DIRECTION('',(1.,0.));
#7156 = ( GEOMETRIC_REPRESENTATION_CONTEXT(2) 
PARAMETRIC_REPRESENTATION_CONTEXT() REPRESENTATION_CONTEXT('2D SPACE',''
  ) );
#7157 = ORIENTED_EDGE('',*,*,#7158,.F.);
#7158 = EDGE_CURVE('',#7112,#7136,#7159,.T.);
#7159 = SURFACE_CURVE('',#7160,(#7164,#7171),.PCURVE_S1.);
#7160 = LINE('',#7161,#7162);
#7161 = CARTESIAN_POINT('',(105.25,77.5,2.75));
#7162 = VECTOR('',#7163,1.);
#7163 = DIRECTION('',(0.,0.,1.));
#7164 = PCURVE('',#7014,#7165);
#7165 = DEFINITIONAL_REPRESENTATION('',(#7166),#7170);
#7166 = LINE('',#7167,#7168);
#7167 = CARTESIAN_POINT('',(0.,102.5));
#7168 = VECTOR('',#7169,1.);
#7169 = DIRECTION('',(1.,0.));
#7170 = ( GEOMETRIC_REPRESENTATION_CONTEXT(2) 
PARAMETRIC_REPRESENTATION_CONTEXT() REPRESENTATION_CONTEXT('2D SPACE',''
  ) );
#7171 = PCURVE('',#7172,#7177);
#7172 = PLANE('',#7173);
#7173 = AXIS2_PLACEMENT_3D('',#7174,#7175,#7176);
#7174 = CARTESIAN_POINT('',(105.25,77.5,2.75));
#7175 = DIRECTION('',(1.,0.,0.));
#7176 = DIRECTION('',(0.,0.,1.));
#7177 = DEFINITIONAL_REPRESENTATION('',(#7178),#7182);
#7178 = LINE('',#7179,#7180);
#7179 = CARTESIAN_POINT('',(0.,0.));
#7180 = VECTOR('',#7181,1.);
#7181 = DIRECTION('',(1.,0.));
#7182 = ( GEOMETRIC_REPRESENTATION_CONTEXT(2) 
PARAMETRIC_REPRESENTATION_CONTEXT() REPRESENTATION_CONTEXT('2D SPACE',''
  ) );
#7183 = FACE_BOUND('',#7184,.F.);
#7184 = EDGE_LOOP('',(#7185));
#7185 = ORIENTED_EDGE('',*,*,#7186,.F.);
#7186 = EDGE_CURVE('',#7187,#7187,#7189,.T.);
#7187 = VERTEX_POINT('',#7188);
#7188 = CARTESIAN_POINT('',(5.5,77.5,7.1));
#7189 = SURFACE_CURVE('',#7190,(#7195,#7202),.PCURVE_S1.);
#7190 = CIRCLE('',#7191,1.6);
#7191 = AXIS2_PLACEMENT_3D('',#7192,#7193,#7194);
#7192 = CARTESIAN_POINT('',(5.5,77.5,5.5));
#7193 = DIRECTION('',(0.,1.,0.));
#7194 = DIRECTION('',(0.,-0.,1.));
#7195 = PCURVE('',#7014,#7196);
#7196 = DEFINITIONAL_REPRESENTATION('',(#7197),#7201);
#7197 = CIRCLE('',#7198,1.6);
#7198 = AXIS2_PLACEMENT_2D('',#7199,#7200);
#7199 = CARTESIAN_POINT('',(2.75,2.75));
#7200 = DIRECTION('',(1.,0.));
#7201 = ( GEOMETRIC_REPRESENTATION_CONTEXT(2) 
PARAMETRIC_REPRESENTATION_CONTEXT() REPRESENTATION_CONTEXT('2D SPACE',''
  ) );
#7202 = PCURVE('',#7203,#7208);
#7203 = CYLINDRICAL_SURFACE('',#7204,1.6);
#7204 = AXIS2_PLACEMENT_3D('',#7205,#7206,#7207);
#7205 = CARTESIAN_POINT('',(5.5,76.5,5.5));
#7206 = DIRECTION('',(0.,1.,0.));
#7207 = DIRECTION('',(0.,-0.,1.));
#7208 = DEFINITIONAL_REPRESENTATION('',(#7209),#7213);
#7209 = LINE('',#7210,#7211);
#7210 = CARTESIAN_POINT('',(0.,1.));
#7211 = VECTOR('',#7212,1.);
#7212 = DIRECTION('',(1.,0.));
#7213 = ( GEOMETRIC_REPRESENTATION_CONTEXT(2) 
PARAMETRIC_REPRESENTATION_CONTEXT() REPRESENTATION_CONTEXT('2D SPACE',''
  ) );
#7214 = FACE_BOUND('',#7215,.F.);
#7215 = EDGE_LOOP('',(#7216));
#7216 = ORIENTED_EDGE('',*,*,#7217,.F.);
#7217 = EDGE_CURVE('',#7218,#7218,#7220,.T.);
#7218 = VERTEX_POINT('',#7219);
#7219 = CARTESIAN_POINT('',(22.,77.5,20.));
#7220 = SURFACE_CURVE('',#7221,(#7226,#7233),.PCURVE_S1.);
#7221 = CIRCLE('',#7222,5.);
#7222 = AXIS2_PLACEMENT_3D('',#7223,#7224,#7225);
#7223 = CARTESIAN_POINT('',(22.,77.5,15.));
#7224 = DIRECTION('',(0.,1.,0.));
#7225 = DIRECTION('',(0.,-0.,1.));
#7226 = PCURVE('',#7014,#7227);
#7227 = DEFINITIONAL_REPRESENTATION('',(#7228),#7232);
#7228 = CIRCLE('',#7229,5.);
#7229 = AXIS2_PLACEMENT_2D('',#7230,#7231);
#7230 = CARTESIAN_POINT('',(12.25,19.25));
#7231 = DIRECTION('',(1.,0.));
#7232 = ( GEOMETRIC_REPRESENTATION_CONTEXT(2) 
PARAMETRIC_REPRESENTATION_CONTEXT() REPRESENTATION_CONTEXT('2D SPACE',''
  ) );
#7233 = PCURVE('',#7234,#7239);
#7234 = CYLINDRICAL_SURFACE('',#7235,5.);
#7235 = AXIS2_PLACEMENT_3D('',#7236,#7237,#7238);
#7236 = CARTESIAN_POINT('',(22.,76.5,15.));
#7237 = DIRECTION('',(0.,1.,0.));
#7238 = DIRECTION('',(0.,-0.,1.));
#7239 = DEFINITIONAL_REPRESENTATION('',(#7240),#7244);
#7240 = LINE('',#7241,#7242);
#7241 = CARTESIAN_POINT('',(0.,1.));
#7242 = VECTOR('',#7243,1.);
#7243 = DIRECTION('',(1.,0.));
#7244 = ( GEOMETRIC_REPRESENTATION_CONTEXT(2) 
PARAMETRIC_REPRESENTATION_CONTEXT() REPRESENTATION_CONTEXT('2D SPACE',''
  ) );
#7245 = FACE_BOUND('',#7246,.F.);
#7246 = EDGE_LOOP('',(#7247));
#7247 = ORIENTED_EDGE('',*,*,#7248,.F.);
#7248 = EDGE_CURVE('',#7249,#7249,#7251,.T.);
#7249 = VERTEX_POINT('',#7250);
#7250 = CARTESIAN_POINT('',(5.5,77.5,26.1));
#7251 = SURFACE_CURVE('',#7252,(#7257,#7264),.PCURVE_S1.);
#7252 = CIRCLE('',#7253,1.6);
#7253 = AXIS2_PLACEMENT_3D('',#7254,#7255,#7256);
#7254 = CARTESIAN_POINT('',(5.5,77.5,24.5));
#7255 = DIRECTION('',(0.,1.,0.));
#7256 = DIRECTION('',(0.,-0.,1.));
#7257 = PCURVE('',#7014,#7258);
#7258 = DEFINITIONAL_REPRESENTATION('',(#7259),#7263);
#7259 = CIRCLE('',#7260,1.6);
#7260 = AXIS2_PLACEMENT_2D('',#7261,#7262);
#7261 = CARTESIAN_POINT('',(21.75,2.75));
#7262 = DIRECTION('',(1.,0.));
#7263 = ( GEOMETRIC_REPRESENTATION_CONTEXT(2) 
PARAMETRIC_REPRESENTATION_CONTEXT() REPRESENTATION_CONTEXT('2D SPACE',''
  ) );
#7264 = PCURVE('',#7265,#7270);
#7265 = CYLINDRICAL_SURFACE('',#7266,1.6);
#7266 = AXIS2_PLACEMENT_3D('',#7267,#7268,#7269);
#7267 = CARTESIAN_POINT('',(5.5,76.5,24.5));
#7268 = DIRECTION('',(0.,1.,0.));
#7269 = DIRECTION('',(0.,-0.,1.));
#7270 = DEFINITIONAL_REPRESENTATION('',(#7271),#7275);
#7271 = LINE('',#7272,#7273);
#7272 = CARTESIAN_POINT('',(0.,1.));
#7273 = VECTOR('',#7274,1.);
#7274 = DIRECTION('',(1.,0.));
#7275 = ( GEOMETRIC_REPRESENTATION_CONTEXT(2) 
PARAMETRIC_REPRESENTATION_CONTEXT() REPRESENTATION_CONTEXT('2D SPACE',''
  ) );
#7276 = FACE_BOUND('',#7277,.F.);
#7277 = EDGE_LOOP('',(#7278));
#7278 = ORIENTED_EDGE('',*,*,#7279,.F.);
#7279 = EDGE_CURVE('',#7280,#7280,#7282,.T.);
#7280 = VERTEX_POINT('',#7281);
#7281 = CARTESIAN_POINT('',(54.,77.5,20.));
#7282 = SURFACE_CURVE('',#7283,(#7288,#7295),.PCURVE_S1.);
#7283 = CIRCLE('',#7284,5.);
#7284 = AXIS2_PLACEMENT_3D('',#7285,#7286,#7287);
#7285 = CARTESIAN_POINT('',(54.,77.5,15.));
#7286 = DIRECTION('',(0.,1.,0.));
#7287 = DIRECTION('',(0.,-0.,1.));
#7288 = PCURVE('',#7014,#7289);
#7289 = DEFINITIONAL_REPRESENTATION('',(#7290),#7294);
#7290 = CIRCLE('',#7291,5.);
#7291 = AXIS2_PLACEMENT_2D('',#7292,#7293);
#7292 = CARTESIAN_POINT('',(12.25,51.25));
#7293 = DIRECTION('',(1.,0.));
#7294 = ( GEOMETRIC_REPRESENTATION_CONTEXT(2) 
PARAMETRIC_REPRESENTATION_CONTEXT() REPRESENTATION_CONTEXT('2D SPACE',''
  ) );
#7295 = PCURVE('',#7296,#7301);
#7296 = CYLINDRICAL_SURFACE('',#7297,5.);
#7297 = AXIS2_PLACEMENT_3D('',#7298,#7299,#7300);
#7298 = CARTESIAN_POINT('',(54.,76.5,15.));
#7299 = DIRECTION('',(0.,1.,0.));
#7300 = DIRECTION('',(0.,-0.,1.));
#7301 = DEFINITIONAL_REPRESENTATION('',(#7302),#7306);
#7302 = LINE('',#7303,#7304);
#7303 = CARTESIAN_POINT('',(0.,1.));
#7304 = VECTOR('',#7305,1.);
#7305 = DIRECTION('',(1.,0.));
#7306 = ( GEOMETRIC_REPRESENTATION_CONTEXT(2) 
PARAMETRIC_REPRESENTATION_CONTEXT() REPRESENTATION_CONTEXT('2D SPACE',''
  ) );
#7307 = FACE_BOUND('',#7308,.F.);
#7308 = EDGE_LOOP('',(#7309));
#7309 = ORIENTED_EDGE('',*,*,#7310,.F.);
#7310 = EDGE_CURVE('',#7311,#7311,#7313,.T.);
#7311 = VERTEX_POINT('',#7312);
#7312 = CARTESIAN_POINT('',(102.5,77.5,7.1));
#7313 = SURFACE_CURVE('',#7314,(#7319,#7326),.PCURVE_S1.);
#7314 = CIRCLE('',#7315,1.6);
#7315 = AXIS2_PLACEMENT_3D('',#7316,#7317,#7318);
#7316 = CARTESIAN_POINT('',(102.5,77.5,5.5));
#7317 = DIRECTION('',(0.,1.,0.));
#7318 = DIRECTION('',(0.,-0.,1.));
#7319 = PCURVE('',#7014,#7320);
#7320 = DEFINITIONAL_REPRESENTATION('',(#7321),#7325);
#7321 = CIRCLE('',#7322,1.6);
#7322 = AXIS2_PLACEMENT_2D('',#7323,#7324);
#7323 = CARTESIAN_POINT('',(2.75,99.75));
#7324 = DIRECTION('',(1.,0.));
#7325 = ( GEOMETRIC_REPRESENTATION_CONTEXT(2) 
PARAMETRIC_REPRESENTATION_CONTEXT() REPRESENTATION_CONTEXT('2D SPACE',''
  ) );
#7326 = PCURVE('',#7327,#7332);
#7327 = CYLINDRICAL_SURFACE('',#7328,1.6);
#7328 = AXIS2_PLACEMENT_3D('',#7329,#7330,#7331);
#7329 = CARTESIAN_POINT('',(102.5,76.5,5.5));
#7330 = DIRECTION('',(0.,1.,0.));
#7331 = DIRECTION('',(0.,-0.,1.));
#7332 = DEFINITIONAL_REPRESENTATION('',(#7333),#7337);
#7333 = LINE('',#7334,#7335);
#7334 = CARTESIAN_POINT('',(0.,1.));
#7335 = VECTOR('',#7336,1.);
#7336 = DIRECTION('',(1.,0.));
#7337 = ( GEOMETRIC_REPRESENTATION_CONTEXT(2) 
PARAMETRIC_REPRESENTATION_CONTEXT() REPRESENTATION_CONTEXT('2D SPACE',''
  ) );
#7338 = FACE_BOUND('',#7339,.F.);
#7339 = EDGE_LOOP('',(#7340));
#7340 = ORIENTED_EDGE('',*,*,#7341,.F.);
#7341 = EDGE_CURVE('',#7342,#7342,#7344,.T.);
#7342 = VERTEX_POINT('',#7343);
#7343 = CARTESIAN_POINT('',(86.,77.5,21.));
#7344 = SURFACE_CURVE('',#7345,(#7350,#7357),.PCURVE_S1.);
#7345 = CIRCLE('',#7346,6.);
#7346 = AXIS2_PLACEMENT_3D('',#7347,#7348,#7349);
#7347 = CARTESIAN_POINT('',(86.,77.5,15.));
#7348 = DIRECTION('',(0.,1.,0.));
#7349 = DIRECTION('',(0.,-0.,1.));
#7350 = PCURVE('',#7014,#7351);
#7351 = DEFINITIONAL_REPRESENTATION('',(#7352),#7356);
#7352 = CIRCLE('',#7353,6.);
#7353 = AXIS2_PLACEMENT_2D('',#7354,#7355);
#7354 = CARTESIAN_POINT('',(12.25,83.25));
#7355 = DIRECTION('',(1.,0.));
#7356 = ( GEOMETRIC_REPRESENTATION_CONTEXT(2) 
PARAMETRIC_REPRESENTATION_CONTEXT() REPRESENTATION_CONTEXT('2D SPACE',''
  ) );
#7357 = PCURVE('',#7358,#7363);
#7358 = CYLINDRICAL_SURFACE('',#7359,6.);
#7359 = AXIS2_PLACEMENT_3D('',#7360,#7361,#7362);
#7360 = CARTESIAN_POINT('',(86.,76.5,15.));
#7361 = DIRECTION('',(0.,1.,0.));
#7362 = DIRECTION('',(0.,-0.,1.));
#7363 = DEFINITIONAL_REPRESENTATION('',(#7364),#7368);
#7364 = LINE('',#7365,#7366);
#7365 = CARTESIAN_POINT('',(0.,1.));
#7366 = VECTOR('',#7367,1.);
#7367 = DIRECTION('',(1.,0.));
#7368 = ( GEOMETRIC_REPRESENTATION_CONTEXT(2) 
PARAMETRIC_REPRESENTATION_CONTEXT() REPRESENTATION_CONTEXT('2D SPACE',''
  ) );
#7369 = FACE_BOUND('',#7370,.F.);
#7370 = EDGE_LOOP('',(#7371));
#7371 = ORIENTED_EDGE('',*,*,#7372,.F.);
#7372 = EDGE_CURVE('',#7373,#7373,#7375,.T.);
#7373 = VERTEX_POINT('',#7374);
#7374 = CARTESIAN_POINT('',(102.5,77.5,26.1));
#7375 = SURFACE_CURVE('',#7376,(#7381,#7388),.PCURVE_S1.);
#7376 = CIRCLE('',#7377,1.6);
#7377 = AXIS2_PLACEMENT_3D('',#7378,#7379,#7380);
#7378 = CARTESIAN_POINT('',(102.5,77.5,24.5));
#7379 = DIRECTION('',(0.,1.,0.));
#7380 = DIRECTION('',(0.,-0.,1.));
#7381 = PCURVE('',#7014,#7382);
#7382 = DEFINITIONAL_REPRESENTATION('',(#7383),#7387);
#7383 = CIRCLE('',#7384,1.6);
#7384 = AXIS2_PLACEMENT_2D('',#7385,#7386);
#7385 = CARTESIAN_POINT('',(21.75,99.75));
#7386 = DIRECTION('',(1.,0.));
#7387 = ( GEOMETRIC_REPRESENTATION_CONTEXT(2) 
PARAMETRIC_REPRESENTATION_CONTEXT() REPRESENTATION_CONTEXT('2D SPACE',''
  ) );
#7388 = PCURVE('',#7389,#7394);
#7389 = CYLINDRICAL_SURFACE('',#7390,1.6);
#7390 = AXIS2_PLACEMENT_3D('',#7391,#7392,#7393);
#7391 = CARTESIAN_POINT('',(102.5,76.5,24.5));
#7392 = DIRECTION('',(0.,1.,0.));
#7393 = DIRECTION('',(0.,-0.,1.));
#7394 = DEFINITIONAL_REPRESENTATION('',(#7395),#7399);
#7395 = LINE('',#7396,#7397);
#7396 = CARTESIAN_POINT('',(0.,1.));
#7397 = VECTOR('',#7398,1.);
#7398 = DIRECTION('',(1.,0.));
#7399 = ( GEOMETRIC_REPRESENTATION_CONTEXT(2) 
PARAMETRIC_REPRESENTATION_CONTEXT() REPRESENTATION_CONTEXT('2D SPACE',''
  ) );
#7400 = ADVANCED_FACE('',(#7401),#7096,.T.);
#7401 = FACE_BOUND('',#7402,.T.);
#7402 = EDGE_LOOP('',(#7403,#7404,#7405,#7428));
#7403 = ORIENTED_EDGE('',*,*,#7082,.F.);
#7404 = ORIENTED_EDGE('',*,*,#7135,.T.);
#7405 = ORIENTED_EDGE('',*,*,#7406,.T.);
#7406 = EDGE_CURVE('',#7136,#7407,#7409,.T.);
#7407 = VERTEX_POINT('',#7408);
#7408 = CARTESIAN_POINT('',(105.25,80.,27.25));
#7409 = SURFACE_CURVE('',#7410,(#7414,#7421),.PCURVE_S1.);
#7410 = LINE('',#7411,#7412);
#7411 = CARTESIAN_POINT('',(105.25,77.5,27.25));
#7412 = VECTOR('',#7413,1.);
#7413 = DIRECTION('',(0.,1.,0.));
#7414 = PCURVE('',#7096,#7415);
#7415 = DEFINITIONAL_REPRESENTATION('',(#7416),#7420);
#7416 = LINE('',#7417,#7418);
#7417 = CARTESIAN_POINT('',(102.5,0.));
#7418 = VECTOR('',#7419,1.);
#7419 = DIRECTION('',(0.,1.));
#7420 = ( GEOMETRIC_REPRESENTATION_CONTEXT(2) 
PARAMETRIC_REPRESENTATION_CONTEXT() REPRESENTATION_CONTEXT('2D SPACE',''
  ) );
#7421 = PCURVE('',#7172,#7422);
#7422 = DEFINITIONAL_REPRESENTATION('',(#7423),#7427);
#7423 = LINE('',#7424,#7425);
#7424 = CARTESIAN_POINT('',(24.5,0.));
#7425 = VECTOR('',#7426,1.);
#7426 = DIRECTION('',(0.,-1.));
#7427 = ( GEOMETRIC_REPRESENTATION_CONTEXT(2) 
PARAMETRIC_REPRESENTATION_CONTEXT() REPRESENTATION_CONTEXT('2D SPACE',''
  ) );
#7428 = ORIENTED_EDGE('',*,*,#7429,.F.);
#7429 = EDGE_CURVE('',#7055,#7407,#7430,.T.);
#7430 = SURFACE_CURVE('',#7431,(#7435,#7442),.PCURVE_S1.);
#7431 = LINE('',#7432,#7433);
#7432 = CARTESIAN_POINT('',(2.75,80.,27.25));
#7433 = VECTOR('',#7434,1.);
#7434 = DIRECTION('',(1.,0.,0.));
#7435 = PCURVE('',#7096,#7436);
#7436 = DEFINITIONAL_REPRESENTATION('',(#7437),#7441);
#7437 = LINE('',#7438,#7439);
#7438 = CARTESIAN_POINT('',(0.,2.5));
#7439 = VECTOR('',#7440,1.);
#7440 = DIRECTION('',(1.,0.));
#7441 = ( GEOMETRIC_REPRESENTATION_CONTEXT(2) 
PARAMETRIC_REPRESENTATION_CONTEXT() REPRESENTATION_CONTEXT('2D SPACE',''
  ) );
#7442 = PCURVE('',#7070,#7443);
#7443 = DEFINITIONAL_REPRESENTATION('',(#7444),#7448);
#7444 = LINE('',#7445,#7446);
#7445 = CARTESIAN_POINT('',(24.5,0.));
#7446 = VECTOR('',#7447,1.);
#7447 = DIRECTION('',(0.,1.));
#7448 = ( GEOMETRIC_REPRESENTATION_CONTEXT(2) 
PARAMETRIC_REPRESENTATION_CONTEXT() REPRESENTATION_CONTEXT('2D SPACE',''
  ) );
#7449 = ADVANCED_FACE('',(#7450,#7498,#7524,#7550,#7576,#7602,#7628,
    #7654),#7070,.T.);
#7450 = FACE_BOUND('',#7451,.T.);
#7451 = EDGE_LOOP('',(#7452,#7475,#7476,#7477));
#7452 = ORIENTED_EDGE('',*,*,#7453,.F.);
#7453 = EDGE_CURVE('',#7027,#7454,#7456,.T.);
#7454 = VERTEX_POINT('',#7455);
#7455 = CARTESIAN_POINT('',(105.25,80.,2.75));
#7456 = SURFACE_CURVE('',#7457,(#7461,#7468),.PCURVE_S1.);
#7457 = LINE('',#7458,#7459);
#7458 = CARTESIAN_POINT('',(2.75,80.,2.75));
#7459 = VECTOR('',#7460,1.);
#7460 = DIRECTION('',(1.,0.,0.));
#7461 = PCURVE('',#7070,#7462);
#7462 = DEFINITIONAL_REPRESENTATION('',(#7463),#7467);
#7463 = LINE('',#7464,#7465);
#7464 = CARTESIAN_POINT('',(0.,0.));
#7465 = VECTOR('',#7466,1.);
#7466 = DIRECTION('',(0.,1.));
#7467 = ( GEOMETRIC_REPRESENTATION_CONTEXT(2) 
PARAMETRIC_REPRESENTATION_CONTEXT() REPRESENTATION_CONTEXT('2D SPACE',''
  ) );
#7468 = PCURVE('',#7042,#7469);
#7469 = DEFINITIONAL_REPRESENTATION('',(#7470),#7474);
#7470 = LINE('',#7471,#7472);
#7471 = CARTESIAN_POINT('',(0.,2.5));
#7472 = VECTOR('',#7473,1.);
#7473 = DIRECTION('',(1.,0.));
#7474 = ( GEOMETRIC_REPRESENTATION_CONTEXT(2) 
PARAMETRIC_REPRESENTATION_CONTEXT() REPRESENTATION_CONTEXT('2D SPACE',''
  ) );
#7475 = ORIENTED_EDGE('',*,*,#7054,.T.);
#7476 = ORIENTED_EDGE('',*,*,#7429,.T.);
#7477 = ORIENTED_EDGE('',*,*,#7478,.F.);
#7478 = EDGE_CURVE('',#7454,#7407,#7479,.T.);
#7479 = SURFACE_CURVE('',#7480,(#7484,#7491),.PCURVE_S1.);
#7480 = LINE('',#7481,#7482);
#7481 = CARTESIAN_POINT('',(105.25,80.,2.75));
#7482 = VECTOR('',#7483,1.);
#7483 = DIRECTION('',(0.,0.,1.));
#7484 = PCURVE('',#7070,#7485);
#7485 = DEFINITIONAL_REPRESENTATION('',(#7486),#7490);
#7486 = LINE('',#7487,#7488);
#7487 = CARTESIAN_POINT('',(0.,102.5));
#7488 = VECTOR('',#7489,1.);
#7489 = DIRECTION('',(1.,0.));
#7490 = ( GEOMETRIC_REPRESENTATION_CONTEXT(2) 
PARAMETRIC_REPRESENTATION_CONTEXT() REPRESENTATION_CONTEXT('2D SPACE',''
  ) );
#7491 = PCURVE('',#7172,#7492);
#7492 = DEFINITIONAL_REPRESENTATION('',(#7493),#7497);
#7493 = LINE('',#7494,#7495);
#7494 = CARTESIAN_POINT('',(0.,-2.5));
#7495 = VECTOR('',#7496,1.);
#7496 = DIRECTION('',(1.,0.));
#7497 = ( GEOMETRIC_REPRESENTATION_CONTEXT(2) 
PARAMETRIC_REPRESENTATION_CONTEXT() REPRESENTATION_CONTEXT('2D SPACE',''
  ) );
#7498 = FACE_BOUND('',#7499,.T.);
#7499 = EDGE_LOOP('',(#7500));
#7500 = ORIENTED_EDGE('',*,*,#7501,.F.);
#7501 = EDGE_CURVE('',#7502,#7502,#7504,.T.);
#7502 = VERTEX_POINT('',#7503);
#7503 = CARTESIAN_POINT('',(5.5,80.,7.1));
#7504 = SURFACE_CURVE('',#7505,(#7510,#7517),.PCURVE_S1.);
#7505 = CIRCLE('',#7506,1.6);
#7506 = AXIS2_PLACEMENT_3D('',#7507,#7508,#7509);
#7507 = CARTESIAN_POINT('',(5.5,80.,5.5));
#7508 = DIRECTION('',(0.,1.,0.));
#7509 = DIRECTION('',(0.,-0.,1.));
#7510 = PCURVE('',#7070,#7511);
#7511 = DEFINITIONAL_REPRESENTATION('',(#7512),#7516);
#7512 = CIRCLE('',#7513,1.6);
#7513 = AXIS2_PLACEMENT_2D('',#7514,#7515);
#7514 = CARTESIAN_POINT('',(2.75,2.75));
#7515 = DIRECTION('',(1.,0.));
#7516 = ( GEOMETRIC_REPRESENTATION_CONTEXT(2) 
PARAMETRIC_REPRESENTATION_CONTEXT() REPRESENTATION_CONTEXT('2D SPACE',''
  ) );
#7517 = PCURVE('',#7203,#7518);
#7518 = DEFINITIONAL_REPRESENTATION('',(#7519),#7523);
#7519 = LINE('',#7520,#7521);
#7520 = CARTESIAN_POINT('',(0.,3.5));
#7521 = VECTOR('',#7522,1.);
#7522 = DIRECTION('',(1.,0.));
#7523 = ( GEOMETRIC_REPRESENTATION_CONTEXT(2) 
PARAMETRIC_REPRESENTATION_CONTEXT() REPRESENTATION_CONTEXT('2D SPACE',''
  ) );
#7524 = FACE_BOUND('',#7525,.T.);
#7525 = EDGE_LOOP('',(#7526));
#7526 = ORIENTED_EDGE('',*,*,#7527,.F.);
#7527 = EDGE_CURVE('',#7528,#7528,#7530,.T.);
#7528 = VERTEX_POINT('',#7529);
#7529 = CARTESIAN_POINT('',(22.,80.,20.));
#7530 = SURFACE_CURVE('',#7531,(#7536,#7543),.PCURVE_S1.);
#7531 = CIRCLE('',#7532,5.);
#7532 = AXIS2_PLACEMENT_3D('',#7533,#7534,#7535);
#7533 = CARTESIAN_POINT('',(22.,80.,15.));
#7534 = DIRECTION('',(0.,1.,0.));
#7535 = DIRECTION('',(0.,-0.,1.));
#7536 = PCURVE('',#7070,#7537);
#7537 = DEFINITIONAL_REPRESENTATION('',(#7538),#7542);
#7538 = CIRCLE('',#7539,5.);
#7539 = AXIS2_PLACEMENT_2D('',#7540,#7541);
#7540 = CARTESIAN_POINT('',(12.25,19.25));
#7541 = DIRECTION('',(1.,0.));
#7542 = ( GEOMETRIC_REPRESENTATION_CONTEXT(2) 
PARAMETRIC_REPRESENTATION_CONTEXT() REPRESENTATION_CONTEXT('2D SPACE',''
  ) );
#7543 = PCURVE('',#7234,#7544);
#7544 = DEFINITIONAL_REPRESENTATION('',(#7545),#7549);
#7545 = LINE('',#7546,#7547);
#7546 = CARTESIAN_POINT('',(0.,3.5));
#7547 = VECTOR('',#7548,1.);
#7548 = DIRECTION('',(1.,0.));
#7549 = ( GEOMETRIC_REPRESENTATION_CONTEXT(2) 
PARAMETRIC_REPRESENTATION_CONTEXT() REPRESENTATION_CONTEXT('2D SPACE',''
  ) );
#7550 = FACE_BOUND('',#7551,.T.);
#7551 = EDGE_LOOP('',(#7552));
#7552 = ORIENTED_EDGE('',*,*,#7553,.F.);
#7553 = EDGE_CURVE('',#7554,#7554,#7556,.T.);
#7554 = VERTEX_POINT('',#7555);
#7555 = CARTESIAN_POINT('',(5.5,80.,26.1));
#7556 = SURFACE_CURVE('',#7557,(#7562,#7569),.PCURVE_S1.);
#7557 = CIRCLE('',#7558,1.6);
#7558 = AXIS2_PLACEMENT_3D('',#7559,#7560,#7561);
#7559 = CARTESIAN_POINT('',(5.5,80.,24.5));
#7560 = DIRECTION('',(0.,1.,0.));
#7561 = DIRECTION('',(0.,-0.,1.));
#7562 = PCURVE('',#7070,#7563);
#7563 = DEFINITIONAL_REPRESENTATION('',(#7564),#7568);
#7564 = CIRCLE('',#7565,1.6);
#7565 = AXIS2_PLACEMENT_2D('',#7566,#7567);
#7566 = CARTESIAN_POINT('',(21.75,2.75));
#7567 = DIRECTION('',(1.,0.));
#7568 = ( GEOMETRIC_REPRESENTATION_CONTEXT(2) 
PARAMETRIC_REPRESENTATION_CONTEXT() REPRESENTATION_CONTEXT('2D SPACE',''
  ) );
#7569 = PCURVE('',#7265,#7570);
#7570 = DEFINITIONAL_REPRESENTATION('',(#7571),#7575);
#7571 = LINE('',#7572,#7573);
#7572 = CARTESIAN_POINT('',(0.,3.5));
#7573 = VECTOR('',#7574,1.);
#7574 = DIRECTION('',(1.,0.));
#7575 = ( GEOMETRIC_REPRESENTATION_CONTEXT(2) 
PARAMETRIC_REPRESENTATION_CONTEXT() REPRESENTATION_CONTEXT('2D SPACE',''
  ) );
#7576 = FACE_BOUND('',#7577,.T.);
#7577 = EDGE_LOOP('',(#7578));
#7578 = ORIENTED_EDGE('',*,*,#7579,.F.);
#7579 = EDGE_CURVE('',#7580,#7580,#7582,.T.);
#7580 = VERTEX_POINT('',#7581);
#7581 = CARTESIAN_POINT('',(54.,80.,20.));
#7582 = SURFACE_CURVE('',#7583,(#7588,#7595),.PCURVE_S1.);
#7583 = CIRCLE('',#7584,5.);
#7584 = AXIS2_PLACEMENT_3D('',#7585,#7586,#7587);
#7585 = CARTESIAN_POINT('',(54.,80.,15.));
#7586 = DIRECTION('',(0.,1.,0.));
#7587 = DIRECTION('',(0.,-0.,1.));
#7588 = PCURVE('',#7070,#7589);
#7589 = DEFINITIONAL_REPRESENTATION('',(#7590),#7594);
#7590 = CIRCLE('',#7591,5.);
#7591 = AXIS2_PLACEMENT_2D('',#7592,#7593);
#7592 = CARTESIAN_POINT('',(12.25,51.25));
#7593 = DIRECTION('',(1.,0.));
#7594 = ( GEOMETRIC_REPRESENTATION_CONTEXT(2) 
PARAMETRIC_REPRESENTATION_CONTEXT() REPRESENTATION_CONTEXT('2D SPACE',''
  ) );
#7595 = PCURVE('',#7296,#7596);
#7596 = DEFINITIONAL_REPRESENTATION('',(#7597),#7601);
#7597 = LINE('',#7598,#7599);
#7598 = CARTESIAN_POINT('',(0.,3.5));
#7599 = VECTOR('',#7600,1.);
#7600 = DIRECTION('',(1.,0.));
#7601 = ( GEOMETRIC_REPRESENTATION_CONTEXT(2) 
PARAMETRIC_REPRESENTATION_CONTEXT() REPRESENTATION_CONTEXT('2D SPACE',''
  ) );
#7602 = FACE_BOUND('',#7603,.T.);
#7603 = EDGE_LOOP('',(#7604));
#7604 = ORIENTED_EDGE('',*,*,#7605,.F.);
#7605 = EDGE_CURVE('',#7606,#7606,#7608,.T.);
#7606 = VERTEX_POINT('',#7607);
#7607 = CARTESIAN_POINT('',(102.5,80.,7.1));
#7608 = SURFACE_CURVE('',#7609,(#7614,#7621),.PCURVE_S1.);
#7609 = CIRCLE('',#7610,1.6);
#7610 = AXIS2_PLACEMENT_3D('',#7611,#7612,#7613);
#7611 = CARTESIAN_POINT('',(102.5,80.,5.5));
#7612 = DIRECTION('',(0.,1.,0.));
#7613 = DIRECTION('',(0.,-0.,1.));
#7614 = PCURVE('',#7070,#7615);
#7615 = DEFINITIONAL_REPRESENTATION('',(#7616),#7620);
#7616 = CIRCLE('',#7617,1.6);
#7617 = AXIS2_PLACEMENT_2D('',#7618,#7619);
#7618 = CARTESIAN_POINT('',(2.75,99.75));
#7619 = DIRECTION('',(1.,0.));
#7620 = ( GEOMETRIC_REPRESENTATION_CONTEXT(2) 
PARAMETRIC_REPRESENTATION_CONTEXT() REPRESENTATION_CONTEXT('2D SPACE',''
  ) );
#7621 = PCURVE('',#7327,#7622);
#7622 = DEFINITIONAL_REPRESENTATION('',(#7623),#7627);
#7623 = LINE('',#7624,#7625);
#7624 = CARTESIAN_POINT('',(0.,3.5));
#7625 = VECTOR('',#7626,1.);
#7626 = DIRECTION('',(1.,0.));
#7627 = ( GEOMETRIC_REPRESENTATION_CONTEXT(2) 
PARAMETRIC_REPRESENTATION_CONTEXT() REPRESENTATION_CONTEXT('2D SPACE',''
  ) );
#7628 = FACE_BOUND('',#7629,.T.);
#7629 = EDGE_LOOP('',(#7630));
#7630 = ORIENTED_EDGE('',*,*,#7631,.F.);
#7631 = EDGE_CURVE('',#7632,#7632,#7634,.T.);
#7632 = VERTEX_POINT('',#7633);
#7633 = CARTESIAN_POINT('',(86.,80.,21.));
#7634 = SURFACE_CURVE('',#7635,(#7640,#7647),.PCURVE_S1.);
#7635 = CIRCLE('',#7636,6.);
#7636 = AXIS2_PLACEMENT_3D('',#7637,#7638,#7639);
#7637 = CARTESIAN_POINT('',(86.,80.,15.));
#7638 = DIRECTION('',(0.,1.,0.));
#7639 = DIRECTION('',(0.,-0.,1.));
#7640 = PCURVE('',#7070,#7641);
#7641 = DEFINITIONAL_REPRESENTATION('',(#7642),#7646);
#7642 = CIRCLE('',#7643,6.);
#7643 = AXIS2_PLACEMENT_2D('',#7644,#7645);
#7644 = CARTESIAN_POINT('',(12.25,83.25));
#7645 = DIRECTION('',(1.,0.));
#7646 = ( GEOMETRIC_REPRESENTATION_CONTEXT(2) 
PARAMETRIC_REPRESENTATION_CONTEXT() REPRESENTATION_CONTEXT('2D SPACE',''
  ) );
#7647 = PCURVE('',#7358,#7648);
#7648 = DEFINITIONAL_REPRESENTATION('',(#7649),#7653);
#7649 = LINE('',#7650,#7651);
#7650 = CARTESIAN_POINT('',(0.,3.5));
#7651 = VECTOR('',#7652,1.);
#7652 = DIRECTION('',(1.,0.));
#7653 = ( GEOMETRIC_REPRESENTATION_CONTEXT(2) 
PARAMETRIC_REPRESENTATION_CONTEXT() REPRESENTATION_CONTEXT('2D SPACE',''
  ) );
#7654 = FACE_BOUND('',#7655,.T.);
#7655 = EDGE_LOOP('',(#7656));
#7656 = ORIENTED_EDGE('',*,*,#7657,.F.);
#7657 = EDGE_CURVE('',#7658,#7658,#7660,.T.);
#7658 = VERTEX_POINT('',#7659);
#7659 = CARTESIAN_POINT('',(102.5,80.,26.1));
#7660 = SURFACE_CURVE('',#7661,(#7666,#7673),.PCURVE_S1.);
#7661 = CIRCLE('',#7662,1.6);
#7662 = AXIS2_PLACEMENT_3D('',#7663,#7664,#7665);
#7663 = CARTESIAN_POINT('',(102.5,80.,24.5));
#7664 = DIRECTION('',(0.,1.,0.));
#7665 = DIRECTION('',(0.,-0.,1.));
#7666 = PCURVE('',#7070,#7667);
#7667 = DEFINITIONAL_REPRESENTATION('',(#7668),#7672);
#7668 = CIRCLE('',#7669,1.6);
#7669 = AXIS2_PLACEMENT_2D('',#7670,#7671);
#7670 = CARTESIAN_POINT('',(21.75,99.75));
#7671 = DIRECTION('',(1.,0.));
#7672 = ( GEOMETRIC_REPRESENTATION_CONTEXT(2) 
PARAMETRIC_REPRESENTATION_CONTEXT() REPRESENTATION_CONTEXT('2D SPACE',''
  ) );
#7673 = PCURVE('',#7389,#7674);
#7674 = DEFINITIONAL_REPRESENTATION('',(#7675),#7679);
#7675 = LINE('',#7676,#7677);
#7676 = CARTESIAN_POINT('',(0.,3.5));
#7677 = VECTOR('',#7678,1.);
#7678 = DIRECTION('',(1.,0.));
#7679 = ( GEOMETRIC_REPRESENTATION_CONTEXT(2) 
PARAMETRIC_REPRESENTATION_CONTEXT() REPRESENTATION_CONTEXT('2D SPACE',''
  ) );
#7680 = ADVANCED_FACE('',(#7681),#7042,.F.);
#7681 = FACE_BOUND('',#7682,.F.);
#7682 = EDGE_LOOP('',(#7683,#7684,#7685,#7706));
#7683 = ORIENTED_EDGE('',*,*,#7026,.F.);
#7684 = ORIENTED_EDGE('',*,*,#7111,.T.);
#7685 = ORIENTED_EDGE('',*,*,#7686,.T.);
#7686 = EDGE_CURVE('',#7112,#7454,#7687,.T.);
#7687 = SURFACE_CURVE('',#7688,(#7692,#7699),.PCURVE_S1.);
#7688 = LINE('',#7689,#7690);
#7689 = CARTESIAN_POINT('',(105.25,77.5,2.75));
#7690 = VECTOR('',#7691,1.);
#7691 = DIRECTION('',(0.,1.,0.));
#7692 = PCURVE('',#7042,#7693);
#7693 = DEFINITIONAL_REPRESENTATION('',(#7694),#7698);
#7694 = LINE('',#7695,#7696);
#7695 = CARTESIAN_POINT('',(102.5,0.));
#7696 = VECTOR('',#7697,1.);
#7697 = DIRECTION('',(0.,1.));
#7698 = ( GEOMETRIC_REPRESENTATION_CONTEXT(2) 
PARAMETRIC_REPRESENTATION_CONTEXT() REPRESENTATION_CONTEXT('2D SPACE',''
  ) );
#7699 = PCURVE('',#7172,#7700);
#7700 = DEFINITIONAL_REPRESENTATION('',(#7701),#7705);
#7701 = LINE('',#7702,#7703);
#7702 = CARTESIAN_POINT('',(0.,0.));
#7703 = VECTOR('',#7704,1.);
#7704 = DIRECTION('',(0.,-1.));
#7705 = ( GEOMETRIC_REPRESENTATION_CONTEXT(2) 
PARAMETRIC_REPRESENTATION_CONTEXT() REPRESENTATION_CONTEXT('2D SPACE',''
  ) );
#7706 = ORIENTED_EDGE('',*,*,#7453,.F.);
#7707 = ADVANCED_FACE('',(#7708),#7172,.T.);
#7708 = FACE_BOUND('',#7709,.T.);
#7709 = EDGE_LOOP('',(#7710,#7711,#7712,#7713));
#7710 = ORIENTED_EDGE('',*,*,#7158,.F.);
#7711 = ORIENTED_EDGE('',*,*,#7686,.T.);
#7712 = ORIENTED_EDGE('',*,*,#7478,.T.);
#7713 = ORIENTED_EDGE('',*,*,#7406,.F.);
#7714 = ADVANCED_FACE('',(#7715),#7203,.F.);
#7715 = FACE_BOUND('',#7716,.F.);
#7716 = EDGE_LOOP('',(#7717,#7718,#7739,#7740));
#7717 = ORIENTED_EDGE('',*,*,#7501,.F.);
#7718 = ORIENTED_EDGE('',*,*,#7719,.F.);
#7719 = EDGE_CURVE('',#7187,#7502,#7720,.T.);
#7720 = SEAM_CURVE('',#7721,(#7725,#7732),.PCURVE_S1.);
#7721 = LINE('',#7722,#7723);
#7722 = CARTESIAN_POINT('',(5.5,76.5,7.1));
#7723 = VECTOR('',#7724,1.);
#7724 = DIRECTION('',(0.,1.,0.));
#7725 = PCURVE('',#7203,#7726);
#7726 = DEFINITIONAL_REPRESENTATION('',(#7727),#7731);
#7727 = LINE('',#7728,#7729);
#7728 = CARTESIAN_POINT('',(6.28318530718,-0.));
#7729 = VECTOR('',#7730,1.);
#7730 = DIRECTION('',(0.,1.));
#7731 = ( GEOMETRIC_REPRESENTATION_CONTEXT(2) 
PARAMETRIC_REPRESENTATION_CONTEXT() REPRESENTATION_CONTEXT('2D SPACE',''
  ) );
#7732 = PCURVE('',#7203,#7733);
#7733 = DEFINITIONAL_REPRESENTATION('',(#7734),#7738);
#7734 = LINE('',#7735,#7736);
#7735 = CARTESIAN_POINT('',(0.,-0.));
#7736 = VECTOR('',#7737,1.);
#7737 = DIRECTION('',(0.,1.));
#7738 = ( GEOMETRIC_REPRESENTATION_CONTEXT(2) 
PARAMETRIC_REPRESENTATION_CONTEXT() REPRESENTATION_CONTEXT('2D SPACE',''
  ) );
#7739 = ORIENTED_EDGE('',*,*,#7186,.T.);
#7740 = ORIENTED_EDGE('',*,*,#7719,.T.);
#7741 = ADVANCED_FACE('',(#7742),#7234,.F.);
#7742 = FACE_BOUND('',#7743,.F.);
#7743 = EDGE_LOOP('',(#7744,#7745,#7766,#7767));
#7744 = ORIENTED_EDGE('',*,*,#7527,.F.);
#7745 = ORIENTED_EDGE('',*,*,#7746,.F.);
#7746 = EDGE_CURVE('',#7218,#7528,#7747,.T.);
#7747 = SEAM_CURVE('',#7748,(#7752,#7759),.PCURVE_S1.);
#7748 = LINE('',#7749,#7750);
#7749 = CARTESIAN_POINT('',(22.,76.5,20.));
#7750 = VECTOR('',#7751,1.);
#7751 = DIRECTION('',(0.,1.,0.));
#7752 = PCURVE('',#7234,#7753);
#7753 = DEFINITIONAL_REPRESENTATION('',(#7754),#7758);
#7754 = LINE('',#7755,#7756);
#7755 = CARTESIAN_POINT('',(6.28318530718,-0.));
#7756 = VECTOR('',#7757,1.);
#7757 = DIRECTION('',(0.,1.));
#7758 = ( GEOMETRIC_REPRESENTATION_CONTEXT(2) 
PARAMETRIC_REPRESENTATION_CONTEXT() REPRESENTATION_CONTEXT('2D SPACE',''
  ) );
#7759 = PCURVE('',#7234,#7760);
#7760 = DEFINITIONAL_REPRESENTATION('',(#7761),#7765);
#7761 = LINE('',#7762,#7763);
#7762 = CARTESIAN_POINT('',(0.,-0.));
#7763 = VECTOR('',#7764,1.);
#7764 = DIRECTION('',(0.,1.));
#7765 = ( GEOMETRIC_REPRESENTATION_CONTEXT(2) 
PARAMETRIC_REPRESENTATION_CONTEXT() REPRESENTATION_CONTEXT('2D SPACE',''
  ) );
#7766 = ORIENTED_EDGE('',*,*,#7217,.T.);
#7767 = ORIENTED_EDGE('',*,*,#7746,.T.);
#7768 = ADVANCED_FACE('',(#7769),#7265,.F.);
#7769 = FACE_BOUND('',#7770,.F.);
#7770 = EDGE_LOOP('',(#7771,#7772,#7793,#7794));
#7771 = ORIENTED_EDGE('',*,*,#7553,.F.);
#7772 = ORIENTED_EDGE('',*,*,#7773,.F.);
#7773 = EDGE_CURVE('',#7249,#7554,#7774,.T.);
#7774 = SEAM_CURVE('',#7775,(#7779,#7786),.PCURVE_S1.);
#7775 = LINE('',#7776,#7777);
#7776 = CARTESIAN_POINT('',(5.5,76.5,26.1));
#7777 = VECTOR('',#7778,1.);
#7778 = DIRECTION('',(0.,1.,0.));
#7779 = PCURVE('',#7265,#7780);
#7780 = DEFINITIONAL_REPRESENTATION('',(#7781),#7785);
#7781 = LINE('',#7782,#7783);
#7782 = CARTESIAN_POINT('',(6.28318530718,-0.));
#7783 = VECTOR('',#7784,1.);
#7784 = DIRECTION('',(0.,1.));
#7785 = ( GEOMETRIC_REPRESENTATION_CONTEXT(2) 
PARAMETRIC_REPRESENTATION_CONTEXT() REPRESENTATION_CONTEXT('2D SPACE',''
  ) );
#7786 = PCURVE('',#7265,#7787);
#7787 = DEFINITIONAL_REPRESENTATION('',(#7788),#7792);
#7788 = LINE('',#7789,#7790);
#7789 = CARTESIAN_POINT('',(0.,-0.));
#7790 = VECTOR('',#7791,1.);
#7791 = DIRECTION('',(0.,1.));
#7792 = ( GEOMETRIC_REPRESENTATION_CONTEXT(2) 
PARAMETRIC_REPRESENTATION_CONTEXT() REPRESENTATION_CONTEXT('2D SPACE',''
  ) );
#7793 = ORIENTED_EDGE('',*,*,#7248,.T.);
#7794 = ORIENTED_EDGE('',*,*,#7773,.T.);
#7795 = ADVANCED_FACE('',(#7796),#7296,.F.);
#7796 = FACE_BOUND('',#7797,.F.);
#7797 = EDGE_LOOP('',(#7798,#7799,#7820,#7821));
#7798 = ORIENTED_EDGE('',*,*,#7579,.F.);
#7799 = ORIENTED_EDGE('',*,*,#7800,.F.);
#7800 = EDGE_CURVE('',#7280,#7580,#7801,.T.);
#7801 = SEAM_CURVE('',#7802,(#7806,#7813),.PCURVE_S1.);
#7802 = LINE('',#7803,#7804);
#7803 = CARTESIAN_POINT('',(54.,76.5,20.));
#7804 = VECTOR('',#7805,1.);
#7805 = DIRECTION('',(0.,1.,0.));
#7806 = PCURVE('',#7296,#7807);
#7807 = DEFINITIONAL_REPRESENTATION('',(#7808),#7812);
#7808 = LINE('',#7809,#7810);
#7809 = CARTESIAN_POINT('',(6.28318530718,-0.));
#7810 = VECTOR('',#7811,1.);
#7811 = DIRECTION('',(0.,1.));
#7812 = ( GEOMETRIC_REPRESENTATION_CONTEXT(2) 
PARAMETRIC_REPRESENTATION_CONTEXT() REPRESENTATION_CONTEXT('2D SPACE',''
  ) );
#7813 = PCURVE('',#7296,#7814);
#7814 = DEFINITIONAL_REPRESENTATION('',(#7815),#7819);
#7815 = LINE('',#7816,#7817);
#7816 = CARTESIAN_POINT('',(0.,-0.));
#7817 = VECTOR('',#7818,1.);
#7818 = DIRECTION('',(0.,1.));
#7819 = ( GEOMETRIC_REPRESENTATION_CONTEXT(2) 
PARAMETRIC_REPRESENTATION_CONTEXT() REPRESENTATION_CONTEXT('2D SPACE',''
  ) );
#7820 = ORIENTED_EDGE('',*,*,#7279,.T.);
#7821 = ORIENTED_EDGE('',*,*,#7800,.T.);
#7822 = ADVANCED_FACE('',(#7823),#7327,.F.);
#7823 = FACE_BOUND('',#7824,.F.);
#7824 = EDGE_LOOP('',(#7825,#7826,#7847,#7848));
#7825 = ORIENTED_EDGE('',*,*,#7605,.F.);
#7826 = ORIENTED_EDGE('',*,*,#7827,.F.);
#7827 = EDGE_CURVE('',#7311,#7606,#7828,.T.);
#7828 = SEAM_CURVE('',#7829,(#7833,#7840),.PCURVE_S1.);
#7829 = LINE('',#7830,#7831);
#7830 = CARTESIAN_POINT('',(102.5,76.5,7.1));
#7831 = VECTOR('',#7832,1.);
#7832 = DIRECTION('',(0.,1.,0.));
#7833 = PCURVE('',#7327,#7834);
#7834 = DEFINITIONAL_REPRESENTATION('',(#7835),#7839);
#7835 = LINE('',#7836,#7837);
#7836 = CARTESIAN_POINT('',(6.28318530718,-0.));
#7837 = VECTOR('',#7838,1.);
#7838 = DIRECTION('',(0.,1.));
#7839 = ( GEOMETRIC_REPRESENTATION_CONTEXT(2) 
PARAMETRIC_REPRESENTATION_CONTEXT() REPRESENTATION_CONTEXT('2D SPACE',''
  ) );
#7840 = PCURVE('',#7327,#7841);
#7841 = DEFINITIONAL_REPRESENTATION('',(#7842),#7846);
#7842 = LINE('',#7843,#7844);
#7843 = CARTESIAN_POINT('',(0.,-0.));
#7844 = VECTOR('',#7845,1.);
#7845 = DIRECTION('',(0.,1.));
#7846 = ( GEOMETRIC_REPRESENTATION_CONTEXT(2) 
PARAMETRIC_REPRESENTATION_CONTEXT() REPRESENTATION_CONTEXT('2D SPACE',''
  ) );
#7847 = ORIENTED_EDGE('',*,*,#7310,.T.);
#7848 = ORIENTED_EDGE('',*,*,#7827,.T.);
#7849 = ADVANCED_FACE('',(#7850),#7358,.F.);
#7850 = FACE_BOUND('',#7851,.F.);
#7851 = EDGE_LOOP('',(#7852,#7853,#7874,#7875));
#7852 = ORIENTED_EDGE('',*,*,#7631,.F.);
#7853 = ORIENTED_EDGE('',*,*,#7854,.F.);
#7854 = EDGE_CURVE('',#7342,#7632,#7855,.T.);
#7855 = SEAM_CURVE('',#7856,(#7860,#7867),.PCURVE_S1.);
#7856 = LINE('',#7857,#7858);
#7857 = CARTESIAN_POINT('',(86.,76.5,21.));
#7858 = VECTOR('',#7859,1.);
#7859 = DIRECTION('',(0.,1.,0.));
#7860 = PCURVE('',#7358,#7861);
#7861 = DEFINITIONAL_REPRESENTATION('',(#7862),#7866);
#7862 = LINE('',#7863,#7864);
#7863 = CARTESIAN_POINT('',(6.28318530718,-0.));
#7864 = VECTOR('',#7865,1.);
#7865 = DIRECTION('',(0.,1.));
#7866 = ( GEOMETRIC_REPRESENTATION_CONTEXT(2) 
PARAMETRIC_REPRESENTATION_CONTEXT() REPRESENTATION_CONTEXT('2D SPACE',''
  ) );
#7867 = PCURVE('',#7358,#7868);
#7868 = DEFINITIONAL_REPRESENTATION('',(#7869),#7873);
#7869 = LINE('',#7870,#7871);
#7870 = CARTESIAN_POINT('',(0.,-0.));
#7871 = VECTOR('',#7872,1.);
#7872 = DIRECTION('',(0.,1.));
#7873 = ( GEOMETRIC_REPRESENTATION_CONTEXT(2) 
PARAMETRIC_REPRESENTATION_CONTEXT() REPRESENTATION_CONTEXT('2D SPACE',''
  ) );
#7874 = ORIENTED_EDGE('',*,*,#7341,.T.);
#7875 = ORIENTED_EDGE('',*,*,#7854,.T.);
#7876 = ADVANCED_FACE('',(#7877),#7389,.F.);
#7877 = FACE_BOUND('',#7878,.F.);
#7878 = EDGE_LOOP('',(#7879,#7880,#7901,#7902));
#7879 = ORIENTED_EDGE('',*,*,#7657,.F.);
#7880 = ORIENTED_EDGE('',*,*,#7881,.F.);
#7881 = EDGE_CURVE('',#7373,#7658,#7882,.T.);
#7882 = SEAM_CURVE('',#7883,(#7887,#7894),.PCURVE_S1.);
#7883 = LINE('',#7884,#7885);
#7884 = CARTESIAN_POINT('',(102.5,76.5,26.1));
#7885 = VECTOR('',#7886,1.);
#7886 = DIRECTION('',(0.,1.,0.));
#7887 = PCURVE('',#7389,#7888);
#7888 = DEFINITIONAL_REPRESENTATION('',(#7889),#7893);
#7889 = LINE('',#7890,#7891);
#7890 = CARTESIAN_POINT('',(6.28318530718,-0.));
#7891 = VECTOR('',#7892,1.);
#7892 = DIRECTION('',(0.,1.));
#7893 = ( GEOMETRIC_REPRESENTATION_CONTEXT(2) 
PARAMETRIC_REPRESENTATION_CONTEXT() REPRESENTATION_CONTEXT('2D SPACE',''
  ) );
#7894 = PCURVE('',#7389,#7895);
#7895 = DEFINITIONAL_REPRESENTATION('',(#7896),#7900);
#7896 = LINE('',#7897,#7898);
#7897 = CARTESIAN_POINT('',(0.,-0.));
#7898 = VECTOR('',#7899,1.);
#7899 = DIRECTION('',(0.,1.));
#7900 = ( GEOMETRIC_REPRESENTATION_CONTEXT(2) 
PARAMETRIC_REPRESENTATION_CONTEXT() REPRESENTATION_CONTEXT('2D SPACE',''
  ) );
#7901 = ORIENTED_EDGE('',*,*,#7372,.T.);
#7902 = ORIENTED_EDGE('',*,*,#7881,.T.);
#7903 = ( GEOMETRIC_REPRESENTATION_CONTEXT(3) 
GLOBAL_UNCERTAINTY_ASSIGNED_CONTEXT((#7907)) 
GLOBAL_UNIT_ASSIGNED_CONTEXT((#7904,#7905,#7906)) REPRESENTATION_CONTEXT
('Context #1','3D Context with UNIT and UNCERTAINTY') );
#7904 = ( LENGTH_UNIT() NAMED_UNIT(*) SI_UNIT(.MILLI.,.METRE.) );
#7905 = ( NAMED_UNIT(*) PLANE_ANGLE_UNIT() SI_UNIT($,.RADIAN.) );
#7906 = ( NAMED_UNIT(*) SI_UNIT($,.STERADIAN.) SOLID_ANGLE_UNIT() );
#7907 = UNCERTAINTY_MEASURE_WITH_UNIT(LENGTH_MEASURE(1.E-07),#7904,
  'distance_accuracy_value','confusion accuracy');
#7908 = CONTEXT_DEPENDENT_SHAPE_REPRESENTATION(#7909,#7911);
#7909 = ( REPRESENTATION_RELATIONSHIP('','',#6984,#10) 
REPRESENTATION_RELATIONSHIP_WITH_TRANSFORMATION(#7910) 
SHAPE_REPRESENTATION_RELATIONSHIP() );
#7910 = ITEM_DEFINED_TRANSFORMATION('','',#11,#23);
#7911 = PRODUCT_DEFINITION_SHAPE('Placement','Placement of an item',
  #7912);
#7912 = NEXT_ASSEMBLY_USAGE_OCCURRENCE('3','rear_panel','',#5,#6979,$);
#7913 = PRODUCT_RELATED_PRODUCT_CATEGORY('part',$,(#6981));
ENDSEC;
END-ISO-10303-21;
